customer_id,age,income,tenure_days,avg_spend,purchase_frequency,total_transactions,true_propensity,treatment,true_uplift,baseline_spend,outcome,predicted_cate
1,60,73000.0,305,22.95,0.885,9,0.4767,1,55,89.58,145.4,54.165864284442
2,37,87400.0,100,18.64,0.9,3,0.5014,1,95,71.55,156.99,94.29406995981424
3,68,93100.0,166,19.02,0.181,1,0.5568,0,95,11.85,12.56,93.63170074605337
4,71,58700.0,352,26.1,0.256,3,0.4045,0,55,23.88,20.21,55.56375513513949
5,22,62500.0,216,19.1,1.389,10,0.3864,0,55,104.84,89.19,54.90584064562718
6,33,30000.0,30,8.9,1.0,1,0.1834,0,95,29.76,26.36,96.34929154849361
7,57,67500.0,368,24.89,0.815,10,0.4625,0,55,83.34,90.79,53.93801850127665
8,50,47300.0,449,14.23,0.735,11,0.3667,1,55,19.46,71.69,54.0026482900219
9,55,61100.0,94,9.27,0.957,3,0.3432,0,95,31.18,16.05,97.70787247887094
10,40,30000.0,929,8.83,0.646,20,0.4074,0,55,23.36,40.62,54.68723949138824
11,70,76500.0,266,18.89,0.902,8,0.486,1,55,88.17,133.24,54.79421854551577
12,68,32000.0,45,15.9,1.333,2,0.1938,0,95,84.81,88.54,94.81299503947076
13,56,68300.0,91,21.1,3.626,11,0.3833,1,95,306.36,409.72,85.5928108403386
14,74,43000.0,290,22.59,0.828,8,0.2994,0,55,68.15,72.37,54.65288079370996
15,63,48800.0,48,16.13,3.125,5,0.2672,0,95,215.38,213.06,85.88700808752323
16,40,86200.0,233,20.6,0.129,1,0.5354,0,55,4.12,0.0,55.02047825032583
17,61,78500.0,831,28.0,0.866,24,0.6674,0,55,113.25,124.98,53.158385777775315
18,39,85900.0,1100,27.78,0.764,28,0.7709,1,55,78.98,122.31,53.36441385667744
19,70,100800.0,719,24.05,0.793,19,0.7514,1,35,83.82,128.54,46.42605462395484
20,54,48600.0,224,18.75,0.804,6,0.3112,1,55,59.85,125.96,54.28588797539259
21,52,95900.0,677,22.01,0.975,22,0.7177,1,55,81.34,124.13,53.302515619573825
22,43,31800.0,470,8.96,0.83,13,0.2887,1,55,37.82,80.46,54.51092036123863
23,76,84900.0,559,33.72,0.644,12,0.6261,1,55,97.49,148.56,54.205938910067914
24,52,54000.0,411,15.39,0.584,8,0.3944,0,55,34.47,43.66,54.30454318682312
25,48,44100.0,93,18.09,1.613,5,0.2557,0,95,116.52,110.55,94.9264831243498
26,49,76700.0,475,13.93,0.821,13,0.5521,1,55,42.45,98.38,53.7241212966102
27,64,86600.0,413,26.67,0.436,6,0.5928,0,55,48.3,43.28,53.88746278004472
28,61,85400.0,535,16.78,0.841,15,0.622,0,55,47.69,55.55,54.32310132001368
29,62,70900.0,60,29.02,0.5,1,0.3893,0,95,36.49,30.14,95.24067433689997
30,62,69200.0,220,29.37,0.955,7,0.4273,0,55,97.23,90.02,54.28875348569982
31,90,83100.0,60,25.29,0.5,1,0.4626,0,95,48.81,38.49,93.82375087324768
32,48,70000.0,35,21.07,0.857,1,0.3768,0,95,63.67,53.04,96.76321936625381
33,46,74600.0,20,20.25,1.5,1,0.3992,0,95,120.56,131.2,96.32451703470062
34,41,66500.0,813,19.74,0.923,25,0.5936,1,55,68.78,120.2,54.39495383533312
35,65,84700.0,361,24.75,0.831,10,0.5656,0,55,76.62,67.11,54.138427491820316
36,74,34600.0,359,15.64,1.086,13,0.2747,0,55,62.75,46.04,55.04392762844675
37,53,61800.0,1100,24.18,0.982,36,0.6504,0,55,102.72,100.01,54.505945335013976
38,41,33100.0,86,10.37,0.698,2,0.2062,0,95,30.84,22.63,96.34711258894156
39,41,68000.0,257,27.84,1.284,11,0.4314,0,55,155.51,145.4,54.56036527768499
40,66,101700.0,315,23.14,0.571,6,0.6514,1,35,53.68,80.94,45.666875080175735
41,68,57600.0,565,14.91,0.956,18,0.4629,1,55,41.74,97.95,55.83624457534258
42,64,69500.0,192,22.24,0.312,2,0.4206,0,55,19.41,7.8,54.79504169923681
43,44,78700.0,320,23.94,0.75,8,0.5164,1,55,72.74,124.68,53.56470345019486
44,59,30000.0,173,5.82,1.04,6,0.2115,0,95,26.15,35.0,96.29491076525281
45,57,54400.0,872,15.75,0.826,24,0.5386,0,55,47.35,41.82,54.487456537164434
46,59,73500.0,355,10.16,0.423,5,0.4953,1,55,10.82,55.18,53.931572753527604
47,70,30000.0,984,11.12,0.671,22,0.4241,1,55,24.98,90.53,55.00696883259368
48,59,45300.0,393,13.63,0.916,12,0.3395,0,55,48.78,47.9,54.23483826812528
49,67,90500.0,630,25.06,0.714,15,0.6774,0,55,71.18,69.43,54.5651574644869
50,56,86300.0,489,19.01,0.491,8,0.6137,0,55,28.55,33.76,54.17035082620295
51,60,73900.0,82,18.33,0.732,2,0.4137,0,95,55.64,54.78,95.52286326811816
52,66,85700.0,114,29.37,0.526,2,0.4953,0,95,63.69,64.39,94.95752778915178
53,30,64500.0,152,30.0,0.789,4,0.3792,1,95,93.8,173.09,95.5487773011623
54,50,75700.0,370,16.75,0.892,11,0.5135,1,55,54.24,100.84,53.76658221449456
55,47,56800.0,760,23.62,0.789,20,0.5186,1,55,79.92,153.54,54.5740061466038
56,44,65200.0,405,21.72,0.593,8,0.4599,0,55,62.11,51.71,54.030792387327935
57,50,50700.0,247,8.91,0.607,5,0.3287,0,55,18.05,18.73,54.06079350148667
58,80,96500.0,85,20.52,1.765,5,0.5525,0,95,139.84,157.26,94.57664994677822
59,40,94000.0,254,8.96,0.591,5,0.589,0,55,24.91,31.78,53.485262536640775
60,71,97200.0,1097,26.2,0.711,26,0.8158,1,55,65.15,123.05,53.36370945026675
61,26,50600.0,412,12.21,0.437,6,0.3749,0,55,11.13,3.11,54.33256599838862
62,49,43800.0,142,17.24,0.634,3,0.2661,0,95,38.53,32.3,93.73949161750504
63,58,92400.0,524,36.71,0.802,14,0.6585,1,55,120.24,172.15,53.70461187129049
64,65,78400.0,53,29.73,0.566,1,0.4319,1,95,60.27,158.64,95.0529931403447
65,67,74300.0,461,17.31,0.521,8,0.5331,0,55,35.92,48.65,53.99375256776734
66,68,54300.0,86,13.1,0.349,1,0.3045,1,95,2.21,98.39,94.93303632557638
67,49,72700.0,5,27.37,5.0,2,0.3836,0,95,552.33,546.63,96.14915289040121
68,47,40600.0,299,11.07,0.201,2,0.2895,0,55,20.42,19.46,55.89772436789701
69,70,81300.0,543,27.15,0.718,13,0.6004,0,55,70.7,75.9,54.44469676286655
70,52,93400.0,553,37.69,0.868,16,0.672,1,55,134.41,192.78,53.561963445140194
71,33,94900.0,726,27.61,0.785,19,0.725,1,55,85.03,137.54,53.17837296385551
72,36,76100.0,268,27.34,0.56,5,0.4842,1,55,62.09,105.89,53.20264172162781
73,39,32800.0,203,20.26,0.887,6,0.2298,0,55,69.92,80.69,54.59000052801809
74,63,70700.0,442,17.82,0.95,14,0.5051,1,55,65.29,117.67,55.10449143564002
75,57,110300.0,761,28.0,0.749,19,0.8009,1,35,77.22,114.68,46.413141280568006
76,67,49200.0,79,12.6,0.38,1,0.2768,0,95,10.41,3.64,94.76805781838215
77,48,62400.0,610,25.81,0.934,19,0.5064,1,55,105.22,153.2,54.71415790613222
78,58,95300.0,952,18.87,0.788,25,0.7791,1,55,46.05,106.02,53.436429747062284
79,66,80200.0,662,25.53,0.725,16,0.629,1,55,73.89,116.22,54.58576202327639
80,50,116100.0,177,33.07,0.169,1,0.6916,1,75,21.84,85.21,94.26078412371855
81,63,51200.0,590,15.22,0.712,14,0.4317,1,55,42.97,113.06,55.09806766305828
82,44,42000.0,187,12.7,0.321,2,0.2684,0,55,21.63,29.89,55.45943702348597
83,49,89500.0,145,22.58,0.207,1,0.5283,1,95,15.73,114.9,93.66812199089976
84,49,38700.0,1100,11.34,0.736,27,0.5131,0,55,38.61,27.88,54.76146122670859
85,35,56900.0,345,19.32,0.609,7,0.3918,0,55,62.95,65.16,54.13874458427652
86,63,65200.0,691,15.2,0.695,16,0.5486,0,55,41.04,40.3,55.632196582461184
87,47,85200.0,274,18.56,0.985,9,0.5419,0,55,56.87,52.45,55.656484653596564
88,55,77900.0,240,24.42,0.875,7,0.4866,1,55,84.33,138.43,53.76936865272891
89,63,76200.0,441,24.52,0.68,10,0.5386,1,55,64.77,105.46,53.9011340792165
90,63,58100.0,621,17.25,0.676,14,0.4833,0,55,49.86,29.17,55.38989074291634
91,66,92700.0,437,15.67,0.686,10,0.6354,0,55,27.05,30.02,53.97543774692473
92,53,120000.0,279,33.85,0.645,6,0.737,1,35,89.93,126.54,45.7302785762489
93,48,78100.0,203,19.47,1.034,7,0.4763,1,55,77.16,134.68,55.165930646824656
94,54,66900.0,173,30.35,0.173,1,0.3994,0,95,27.42,35.12,95.24373562881391
95,26,31900.0,25,14.12,5.0,5,0.1895,0,95,278.25,283.37,93.57442727277707
96,30,46600.0,460,17.67,0.848,13,0.3659,0,55,66.88,81.73,53.96187707739335
97,33,56100.0,378,16.26,0.079,1,0.3969,0,55,0.0,11.79,55.3650316024682
98,38,50400.0,121,18.78,0.744,3,0.2935,0,95,56.03,56.62,93.92226360489526
99,62,66100.0,282,37.3,1.064,10,0.4276,1,55,150.97,207.56,54.3387157119566
100,40,99300.0,530,23.15,0.792,14,0.6971,1,55,69.43,126.68,47.95529003965811
101,49,90000.0,205,29.88,0.585,4,0.5499,1,55,91.68,131.34,53.41550681295705
102,77,66100.0,1100,20.37,0.736,27,0.674,0,55,52.37,61.57,54.94786886586113
103,49,38400.0,74,21.63,0.811,2,0.2258,0,95,67.19,73.04,94.45535964628674
104,68,95700.0,136,14.7,1.324,6,0.5633,0,95,68.7,52.13,94.11817626646754
105,39,60800.0,607,28.84,0.544,11,0.4956,0,55,60.3,75.8,54.17879291677354
106,52,30000.0,592,16.21,0.659,13,0.3113,0,55,41.53,37.25,55.35370094661227
107,39,76800.0,394,20.18,1.142,15,0.5277,1,55,86.31,140.06,54.267630004746266
108,49,85300.0,330,27.31,0.727,8,0.5598,0,55,92.03,90.59,53.55134645653415
109,69,30000.0,87,15.22,2.414,7,0.1942,0,95,156.21,154.49,88.9059603017053
110,26,41900.0,106,10.55,3.396,12,0.2486,0,95,135.74,159.68,91.73795896742227
111,62,64100.0,271,7.5,0.554,5,0.4122,0,55,23.15,20.54,54.32517241746073
112,59,81200.0,129,31.31,0.233,1,0.4723,1,95,25.34,117.1,94.94333630864315
113,45,52200.0,40,16.72,0.75,1,0.2819,0,95,40.33,40.52,94.7890046273311
114,30,42500.0,484,13.31,0.93,15,0.3496,1,55,43.77,90.29,54.617158187733196
115,56,80500.0,1100,19.4,0.845,31,0.7466,1,55,55.52,113.44,53.892193505798886
116,46,53400.0,220,25.33,1.636,12,0.3359,1,55,173.29,220.08,54.59000700953075
117,59,77200.0,209,19.13,0.718,5,0.4726,1,55,47.93,107.94,53.824159172601064
118,55,41700.0,275,19.48,0.873,8,0.2889,0,55,78.33,67.9,54.878031668359085
119,82,42000.0,80,14.63,0.375,1,0.243,1,95,23.07,112.2,94.24898388789589
120,51,80100.0,319,15.74,0.094,1,0.5246,0,55,2.69,0.0,55.58376588103326
121,38,66900.0,408,24.54,0.735,10,0.4712,0,55,68.13,62.81,53.740507161162
122,58,85000.0,80,28.27,0.375,1,0.4804,1,95,56.43,133.56,94.86604388983469
123,59,54600.0,248,14.79,0.968,8,0.3504,1,55,57.35,87.9,55.25287921678317
124,78,52900.0,668,17.75,0.494,11,0.466,1,55,31.04,82.82,55.493273810673045
125,69,96400.0,82,24.95,0.366,1,0.551,0,95,43.35,27.99,93.46172960440715
126,61,34200.0,458,17.36,0.786,12,0.2978,0,55,59.26,76.6,54.63387666909825
127,80,96300.0,302,34.3,0.894,9,0.6168,1,55,114.75,166.16,52.82316036019874
128,35,88700.0,50,21.69,0.6,1,0.4938,1,95,52.1,154.18,94.32115221462125
129,44,80900.0,181,20.48,1.657,10,0.4866,0,55,121.27,124.36,55.62721132559496
130,39,47400.0,184,16.23,1.467,9,0.2944,0,55,94.97,84.34,54.88589394703475
131,48,46500.0,103,12.26,0.291,1,0.2696,0,95,16.78,12.58,94.25605762928409
132,32,56000.0,315,9.79,1.238,13,0.3777,1,55,52.06,114.47,54.461779485346035
133,66,40000.0,17,16.67,5.0,6,0.2203,1,95,325.4,427.16,93.40679339987224
134,51,44000.0,1095,19.24,0.74,27,0.544,1,55,51.04,114.71,54.49892966886927
135,30,73500.0,201,21.04,0.746,5,0.4475,1,55,64.76,113.2,53.24577438426222
136,38,75200.0,236,20.97,0.763,6,0.4687,1,55,74.0,134.85,53.71969930825633
137,60,44000.0,143,12.11,0.42,2,0.2673,0,95,21.08,15.03,94.29863360456567
138,69,82000.0,83,23.56,0.361,1,0.463,0,95,29.56,39.66,94.18139484602439
139,89,81300.0,580,23.04,0.931,18,0.6114,1,55,93.56,158.36,54.87427981816857
140,90,103700.0,255,27.93,0.941,8,0.6456,1,35,106.16,127.42,46.13644520969874
141,62,78400.0,147,23.38,0.408,2,0.4608,1,95,39.59,137.35,94.07697499894192
142,38,83800.0,1034,24.54,0.667,23,0.7464,1,55,71.85,115.9,53.326943242611534
143,19,67800.0,493,26.76,0.609,10,0.5032,0,55,64.42,72.7,54.00739318242556
144,60,86600.0,206,25.85,0.728,5,0.5294,1,55,67.81,111.53,53.0815998265479
145,41,35200.0,739,17.68,0.853,21,0.3815,0,55,59.09,62.31,55.08686248204848
146,48,61000.0,489,10.44,0.613,10,0.4602,1,55,34.5,96.88,54.718924257680925
147,45,62200.0,289,24.6,1.038,10,0.4064,0,55,117.28,117.95,55.38218860080255
148,53,59500.0,722,17.44,0.789,19,0.5234,0,55,45.29,53.91,55.14203371852578
149,73,77900.0,265,22.08,0.792,7,0.4943,0,55,83.05,85.98,54.1537576766997
150,58,78900.0,157,15.47,1.338,7,0.4669,1,95,79.86,190.53,94.7512279894381
151,52,72600.0,578,31.34,0.882,17,0.5589,0,55,110.73,99.71,53.3997004793811
152,37,57700.0,182,6.28,0.165,1,0.3491,0,55,17.74,13.9,55.65044576539455
153,27,43900.0,416,24.03,0.505,7,0.3382,1,55,45.26,81.07,53.906961836279734
154,47,86400.0,508,25.09,0.709,12,0.6199,1,55,68.96,120.99,53.93445210206718
155,54,72100.0,1100,11.29,0.791,29,0.7056,0,55,30.58,18.71,54.977854576613545
156,85,49600.0,832,27.62,0.901,25,0.4967,1,55,99.85,140.98,54.096193417791405
157,57,61300.0,54,21.76,1.111,2,0.3332,1,95,99.2,178.64,96.0583047771281
158,72,31800.0,39,2.98,4.615,6,0.1918,0,95,49.51,44.78,96.43726470130183
159,47,64100.0,667,17.5,0.675,15,0.5345,1,55,58.85,116.39,55.36120185548072
160,35,56800.0,188,21.19,0.479,3,0.3458,0,55,34.62,39.4,53.525727293958525
161,39,49700.0,7,26.02,4.286,1,0.2616,0,95,450.07,460.09,87.99901258424066
162,43,95900.0,442,22.34,0.611,9,0.6549,1,55,54.81,119.25,52.2751470108217
163,90,47700.0,593,3.92,0.911,18,0.4116,0,55,24.23,12.95,55.04058236869912
164,41,77000.0,75,28.85,0.4,1,0.4301,0,95,39.73,32.3,95.120640515849
165,69,113700.0,332,29.55,0.633,7,0.7194,1,35,79.4,116.33,45.658738734140435
166,40,84600.0,568,11.53,0.951,18,0.627,1,55,63.23,120.31,55.09083925340464
167,71,67500.0,88,21.84,0.341,1,0.3778,1,95,18.26,127.06,95.7997458124595
168,62,42600.0,49,18.63,2.449,4,0.2387,1,95,175.29,267.42,86.82084861315957
169,52,35800.0,99,13.75,2.727,9,0.2201,0,95,166.66,174.33,85.92796063726381
170,54,56200.0,471,14.29,0.764,12,0.4255,0,55,42.6,41.17,54.170799027623566
171,44,48400.0,11,14.21,5.0,4,0.2564,0,95,285.11,288.69,93.42515443821127
172,63,51500.0,311,16.1,1.447,15,0.3509,1,55,90.53,149.41,54.72223283281794
173,47,56500.0,199,20.25,0.905,6,0.3472,1,55,86.54,141.32,54.47758617210277
174,34,58700.0,271,22.75,0.775,7,0.3805,0,55,57.62,47.86,53.87196597693577
175,33,70800.0,70,9.88,1.714,4,0.3917,0,95,77.63,80.4,98.46122939163854
176,58,39600.0,175,17.22,1.371,8,0.2541,0,95,82.61,89.05,94.57027302105249
177,82,56100.0,249,20.85,0.723,6,0.3592,0,55,47.76,48.83,54.06330779304652
178,58,62200.0,16,20.18,1.875,1,0.3276,0,95,142.65,115.03,96.6269115635073
179,53,60500.0,34,17.05,5.0,6,0.3234,1,95,339.98,433.21,93.1908627255344
180,60,104600.0,1100,32.79,0.736,27,0.8421,1,35,90.82,132.6,51.00903258136484
181,77,74300.0,10,27.87,5.0,4,0.3944,0,95,551.21,541.41,96.8255709965286
182,59,31900.0,703,12.95,0.768,18,0.3523,1,55,32.36,98.02,55.4230225082092
183,48,72400.0,388,20.44,1.16,15,0.4988,1,55,87.56,136.43,54.52424073407802
184,74,80300.0,4,25.9,5.0,1,0.4284,0,95,510.54,507.34,93.90136398815385
185,62,63800.0,100,25.98,0.3,1,0.3601,1,95,33.05,130.12,95.02954684939048
186,81,44700.0,991,12.63,0.817,27,0.5161,1,55,36.19,81.97,54.520061538067296
187,58,102500.0,9,20.14,3.333,1,0.5656,1,75,247.18,331.3,85.96164116770436
188,34,38300.0,398,17.12,0.754,10,0.3034,0,55,51.34,63.98,54.09230113146126
189,32,74300.0,388,15.53,1.082,14,0.5105,1,55,73.21,117.21,54.123724223592
190,83,74800.0,670,11.5,0.493,11,0.5999,1,55,20.45,73.59,55.22364402586218
191,84,83400.0,459,18.41,0.85,13,0.5876,0,55,52.51,71.44,54.166856176119644
192,52,100200.0,524,27.12,0.973,17,0.7002,0,35,111.51,122.51,46.137727143183554
193,48,75400.0,243,29.08,0.741,6,0.4721,0,55,75.21,59.08,53.96285348593408
194,80,58300.0,204,15.2,0.294,2,0.3587,0,55,15.31,26.98,55.255437989555816
195,36,84400.0,386,22.04,0.699,9,0.5715,1,55,61.45,82.24,53.35671000906683
196,40,48700.0,177,18.08,0.339,2,0.2993,0,95,33.15,39.3,93.2226887940761
197,66,70600.0,246,17.35,0.732,6,0.4438,1,55,55.42,101.85,54.217954109636565
198,48,36400.0,332,11.82,0.633,7,0.2768,0,55,31.84,36.44,54.44589221820406
199,55,43300.0,133,18.17,0.451,2,0.2615,0,95,40.22,42.69,93.894821304646
200,52,65500.0,313,13.84,0.863,9,0.4334,0,55,38.51,39.85,54.52037447420696
201,61,73900.0,104,17.25,2.019,7,0.4203,1,95,151.95,252.81,95.5486481869754
202,79,34000.0,42,14.09,1.429,2,0.201,0,95,56.02,51.06,94.83249997245163
203,57,75800.0,144,22.98,1.667,8,0.444,0,95,164.65,158.66,95.08786127895235
204,66,50000.0,41,9.92,4.39,6,0.2713,0,95,167.47,176.77,94.0519411657893
205,20,84900.0,70,22.08,0.429,1,0.4767,1,95,40.93,135.99,94.532472261878
206,54,57400.0,691,12.16,0.781,18,0.5008,0,55,49.58,43.88,55.03975871741377
207,41,38600.0,278,12.37,0.647,6,0.2742,0,55,36.5,34.72,54.639695951099355
208,34,62400.0,16,23.3,1.875,1,0.3287,0,95,177.73,175.08,96.57989201475077
209,40,42800.0,1100,16.05,0.791,29,0.5382,1,55,57.71,109.25,54.65413565785841
210,49,90400.0,63,31.91,0.476,1,0.5083,0,95,48.92,53.35,94.87712468256231
211,71,68200.0,181,19.87,0.994,6,0.4095,0,55,68.36,59.66,56.16663027782479
212,32,57200.0,54,23.42,0.556,1,0.3112,1,95,54.26,164.46,95.04506292475556
213,56,77600.0,387,25.61,0.775,10,0.5304,0,55,77.81,80.05,53.70617057268178
214,47,42300.0,319,16.28,0.282,3,0.3034,0,55,15.86,0.0,55.821733415181406
215,49,36700.0,405,8.93,0.889,12,0.2969,0,55,41.66,44.41,54.33738320311597
216,72,77000.0,199,21.02,0.603,4,0.4683,0,55,59.91,50.61,53.51262357227485
217,64,43700.0,1100,13.89,0.709,26,0.5437,0,55,32.03,31.75,54.98566844358913
218,78,46500.0,1032,14.12,0.843,29,0.5398,0,55,51.15,49.63,54.50110990861837
219,52,82000.0,781,23.08,0.73,19,0.6727,1,55,54.88,116.66,53.746011946937024
220,43,73600.0,38,13.79,0.789,1,0.3987,1,95,30.81,132.48,95.81825287184132
221,51,37900.0,457,11.32,0.722,11,0.317,0,55,25.55,27.76,54.4858583395284
222,59,52800.0,1081,12.86,0.805,29,0.5928,1,55,40.99,115.08,54.648994242786316
223,58,46600.0,612,15.72,0.882,18,0.4108,0,55,50.24,42.99,54.52198777818617
224,37,98700.0,8,20.96,5.0,3,0.5422,1,95,422.81,531.47,93.56666648838997
225,57,84400.0,573,19.15,0.681,13,0.6273,1,55,52.04,120.98,54.79648770616208
226,59,57000.0,174,19.23,1.379,8,0.343,1,95,114.99,213.36,94.95447614910557
227,90,84100.0,341,20.39,0.528,6,0.5559,1,55,47.43,107.02,54.28570932675339
228,87,42900.0,93,16.46,0.323,1,0.2501,1,95,12.96,117.47,94.17547923558908
229,40,47900.0,8,11.61,3.75,1,0.2534,0,95,181.35,178.2,87.61580414020827
230,50,66200.0,5,15.79,5.0,3,0.3466,1,95,308.9,398.84,93.42729601906852
231,30,69500.0,266,30.63,0.338,3,0.4432,1,55,44.7,95.16,53.7664469944776
232,45,61000.0,19,15.66,4.737,3,0.322,1,95,292.79,390.71,90.5389196808823
233,60,71200.0,156,10.15,0.769,4,0.4199,1,95,41.81,132.12,98.10880339983791
234,75,70600.0,439,22.3,0.683,10,0.5036,0,55,66.77,59.55,54.450597243986245
235,43,59200.0,526,15.34,0.913,16,0.4606,1,55,50.48,95.12,54.55024933994643
236,44,56600.0,1100,19.71,0.682,25,0.6207,0,55,50.68,40.84,54.86678454445133
237,18,48600.0,654,16.84,1.055,23,0.4355,0,55,97.22,90.82,54.81468934258654
238,52,69300.0,105,23.14,0.571,2,0.3933,0,95,42.76,36.6,95.92113015859444
239,37,70000.0,479,20.0,0.752,12,0.5123,0,55,54.4,55.47,53.77256999854947
240,46,67400.0,354,18.98,1.102,13,0.4575,1,55,78.3,125.53,54.686599120158725
241,40,37200.0,204,21.32,0.882,6,0.2498,0,55,65.95,70.86,54.318992665729716
242,53,43600.0,692,5.45,0.91,21,0.417,1,55,11.41,86.08,54.729812704343814
243,25,67400.0,202,13.48,0.149,1,0.4111,1,55,7.16,74.66,55.19455050833274
244,30,90900.0,422,19.51,0.64,9,0.6207,1,55,53.76,98.15,53.71163762772442
245,90,75200.0,106,12.82,1.132,4,0.4287,0,95,45.3,42.31,95.05146708086743
246,33,52000.0,433,15.4,0.97,14,0.3892,0,55,55.74,43.03,55.16140707584001
247,36,65900.0,243,16.99,0.988,8,0.4145,0,55,60.71,62.66,55.66064515393136
248,86,47300.0,195,21.97,1.077,7,0.2968,0,55,85.28,87.81,54.60901142812554
249,90,99500.0,243,24.48,1.111,9,0.6181,0,55,116.76,118.5,48.55944141872071
250,35,64900.0,333,18.67,0.901,10,0.4359,1,55,61.17,105.67,54.192454699444056
251,49,49700.0,865,15.56,0.52,15,0.5076,0,55,21.41,14.91,55.09002247053531
252,61,62700.0,389,14.15,1.08,14,0.4397,1,55,68.17,132.73,54.707995572885785
253,84,59700.0,403,23.41,0.596,8,0.4259,0,55,65.82,69.79,54.80761930807553
254,38,89100.0,43,29.42,1.395,2,0.4941,1,95,166.06,252.38,94.73767640198902
255,51,60000.0,684,12.94,0.789,18,0.5146,0,55,33.31,20.47,54.95147446689676
256,68,70900.0,541,28.74,0.776,14,0.5371,0,55,86.99,86.26,54.52498071160415
257,62,78400.0,16,18.41,1.875,1,0.4206,0,95,132.83,131.61,95.66240509146779
258,49,48200.0,1100,13.47,0.6,22,0.571,0,55,31.93,19.07,54.91487894624909
259,53,68700.0,155,22.67,0.194,1,0.4047,0,95,23.32,20.24,95.46342715850783
260,32,66200.0,24,22.74,3.75,3,0.3519,0,95,340.9,336.05,84.93635612513656
261,51,31600.0,1100,14.38,0.627,23,0.4695,1,55,36.04,85.16,54.87324425879534
262,50,69300.0,104,18.66,0.288,1,0.393,1,95,17.39,108.11,95.58834532140547
263,59,64800.0,329,25.58,0.821,9,0.4341,0,55,89.32,92.07,54.108865934261615
264,46,65900.0,456,16.77,0.526,8,0.48,0,55,38.23,39.13,54.24791270246819
265,63,67300.0,136,19.75,0.441,2,0.3908,1,95,20.13,127.69,95.41787601779558
266,72,73800.0,730,29.54,0.74,18,0.6119,0,55,73.19,75.16,53.98902470272152
267,58,93700.0,420,17.37,0.786,11,0.6362,1,55,51.96,115.01,53.47982894924375
268,61,41400.0,396,13.92,0.53,7,0.3192,1,55,37.28,79.04,54.33377637203653
269,56,58000.0,386,23.83,0.777,10,0.4106,1,55,83.4,139.91,54.10909699310602
270,55,79000.0,313,24.49,0.863,9,0.516,1,55,90.64,141.92,53.74727825807847
271,43,72700.0,609,25.38,0.542,11,0.569,0,55,53.82,61.06,53.70170571214233
272,60,75600.0,79,14.73,1.139,3,0.4229,0,95,78.83,81.37,95.28066890521451
273,53,120000.0,241,29.61,0.498,4,0.7277,0,35,53.2,68.95,45.746525448198426
274,90,84900.0,221,21.31,0.814,6,0.5237,1,55,66.66,112.34,53.822853684816245
275,82,94100.0,249,35.48,0.964,8,0.5881,0,55,125.44,118.33,53.902784573568894
276,62,60000.0,542,23.05,0.72,13,0.4705,1,55,63.62,122.03,54.62090087562032
277,42,41500.0,429,16.11,0.909,13,0.3287,0,55,51.68,50.38,54.50215635377423
278,36,54600.0,272,19.62,0.993,9,0.3573,1,55,90.23,135.8,55.753094771136986
279,75,84000.0,331,22.87,0.997,11,0.5522,1,55,101.93,160.67,55.86153893620382
280,59,74300.0,577,24.64,0.832,16,0.5688,1,55,82.51,132.56,53.69883946188043
281,63,75100.0,983,16.98,0.855,28,0.6905,0,55,61.81,66.31,54.45738366721261
282,25,54500.0,115,25.0,1.043,4,0.3132,1,95,99.47,177.47,94.755247494271
283,71,60400.0,669,12.44,0.538,12,0.5124,0,55,6.48,3.54,55.98822301055352
284,63,62800.0,184,20.45,0.326,2,0.3787,1,55,20.57,77.14,54.884673522469754
285,36,76400.0,792,17.34,0.72,19,0.6448,1,55,55.92,112.62,54.21287109509613
286,47,81100.0,412,22.38,0.728,10,0.5595,1,55,68.68,130.67,53.578698464959245
287,59,44700.0,119,21.65,1.008,4,0.2648,1,95,84.16,176.71,94.43738586906235
288,56,81200.0,444,13.62,0.608,9,0.5699,0,55,39.04,43.52,54.06833323246602
289,50,50300.0,209,16.7,1.579,11,0.3162,0,55,101.71,101.02,54.83569370001308
290,53,74400.0,147,13.96,0.612,3,0.4364,0,95,25.04,32.37,94.9440867836205
291,51,60200.0,381,17.63,0.787,10,0.4222,1,55,61.42,101.04,54.13363651827534
292,58,98500.0,229,17.56,0.524,4,0.6081,1,55,31.91,60.87,49.30942056004008
293,80,61200.0,54,19.99,0.556,1,0.3327,1,95,52.67,160.21,95.56059970674406
294,18,61400.0,919,17.08,0.751,23,0.5952,1,55,35.33,84.64,54.383413820308384
295,51,76900.0,254,25.27,0.709,6,0.4848,1,55,67.11,105.08,53.1061599981586
296,58,47200.0,99,23.22,0.606,2,0.272,0,95,61.06,59.46,94.34516517222862
297,60,64500.0,116,19.73,2.069,8,0.3687,1,95,167.24,257.05,96.0954280748317
298,49,58200.0,237,23.2,0.759,6,0.3677,1,55,68.67,127.36,53.76687713696712
299,25,48200.0,1100,24.14,0.736,27,0.571,1,55,73.37,133.29,54.32571089897632
300,61,57000.0,354,13.94,0.932,11,0.3951,1,55,53.09,103.92,54.643878295517425
301,84,94200.0,12,31.3,2.5,1,0.5158,1,95,301.09,405.38,91.85243361739184
302,29,47200.0,34,16.9,1.765,2,0.2563,0,95,116.41,104.3,95.05973162897243
303,70,79900.0,599,17.09,0.551,11,0.6088,0,55,39.49,15.98,54.97494578712526
304,49,70400.0,127,22.05,0.236,1,0.4064,0,95,24.86,26.34,95.57730820466182
305,54,35500.0,669,14.96,0.762,17,0.3629,0,55,45.08,42.5,55.18197046448948
306,37,72300.0,103,13.81,0.583,2,0.4104,1,95,27.79,103.84,95.6251349087861
307,49,34100.0,595,9.61,0.605,12,0.3341,0,55,12.58,18.67,55.109175928874926
308,77,82600.0,147,30.58,0.816,4,0.4865,1,95,105.84,183.85,94.90796462803351
309,65,56300.0,278,19.84,0.863,8,0.3687,0,55,73.63,72.51,54.85220690604292
310,84,71000.0,276,28.06,0.543,5,0.4554,0,55,68.84,76.51,53.97691983229548
311,75,41800.0,272,14.19,0.551,5,0.2886,0,55,22.65,25.22,54.55008001651025
312,62,69000.0,438,16.34,0.822,12,0.4934,0,55,54.7,56.71,54.15982411419984
313,85,90500.0,23,15.16,1.304,1,0.4965,1,95,73.54,163.79,94.299124081134
314,62,49500.0,147,22.26,0.408,2,0.2956,0,95,36.7,38.38,94.11893763224627
315,69,55000.0,27,20.3,2.222,2,0.2927,1,95,203.68,303.77,94.84180751905427
316,50,73500.0,950,18.99,0.758,24,0.673,1,55,64.81,113.36,54.344117394941556
317,56,75300.0,241,17.33,0.622,5,0.4709,0,55,37.07,25.76,53.897876071775784
318,43,30000.0,555,20.13,0.595,11,0.3015,0,55,45.89,53.77,55.093841317382335
319,72,110700.0,74,25.72,0.405,1,0.6333,1,75,38.77,132.29,93.17680736194237
320,35,72100.0,35,19.98,0.857,1,0.389,0,95,69.48,84.43,96.47022099677417
321,68,82200.0,269,19.33,1.45,13,0.522,0,55,99.92,73.66,55.11124205887972
322,52,61400.0,267,17.17,0.899,8,0.3951,0,55,64.33,76.85,54.91754981164154
323,75,30000.0,181,17.25,0.166,1,0.2132,0,55,0.0,0.0,56.04951708754719
324,68,81800.0,332,15.19,0.904,10,0.5391,0,55,41.55,59.55,54.57540984828425
325,86,59300.0,113,19.3,0.265,1,0.3386,0,95,36.47,26.09,94.46545755217565
326,67,78800.0,961,26.6,0.749,24,0.7039,1,55,76.81,120.52,53.528069559015925
327,28,55000.0,92,17.83,0.326,1,0.3097,0,95,34.66,34.16,94.6556449516875
328,54,69800.0,423,25.74,1.206,17,0.4937,1,55,117.69,168.67,54.65899625502162
329,35,44700.0,1042,23.41,0.662,23,0.5319,1,55,45.18,96.66,54.400055179542996
330,46,81400.0,137,26.73,0.876,4,0.476,0,95,85.26,94.69,93.82892141728459
331,81,45200.0,424,14.09,0.637,9,0.3477,0,55,57.41,69.77,54.443829839102776
332,66,114400.0,101,26.98,1.485,5,0.6618,0,75,148.98,139.54,93.5807240081745
333,43,109600.0,707,28.17,0.806,19,0.7871,1,35,105.03,156.44,46.0713525912012
334,38,95900.0,65,22.04,2.308,5,0.5427,0,95,206.23,193.93,92.50060156031572
335,56,92000.0,322,21.28,0.932,10,0.5975,1,55,80.29,129.25,54.368360497991034
336,34,59000.0,592,16.03,0.659,13,0.4799,1,55,36.27,116.6,54.964604043134386
337,44,87300.0,197,35.81,2.132,14,0.5309,0,55,298.18,301.87,54.138908827972394
338,60,64000.0,508,18.24,0.827,14,0.4845,1,55,64.85,113.28,54.72562851972816
339,75,36400.0,1100,20.8,0.709,26,0.4989,1,55,69.54,127.18,54.69726094868656
340,65,98600.0,99,20.44,0.909,3,0.5695,0,95,75.89,82.95,93.99900379309727
341,18,81300.0,619,30.7,0.824,17,0.6228,0,55,107.1,110.48,53.36148308095241
342,60,65300.0,1100,17.9,0.791,29,0.6697,1,55,53.23,121.04,54.96922968742557
343,56,39500.0,257,16.19,0.934,8,0.2734,1,55,77.87,124.22,55.4618991216658
344,62,54100.0,42,8.95,2.857,4,0.292,0,95,104.19,97.65,92.08199209227647
345,82,32200.0,206,20.41,1.165,8,0.2279,1,55,111.38,157.47,54.69298402140662
346,20,77800.0,33,28.34,0.909,1,0.4222,0,95,95.32,87.02,94.95623231191608
347,45,30000.0,663,8.56,1.041,23,0.3305,0,55,35.28,35.71,55.21542639609447
348,65,73000.0,483,26.82,1.118,18,0.532,1,55,128.51,172.87,54.40339655148339
349,28,41900.0,173,9.6,1.214,7,0.2645,0,95,47.75,50.66,96.68286557449122
350,80,40000.0,68,19.16,0.882,2,0.2314,0,95,71.74,78.07,94.62852615515257
351,61,71200.0,1100,19.24,0.764,28,0.701,0,55,50.98,38.75,54.89040520980934
352,69,60800.0,152,25.8,0.592,3,0.358,0,95,57.85,51.55,94.36002146600035
353,45,80600.0,682,23.34,0.704,16,0.6371,0,55,58.72,53.62,54.115712644819084
354,69,41200.0,522,20.84,0.345,6,0.353,1,55,28.07,80.88,55.16822794793212
355,73,52700.0,805,24.09,0.932,25,0.5074,0,55,88.3,86.65,54.617026995875854
356,59,30000.0,332,13.04,1.084,12,0.2464,1,55,52.31,116.36,54.606775089180374
357,59,30000.0,515,14.36,0.466,8,0.2911,0,55,31.83,41.62,54.888516412091896
358,60,103800.0,177,20.01,1.186,7,0.6236,0,75,86.41,78.32,93.45799882556695
359,40,105800.0,430,24.37,0.767,11,0.7046,1,35,57.57,99.49,45.395728412268966
360,52,66300.0,1072,29.58,0.728,26,0.6674,1,55,81.56,150.31,54.54419937460617
361,52,47100.0,188,20.84,0.957,6,0.2939,0,55,96.99,109.09,54.993435166225055
362,62,60100.0,49,13.79,0.612,1,0.3253,0,95,37.84,39.89,95.61633137340141
363,72,86700.0,31,31.16,0.968,1,0.4757,0,95,113.88,113.34,95.03314157358521
364,37,50600.0,867,19.54,0.761,22,0.5138,1,55,63.04,104.0,54.280310170175106
365,53,69600.0,1100,24.59,0.764,28,0.6927,0,55,74.07,69.94,54.68227864515589
366,80,69700.0,743,22.91,0.565,14,0.5916,1,55,54.88,94.94,55.32990125473074
367,42,50500.0,185,19.67,0.973,6,0.3108,1,55,83.6,150.0,55.42363847364498
368,41,51100.0,192,7.68,1.25,8,0.3159,1,55,39.95,92.31,54.6018899443182
369,58,71800.0,202,26.3,0.891,6,0.4375,1,55,94.7,148.83,53.847241964131804
370,69,47300.0,820,5.82,0.732,20,0.4789,1,55,28.93,77.76,55.12688278216899
371,55,74500.0,587,26.25,1.175,23,0.5731,0,55,127.69,113.59,54.0902717884381
372,78,59700.0,327,19.45,0.459,5,0.4029,0,55,37.27,44.39,54.72637013629326
373,70,70700.0,116,24.78,1.293,5,0.4049,0,95,128.5,133.52,95.80147858976026
374,69,96900.0,100,25.33,0.9,3,0.5596,1,95,86.66,191.0,93.34639262861049
375,64,63300.0,746,24.71,1.005,25,0.554,1,55,89.37,126.85,55.28618277748111
376,90,91300.0,57,23.78,1.579,3,0.512,1,95,155.56,263.75,94.17927612550275
377,52,30000.0,154,15.9,1.169,6,0.2076,0,95,84.56,83.3,94.55550512342512
378,21,48300.0,262,19.27,0.916,8,0.3198,1,55,74.03,136.8,54.814843847394755
379,82,71000.0,242,30.04,0.372,3,0.445,0,55,49.23,22.87,53.69625541384719
380,47,103800.0,753,28.57,0.637,16,0.7724,0,35,65.7,69.8,46.1501943431073
381,57,30000.0,21,7.92,1.429,1,0.1817,0,95,40.5,39.77,97.07717607371242
382,77,67400.0,813,17.29,0.849,23,0.599,0,55,48.46,46.26,54.9266187764325
383,28,90200.0,157,26.52,0.955,5,0.5363,1,95,99.31,193.33,93.63555675045806
384,34,44300.0,464,22.94,0.711,11,0.354,1,55,73.11,122.15,53.83404713222432
385,28,55100.0,676,14.65,0.932,21,0.482,1,55,49.04,89.91,54.664188259108464
386,41,69200.0,53,31.58,0.566,1,0.3774,0,95,70.9,58.26,95.26476280865688
387,62,70300.0,60,21.42,0.5,1,0.3858,1,95,48.46,143.73,96.15102676861386
388,64,99700.0,1015,27.06,0.532,18,0.8096,1,55,67.25,135.36,51.41014832146497
389,60,75400.0,349,15.04,1.032,12,0.5051,0,55,48.91,59.98,55.08155354975031
390,31,88100.0,289,28.79,0.727,7,0.5642,1,55,79.91,137.21,53.710151631875675
391,18,50000.0,91,15.27,1.648,5,0.2838,0,95,94.75,89.87,94.92151051168373
392,56,49600.0,69,13.71,0.435,1,0.2763,0,95,16.84,37.47,94.7776158610675
393,47,58700.0,208,17.22,1.154,8,0.3622,1,55,76.42,138.23,54.7767054254661
394,63,42300.0,728,23.26,0.742,18,0.4201,1,55,53.46,114.4,54.612301134380054
395,67,77600.0,541,23.97,0.832,15,0.5777,0,55,76.83,63.51,54.17945108840369
396,57,57300.0,75,14.15,1.2,3,0.3173,0,95,68.2,70.76,95.612928043881
397,68,53500.0,398,15.37,0.829,11,0.3876,0,55,42.62,30.24,54.44848195444263
398,59,76300.0,26,28.49,5.0,6,0.4111,0,95,565.95,586.76,96.80668214784812
399,64,42800.0,746,15.24,0.563,14,0.4286,0,55,34.48,26.07,55.74381052735085
400,43,78800.0,286,24.62,0.734,7,0.5064,1,55,73.24,122.18,53.47812430279501
401,52,54400.0,60,22.19,1.0,2,0.2982,0,95,75.68,69.19,94.94385441390057
402,58,89900.0,353,6.39,0.765,9,0.5944,1,55,25.16,76.45,53.98368002422501
403,69,59600.0,197,25.26,0.609,4,0.3641,0,55,67.33,74.03,53.31821502881589
404,48,76900.0,321,17.27,0.561,6,0.5056,1,55,32.81,87.84,54.22721631631947
405,64,70600.0,870,18.79,0.897,26,0.6343,0,55,80.84,81.27,54.06171874925372
406,50,79600.0,704,29.64,0.724,17,0.6378,0,55,89.48,96.68,53.73660178200301
407,53,66900.0,681,27.27,1.057,24,0.5559,0,55,117.79,102.61,54.644646911055325
408,69,32900.0,771,17.4,0.817,21,0.3776,1,55,62.33,124.81,55.64972134307945
409,21,79400.0,182,25.55,0.659,4,0.4777,1,55,59.09,115.43,53.58732349435627
410,33,58800.0,1100,23.71,0.791,29,0.6334,0,55,72.19,65.16,54.536134725678956
411,30,76600.0,221,28.64,0.814,6,0.4727,0,55,98.19,99.51,53.949615119466955
412,18,72100.0,1100,28.6,0.873,32,0.7056,1,55,93.49,149.62,54.55968779207845
413,43,46400.0,176,17.5,0.17,1,0.2873,1,95,9.08,77.84,93.43817406542526
414,68,48400.0,94,13.57,0.319,1,0.2766,1,95,22.12,130.87,94.5401137544663
415,50,77800.0,290,20.39,0.828,8,0.5015,1,55,70.01,137.1,54.1634832218738
416,58,59200.0,1,19.52,5.0,3,0.3076,1,95,390.57,472.51,93.20900866489924
417,74,88500.0,345,23.01,0.783,9,0.5836,0,55,72.57,65.01,54.28208466147811
418,78,65900.0,766,14.82,0.822,21,0.5758,1,55,47.33,115.87,55.444664839506984
419,54,86300.0,19,25.13,3.158,2,0.4695,1,95,324.26,425.91,85.81890286039273
420,78,78500.0,747,13.94,0.562,14,0.6438,1,55,48.06,106.95,55.627111681116475
421,57,71400.0,338,21.14,0.799,9,0.4771,1,55,69.9,129.26,53.697244569786896
422,41,54300.0,185,18.89,1.459,9,0.3312,1,55,120.5,179.24,54.8565575598873
423,45,67900.0,1067,20.76,0.759,27,0.6747,1,55,59.53,103.89,54.82420842901844
424,30,85000.0,11,27.01,2.727,1,0.459,1,95,289.17,378.53,88.73939955470347
425,40,60900.0,387,22.73,0.698,9,0.4282,0,55,57.16,67.13,53.86744002093666
426,49,75000.0,254,32.36,0.945,8,0.4731,1,55,114.97,176.54,54.16391127006965
427,69,68800.0,398,17.73,1.131,15,0.4798,1,55,77.86,135.7,54.942312516701215
428,84,73400.0,829,22.41,0.543,15,0.6385,0,55,55.76,49.28,54.67348775625218
429,32,96600.0,523,25.57,0.803,14,0.681,0,55,90.15,100.05,50.921491448608336
430,62,91600.0,92,24.58,0.326,1,0.5247,0,95,27.98,18.31,93.73374449463289
431,37,63100.0,95,13.14,1.263,4,0.3547,0,95,63.79,78.6,95.87459252532557
432,63,71100.0,440,14.75,0.886,13,0.507,0,55,52.26,45.0,53.87779702588836
433,53,49900.0,395,17.52,0.684,9,0.3659,1,55,49.81,96.09,54.06082187974825
434,24,55200.0,91,10.4,1.319,4,0.3105,0,95,59.56,59.87,97.72081678044842
435,71,74700.0,1031,19.53,0.844,29,0.701,1,55,62.74,119.87,54.64736676271141
436,45,80900.0,897,18.9,0.736,22,0.698,1,55,54.04,110.01,53.11158048334463
437,46,78900.0,4,20.35,5.0,1,0.42,1,95,417.84,499.61,93.48090616216838
438,37,38100.0,91,21.38,2.308,7,0.2282,0,95,195.15,199.37,91.18250116384017
439,44,83300.0,170,17.1,1.235,7,0.498,1,95,79.88,184.67,94.41070977123
440,62,64500.0,248,24.02,0.968,8,0.4077,0,55,92.32,91.51,55.08876906622294
441,52,43700.0,162,13.7,0.37,2,0.2705,1,95,20.9,100.44,93.74904594540882
442,61,94300.0,105,21.91,1.714,6,0.5453,0,95,137.89,135.77,94.28536380300034
443,61,96900.0,69,26.86,3.478,8,0.55,1,95,370.13,453.8,88.55324565371949
444,77,74900.0,396,19.86,0.758,10,0.5166,1,55,63.58,99.26,54.36329656345464
445,49,78700.0,560,17.34,0.75,14,0.5901,0,55,68.06,62.57,54.099838141796724
446,30,76100.0,352,19.56,0.511,6,0.5103,0,55,35.75,51.99,53.70791170763219
447,73,97900.0,80,15.8,0.375,1,0.5595,1,95,29.82,123.99,94.08557406451078
448,49,79100.0,473,23.77,0.571,9,0.5661,0,55,55.72,52.99,53.64508926976894
449,74,40900.0,8,2.0,3.75,1,0.2222,1,95,39.28,141.38,91.9295667214645
450,62,108600.0,1100,30.73,0.709,26,0.8547,1,35,82.2,123.31,51.080601979540425
451,53,87000.0,737,26.13,0.814,20,0.6876,1,55,93.9,134.25,53.884512357681615
452,61,55500.0,109,26.33,0.275,1,0.3169,1,95,40.18,153.87,94.44486914787117
453,88,50000.0,28,28.41,1.071,1,0.2681,0,95,133.27,135.24,96.03263745898619
454,90,82600.0,163,27.07,0.184,1,0.4915,1,95,31.34,135.41,93.92155614284165
455,56,59400.0,391,15.77,0.767,10,0.4204,0,55,49.91,43.96,54.151852635627314
456,58,72500.0,476,31.74,0.441,7,0.5268,1,55,60.67,96.12,53.520524553560655
457,73,84200.0,115,16.66,0.783,3,0.4864,0,95,48.82,47.65,94.2308842595833
458,41,50300.0,358,8.03,0.67,8,0.3576,1,55,3.74,47.71,53.88114756875432
459,61,42800.0,35,25.68,0.857,1,0.2364,0,95,90.08,101.79,94.83330525666905
460,55,73100.0,594,23.97,0.505,10,0.5668,1,55,47.13,87.96,53.90044080822782
461,60,54800.0,310,8.84,0.968,10,0.3694,0,55,41.93,42.2,55.02881117397699
462,41,65300.0,294,13.02,0.612,6,0.4264,0,55,38.77,44.76,54.47444858796713
463,28,31400.0,220,17.47,0.818,6,0.2275,1,55,48.66,107.92,54.5316302115993
464,20,52700.0,691,13.56,0.521,12,0.4719,0,55,46.97,41.96,55.09591815935195
465,36,76200.0,905,17.8,0.63,19,0.6753,1,55,47.96,85.16,54.29168621613439
466,47,76100.0,61,31.25,0.492,1,0.4205,0,95,51.23,36.16,95.12832553338974
467,50,47400.0,166,27.85,1.446,8,0.2898,0,95,151.93,144.36,95.91713163682202
468,88,47100.0,5,17.8,5.0,2,0.249,0,95,338.58,324.48,93.39869975677851
469,74,69100.0,146,19.61,0.822,4,0.4044,0,95,70.59,69.83,95.42134262568868
470,39,73600.0,116,25.55,0.259,1,0.4222,1,95,22.25,109.63,94.9440217382352
471,61,74700.0,31,18.4,0.968,1,0.4031,0,95,64.52,51.59,95.79212220910838
472,48,52800.0,32,6.77,1.875,2,0.2829,0,95,45.62,31.4,97.93924486049187
473,50,70300.0,514,6.74,0.875,15,0.5251,1,55,21.19,60.27,54.075116626234404
474,58,97100.0,191,24.2,0.785,5,0.5885,0,55,80.59,80.03,50.614690092456634
475,66,71500.0,477,25.13,1.069,17,0.5209,1,55,94.3,141.96,54.83411902874879
476,49,30000.0,207,14.58,0.435,3,0.2187,0,55,16.81,17.07,54.307053588740054
477,73,72900.0,228,24.98,0.789,6,0.4522,1,55,82.56,136.78,53.76007459075351
478,36,104100.0,340,30.16,0.265,3,0.6716,1,35,27.22,60.18,47.02955080359188
479,55,38000.0,31,22.63,0.968,1,0.2149,0,95,92.28,98.75,94.70325097014613
480,90,72600.0,483,21.82,0.994,16,0.5295,0,55,82.78,68.04,55.52126669256839
481,59,61000.0,37,20.53,0.811,1,0.3269,1,95,79.2,180.72,95.81719023578015
482,79,71800.0,49,20.59,2.449,4,0.3914,0,95,203.37,207.29,88.92615427934632
483,57,69500.0,44,19.13,3.409,5,0.3765,1,95,270.67,363.69,86.11916589532332
484,65,90900.0,364,15.77,0.577,7,0.6036,0,55,40.54,32.46,54.13326632184664
485,54,66600.0,107,25.85,1.121,4,0.3782,0,95,120.54,120.93,95.78931574779999
486,52,91200.0,312,21.76,1.25,13,0.5898,0,55,102.78,107.27,54.53987883344763
487,42,59900.0,270,16.78,0.778,7,0.3872,0,55,61.56,47.56,54.59125226788009
488,62,59000.0,214,16.14,1.121,8,0.3656,1,55,74.1,135.2,54.74124192698027
489,41,48100.0,67,10.51,0.448,1,0.2685,0,95,11.2,28.59,97.03650405687894
490,66,30000.0,12,14.07,5.0,2,0.18,0,95,264.52,263.87,93.6608787118272
491,73,74400.0,213,23.74,0.986,7,0.4567,1,55,94.75,162.78,55.01020876864343
492,61,109300.0,513,22.87,0.526,9,0.7424,1,35,60.18,99.93,45.77843464610763
493,50,73600.0,141,26.23,0.213,1,0.4298,0,95,15.09,17.73,94.23304935923291
494,63,81000.0,162,20.31,1.111,6,0.4814,0,95,82.73,75.72,94.42569096479562
495,50,55300.0,214,10.63,0.561,4,0.3448,0,55,21.32,17.91,54.008499115762724
496,71,63100.0,230,26.33,1.174,9,0.394,0,55,132.46,122.65,54.62411373511577
497,24,79500.0,101,22.92,0.891,3,0.4533,1,95,66.99,171.43,94.7297444535577
498,49,106000.0,228,30.22,0.789,6,0.6508,0,35,90.17,82.73,45.99820481252061
499,21,89400.0,789,27.84,0.722,19,0.7135,1,55,72.36,144.98,53.540066404494596
500,30,76900.0,70,16.8,1.286,3,0.428,1,95,90.92,190.3,95.26370750799458
501,78,70300.0,313,17.94,0.958,10,0.4626,0,55,67.6,71.54,55.74083256718406
502,70,72400.0,770,26.03,0.818,21,0.6155,1,55,82.4,124.16,54.35466421179962
503,43,46800.0,1100,26.2,0.709,26,0.5626,1,55,72.86,134.52,54.31710071881172
504,29,30000.0,423,14.82,0.993,14,0.2681,0,55,65.14,62.94,55.35722955350612
505,18,33900.0,212,11.95,0.991,7,0.2366,1,55,56.34,105.7,55.380215607042125
506,46,64200.0,24,28.04,2.5,2,0.3408,1,95,288.6,377.04,91.57446786348957
507,90,65900.0,2,16.75,5.0,1,0.344,0,95,339.6,327.19,93.4037427029776
508,62,35500.0,104,16.97,1.154,4,0.2199,0,95,89.4,89.5,94.6693465406021
509,45,62200.0,183,17.19,0.164,1,0.375,0,55,3.82,2.15,55.400911189371094
510,63,59900.0,1069,20.33,0.758,27,0.6307,1,55,64.74,106.61,54.7311715709032
511,28,35000.0,269,10.52,1.338,12,0.2548,1,55,75.09,135.24,54.64564973610351
512,50,56200.0,321,16.56,0.841,9,0.3806,0,55,41.01,62.3,54.41862189023895
513,57,58700.0,368,15.67,0.734,9,0.4093,1,55,41.73,82.49,53.981940717398835
514,54,51900.0,88,21.1,0.341,1,0.2926,0,95,20.49,19.36,94.73527079144655
515,68,87100.0,35,23.88,1.714,2,0.4794,1,95,166.03,277.61,94.39772365357484
516,61,30000.0,119,18.9,0.504,2,0.2005,0,95,49.61,41.83,94.33251680456385
517,66,30000.0,941,10.37,0.861,27,0.411,0,55,40.01,44.41,54.36319754298067
518,43,62700.0,46,18.36,0.652,1,0.3387,1,95,46.14,145.07,95.7577760996114
519,70,70000.0,126,23.63,0.476,2,0.4037,1,95,49.36,150.94,95.31838299160091
520,83,79100.0,151,26.16,0.397,2,0.4663,0,95,39.22,57.55,93.54569693206541
521,39,50500.0,422,10.35,1.137,16,0.3772,0,55,48.63,30.73,54.39981657063148
522,40,42700.0,330,17.99,0.727,8,0.3084,0,55,57.26,59.17,54.100022375616575
523,78,69400.0,422,16.34,0.64,9,0.4909,1,55,55.85,105.84,54.52800139104668
524,52,55100.0,402,22.81,0.299,4,0.3982,1,55,30.88,85.48,55.234780654023346
525,79,102400.0,400,34.66,0.525,7,0.6788,1,35,74.53,109.98,45.654961591150524
526,47,56600.0,52,5.43,1.731,3,0.3075,1,95,53.88,145.94,98.2117354387513
527,80,68900.0,1100,17.06,0.791,29,0.689,0,55,38.33,27.46,55.05952411133071
528,57,117400.0,540,28.93,0.667,12,0.7844,0,35,76.45,66.26,45.67957819407315
529,59,61700.0,139,19.24,0.432,2,0.3594,0,95,27.32,48.57,94.50237375406579
530,82,82100.0,596,27.01,1.007,20,0.6207,0,55,106.89,93.07,55.196651312429076
531,49,77400.0,928,22.01,1.002,31,0.6879,0,55,93.05,105.31,53.92269607398116
532,39,77200.0,1051,18.93,0.856,30,0.7188,1,55,72.66,117.31,54.5744188207012
533,47,69500.0,811,15.32,0.925,25,0.6107,1,55,52.52,108.47,54.525601404664876
534,63,70700.0,257,14.66,1.401,12,0.4477,0,55,87.51,107.19,54.824951544823186
535,28,61700.0,127,15.54,2.362,10,0.3559,0,95,139.64,147.59,92.26924646806373
536,66,55100.0,134,15.44,0.448,2,0.3215,1,95,17.42,98.04,94.35765513538793
537,46,70000.0,1100,22.42,0.682,25,0.6947,0,55,61.73,58.36,54.83677939424115
538,75,111600.0,774,25.96,0.969,25,0.8085,0,35,98.87,98.61,48.12822801312749
539,18,83000.0,240,19.2,0.375,3,0.5179,1,55,40.72,106.03,54.17611924770935
540,42,68800.0,201,15.27,0.299,2,0.4192,1,55,35.29,90.76,55.357414200297804
541,26,77200.0,193,18.07,0.311,2,0.4677,1,55,17.61,71.02,55.06372628492126
542,41,43900.0,386,13.76,0.699,9,0.3299,0,55,23.98,41.18,54.01332244176677
543,59,60300.0,1096,15.3,0.575,21,0.6408,1,55,24.25,95.06,55.39696583582481
544,52,84300.0,127,26.01,0.236,1,0.4907,1,95,17.87,119.85,93.38966952210203
545,51,95400.0,520,31.15,0.635,11,0.6738,1,55,80.78,129.52,53.30231189050291
546,52,48200.0,318,11.35,0.377,4,0.3346,0,55,15.03,0.0,54.71148155708383
547,58,55400.0,311,23.91,1.061,11,0.3731,1,55,91.41,133.62,54.80479215033181
548,38,107400.0,1044,29.58,0.747,26,0.842,1,35,102.67,122.24,50.989034861204125
549,67,69400.0,855,21.31,0.807,23,0.6231,1,55,74.09,128.48,54.431003715502946
550,66,105500.0,483,33.46,0.807,13,0.7166,0,35,122.08,131.46,45.66907366774679
551,62,70700.0,196,19.75,0.612,4,0.4291,0,55,33.94,53.7,53.763005124705664
552,64,72000.0,307,22.81,1.075,11,0.4711,0,55,108.26,121.0,54.76328122545097
553,60,59600.0,8,19.56,5.0,2,0.3116,0,95,390.01,382.91,93.14652001701609
554,90,91800.0,461,24.02,0.716,11,0.6372,0,55,65.66,68.2,54.08692250238905
555,54,93300.0,867,26.29,0.588,17,0.7513,1,55,62.03,121.05,53.475318339384984
556,50,42300.0,231,16.58,0.909,7,0.2807,0,55,54.69,39.09,55.197281574418845
557,42,55000.0,676,20.58,0.577,13,0.4814,0,55,46.35,37.62,55.18719493572936
558,37,80600.0,46,18.74,1.304,2,0.443,1,95,105.32,196.01,95.18442723185667
559,34,58100.0,491,15.52,0.794,13,0.4431,1,55,33.59,109.89,54.20515879946956
560,40,51600.0,85,14.37,0.353,1,0.2903,0,95,32.27,36.13,94.52717179845654
561,54,86000.0,19,21.08,1.579,1,0.4676,0,95,136.28,123.13,94.88468834982964
562,61,89400.0,171,28.48,0.877,5,0.5357,1,95,99.03,189.78,94.88286443562151
563,56,55800.0,274,16.06,0.766,7,0.3647,0,55,56.69,61.18,54.47819721299436
564,42,66900.0,261,23.3,0.805,7,0.426,0,55,77.94,75.43,53.792049992094746
565,70,42600.0,1016,17.72,0.679,23,0.5109,0,55,44.29,40.73,54.92539310501778
566,68,48800.0,235,15.11,1.021,8,0.3152,1,55,55.53,117.85,55.463797152544444
567,52,67000.0,72,26.6,0.417,1,0.3703,0,95,56.37,70.38,95.15306702884739
568,44,63500.0,129,23.21,0.233,1,0.3667,1,95,9.8,116.96,95.29650733002055
569,64,46500.0,322,16.98,0.932,10,0.3265,0,55,61.73,58.72,54.967552073288836
570,58,50600.0,380,17.18,0.947,12,0.3656,1,55,53.79,107.14,54.74874373276791
571,30,37600.0,59,16.11,1.525,3,0.2192,1,95,102.17,194.08,94.68007013973083
572,54,74400.0,320,13.51,0.656,7,0.4899,0,55,34.67,45.23,54.13539244751271
573,59,30000.0,184,10.38,0.163,1,0.2138,0,55,0.0,0.0,55.27043861363333
574,40,40800.0,89,18.43,2.36,7,0.2397,0,95,167.03,147.79,90.43691798008534
575,58,30000.0,425,6.59,0.353,5,0.2686,1,55,9.66,69.49,54.83122813126934
576,30,68800.0,194,16.58,1.082,7,0.417,0,55,74.04,79.33,54.66975546479804
577,78,31700.0,425,12.79,1.2,17,0.2768,0,55,45.89,41.84,55.21193916212092
578,76,69900.0,1100,35.0,0.764,28,0.6942,1,55,101.32,174.85,54.67646461199745
579,51,98600.0,135,28.16,0.889,4,0.5805,1,95,101.42,191.0,94.62634321847924
580,61,101300.0,8,30.68,3.75,1,0.558,1,75,469.88,559.06,91.97682979271883
581,18,30000.0,941,10.47,0.765,24,0.411,1,55,38.75,80.36,54.54433232493723
582,35,67300.0,398,21.91,1.281,17,0.4706,0,55,108.63,111.39,54.36266745385428
583,50,43200.0,124,7.68,0.242,1,0.2589,0,95,15.43,7.34,96.26792538155824
584,37,36300.0,66,13.79,0.455,1,0.2152,0,95,22.58,21.85,94.19622259680108
585,67,65000.0,419,22.28,0.644,9,0.463,0,55,32.41,40.03,54.67483219668783
586,89,97600.0,84,17.55,2.5,7,0.5589,1,95,187.03,276.33,86.85526543380483
587,35,73600.0,208,23.01,0.433,3,0.4503,0,55,43.51,36.54,53.23188923858465
588,41,47200.0,214,19.46,0.981,7,0.3012,0,55,77.87,75.64,55.598498484867264
589,59,80600.0,1100,19.08,0.845,31,0.7471,0,55,64.56,102.15,53.840629299021636
590,82,30000.0,188,10.33,1.117,7,0.2147,0,55,48.58,50.6,54.59463385124493
591,34,45000.0,354,13.17,1.017,12,0.3271,0,55,53.63,55.07,55.11889600171885
592,59,48500.0,444,15.54,1.014,15,0.3721,1,55,60.72,120.07,55.48694756787479
593,86,72800.0,640,19.34,0.797,17,0.579,1,55,56.43,94.27,54.770895115536085
594,27,55100.0,176,20.81,0.511,3,0.3331,1,95,43.15,147.36,93.36219992099277
595,33,57600.0,55,15.97,1.091,2,0.3136,0,95,62.64,69.76,95.59050023201264
596,48,59900.0,142,27.0,0.634,3,0.3501,0,95,59.33,41.49,94.73603043385636
597,46,63700.0,1100,27.53,0.955,35,0.6609,0,55,107.32,131.37,54.61170011204233
598,69,79100.0,63,23.05,0.476,1,0.4392,0,95,51.73,51.76,94.59477817461764
599,59,68900.0,616,18.61,0.828,17,0.5481,0,55,55.27,44.1,54.67393899557296
600,25,53000.0,10,15.28,3.0,1,0.2783,0,95,178.38,181.52,86.21471221728551
601,64,75200.0,1100,22.86,0.764,28,0.7212,1,55,56.29,102.2,54.56044703872541
602,45,80300.0,317,24.5,0.662,7,0.5253,1,55,54.35,93.24,53.40449486585514
603,77,57700.0,472,17.65,0.89,14,0.4349,0,55,52.61,49.88,54.723255465884606
604,44,61600.0,132,17.27,1.136,5,0.3568,1,95,86.27,178.99,95.15831954736895
605,44,87200.0,1100,24.84,0.873,32,0.7765,1,55,72.85,112.1,53.46335393146017
606,64,43600.0,30,16.89,5.0,5,0.2388,0,95,341.47,333.67,93.36105751301963
607,68,105500.0,31,22.96,0.968,1,0.5903,1,75,86.78,151.45,93.91194757320548
608,63,38500.0,1100,16.34,0.682,25,0.5119,0,55,49.42,45.84,55.08111775640942
609,26,51900.0,19,14.76,1.579,1,0.2752,0,95,102.55,109.03,95.36039535572924
610,64,46800.0,8,13.26,3.75,1,0.2483,0,95,198.66,200.07,85.01897846040339
611,37,107300.0,141,26.07,0.851,4,0.6333,1,75,97.81,172.49,93.23922506497068
612,59,55200.0,266,15.41,0.789,7,0.359,1,55,61.03,97.78,54.36287189120204
613,31,49700.0,284,13.79,0.528,5,0.3334,1,55,39.9,94.61,54.3169967121499
614,63,58800.0,1100,24.05,0.873,32,0.6334,1,55,78.61,122.73,54.44529683266662
615,41,64200.0,19,17.67,1.579,1,0.3394,0,95,95.85,78.67,96.78744774258172
616,33,53700.0,1023,27.27,0.704,24,0.5807,1,55,75.79,139.57,54.350070962719975
617,67,64600.0,325,22.82,0.462,5,0.4316,1,55,43.6,85.29,54.20455155595804
618,59,30000.0,115,10.4,0.522,2,0.1997,0,95,6.09,7.03,96.25761363741964
619,45,64200.0,1100,25.43,0.845,31,0.6637,1,55,86.44,136.57,54.56496185587324
620,80,70400.0,903,16.98,0.731,22,0.6427,1,55,29.07,74.53,54.5361367830415
621,48,85400.0,145,32.68,0.828,4,0.5031,1,95,120.6,227.8,94.96004058726231
622,56,92700.0,66,25.04,1.818,4,0.5234,1,95,185.91,274.91,93.73850027720152
623,60,62100.0,260,22.03,0.577,5,0.3971,1,55,44.3,93.98,53.52256606916595
624,44,79900.0,284,22.14,0.845,8,0.5125,0,55,75.85,68.5,53.887995622657414
625,63,43500.0,459,17.85,0.784,12,0.3481,0,55,57.98,59.74,54.441893374898704
626,46,79300.0,34,20.75,0.882,1,0.4315,0,95,77.07,75.47,95.38234477951698
627,48,51600.0,38,13.11,0.789,1,0.2784,0,95,41.93,34.91,94.8882831866921
628,78,44700.0,590,18.4,0.814,16,0.393,0,55,67.47,58.24,55.100898027631615
629,37,57500.0,1100,23.75,0.845,31,0.6259,0,55,70.13,69.72,54.423482002021316
630,18,87000.0,210,17.1,1.286,9,0.5331,0,55,86.93,80.43,54.67284678660281
631,82,74200.0,998,28.83,0.932,31,0.6897,1,55,121.77,194.02,54.28926493533606
632,90,103400.0,17,28.52,3.529,2,0.5735,1,75,399.77,469.52,91.86441509141603
633,48,47900.0,375,15.0,0.64,8,0.3489,0,55,40.33,43.67,54.2633164677968
634,22,80400.0,130,19.79,0.692,3,0.4677,1,95,46.82,140.91,94.27756351699206
635,50,50300.0,810,26.87,0.741,20,0.4942,0,55,96.9,94.01,54.187280189439775
636,50,68700.0,613,25.0,0.685,14,0.5459,0,55,70.78,79.78,54.252825892773714
637,52,69000.0,160,26.05,0.938,5,0.408,1,95,87.67,188.47,95.17172443262298
638,36,75100.0,161,20.01,0.932,5,0.445,0,95,83.32,88.93,94.72052067353779
639,65,72300.0,471,23.62,0.51,8,0.524,0,55,39.6,45.1,54.04337550290508
640,64,51300.0,80,19.44,1.875,5,0.2875,1,95,151.27,230.13,95.46147159096994
641,30,78500.0,190,20.9,0.158,1,0.4747,1,55,21.45,80.86,54.869119828844816
642,67,103800.0,1095,26.12,0.74,27,0.8386,1,35,93.53,126.05,51.00339845193013
643,90,59700.0,1100,24.51,0.845,31,0.6385,1,55,84.63,134.51,54.36344547697857
644,58,30000.0,468,22.5,0.897,14,0.2792,0,55,81.12,115.72,54.40602947280942
645,49,74300.0,453,19.89,0.662,10,0.5307,1,55,36.45,76.72,53.69062570061467
646,53,57600.0,205,12.07,1.61,11,0.3551,0,55,74.08,73.17,54.578736962245884
647,65,64200.0,455,27.85,0.659,10,0.4692,1,55,67.7,120.99,54.610105058949365
648,26,70900.0,8,28.92,3.75,1,0.3741,0,95,432.35,431.54,91.95210091092552
649,58,56000.0,111,20.4,1.081,4,0.3201,0,95,84.05,73.91,95.00222718778446
650,48,58000.0,1100,27.66,0.6,22,0.6288,0,55,72.67,74.92,54.55411610418421
651,86,69100.0,10,22.0,3.0,1,0.3643,0,95,259.52,248.29,86.10564820419049
652,52,95300.0,220,19.75,0.955,7,0.5865,1,55,79.25,137.08,54.261729462261094
653,83,71200.0,374,14.12,0.642,8,0.487,1,55,35.34,91.9,54.38915119306444
654,36,35300.0,213,8.69,0.986,7,0.2432,0,55,29.29,26.85,55.34693542091982
655,65,41900.0,23,16.31,1.304,1,0.2298,0,95,79.36,78.64,94.77018581734929
656,60,68900.0,331,18.0,0.997,11,0.4596,0,55,73.65,89.49,55.520789571970205
657,40,38300.0,1100,12.85,0.6,22,0.5106,0,55,41.81,47.59,54.79417562068895
658,58,32800.0,311,14.39,1.158,12,0.2545,1,55,60.81,117.54,54.73102143353226
659,76,82500.0,479,26.66,0.689,11,0.5883,0,55,73.86,78.1,54.35602266430559
660,49,78200.0,136,18.99,1.765,8,0.4561,0,95,137.94,138.34,95.01489388678345
661,26,51500.0,371,14.15,0.566,7,0.3681,1,55,31.88,92.4,54.18818424776919
662,55,71200.0,1100,18.27,0.9,33,0.701,1,55,51.69,100.63,54.88325485669066
663,40,66000.0,1100,24.5,0.682,25,0.6735,0,55,70.67,92.78,54.72025813522479
664,49,76500.0,295,21.12,0.203,2,0.4951,0,55,5.1,6.98,55.1517182280281
665,54,77500.0,386,23.02,0.777,10,0.5295,1,55,59.61,142.87,53.65304860460731
666,26,30000.0,326,22.27,1.104,12,0.245,1,55,87.91,165.07,54.416101730284765
667,28,54500.0,263,32.39,1.027,9,0.3541,1,55,131.76,181.73,54.34185175316026
668,63,77500.0,64,24.83,2.344,5,0.4298,0,95,225.1,227.49,92.05076102099363
669,46,54600.0,66,20.9,1.818,4,0.3008,1,95,140.5,239.16,95.7361123045626
670,18,58400.0,1084,12.84,0.692,25,0.6265,1,55,38.58,102.92,55.01052406996202
671,68,83400.0,480,24.35,0.875,14,0.5939,1,55,85.01,141.32,54.289377568133915
672,60,67700.0,7,20.46,4.286,1,0.3555,0,95,356.83,368.9,86.4807885156805
673,43,94300.0,319,28.61,0.564,6,0.6102,1,55,58.71,96.12,53.22988830082291
674,33,84300.0,155,20.69,0.774,4,0.4995,0,95,63.55,57.45,94.05200826478894
675,69,65300.0,447,20.8,0.738,11,0.4735,1,55,67.8,120.9,54.56319015595547
676,61,62000.0,614,22.33,0.977,20,0.5051,0,55,76.76,70.09,55.49374210793511
677,90,30000.0,512,23.99,0.645,11,0.2904,0,55,56.6,39.28,55.059972333657726
678,62,59500.0,155,26.74,0.387,2,0.3515,0,95,49.34,58.17,94.61437845868609
679,62,38000.0,538,22.03,0.613,11,0.3397,0,55,54.17,43.1,54.903518687658675
680,52,69000.0,1100,23.99,0.9,33,0.6895,0,55,85.16,78.42,54.71375653219729
681,69,71000.0,1100,18.49,0.709,26,0.6999,0,55,52.13,59.68,55.050266441076296
682,66,81800.0,74,25.9,2.432,6,0.459,1,95,261.74,368.98,90.33758966258495
683,76,98500.0,689,20.91,0.61,14,0.7334,0,55,50.83,45.17,50.23270446438456
684,46,62600.0,306,18.36,0.882,9,0.4139,1,55,65.14,109.77,54.75238540359334
685,48,111500.0,1,35.62,5.0,1,0.6166,1,75,712.27,779.13,96.96805804326252
686,47,68300.0,380,22.93,1.026,13,0.4711,1,55,81.18,147.32,55.28570818028145
687,68,40100.0,446,17.15,0.942,14,0.3258,1,55,68.64,135.36,55.64257847499634
688,80,58200.0,329,20.51,0.729,8,0.3947,0,55,53.24,56.6,54.68332372100283
689,47,55600.0,871,17.87,0.689,20,0.5456,1,55,39.15,96.62,54.77949716198445
690,48,76000.0,22,10.62,5.0,5,0.4081,0,95,198.43,185.24,98.35818851251386
691,60,46100.0,209,10.59,0.431,3,0.2943,0,55,5.95,10.6,54.19814586833029
692,51,57900.0,154,21.77,0.195,1,0.3423,1,95,0.0,102.86,94.16575185213665
693,71,64800.0,54,15.12,0.556,1,0.3526,0,95,25.43,27.08,95.8420061973129
694,18,48200.0,39,16.69,0.769,1,0.2622,0,95,47.86,49.88,94.4939866534067
695,41,79200.0,34,15.74,2.647,3,0.4309,0,95,175.15,164.83,86.34846615588096
696,42,75900.0,1037,17.79,0.955,33,0.7087,1,55,68.44,135.13,54.62873252451195
697,18,82100.0,398,22.29,0.302,4,0.5612,0,55,28.95,15.36,54.699418421331245
698,39,54800.0,96,22.84,0.312,1,0.3097,0,95,38.74,38.57,94.52516816208885
699,39,87100.0,135,28.69,0.889,4,0.5105,1,95,79.21,178.79,94.91535323345691
700,52,35800.0,476,11.7,1.071,17,0.3109,1,55,53.26,119.67,54.962242195652244
701,74,39600.0,1100,17.47,0.682,25,0.5186,1,55,50.18,115.71,54.971760620167736
702,51,38700.0,103,8.68,1.165,4,0.2335,0,95,47.04,58.43,96.72940939567214
703,37,61600.0,499,19.52,0.721,12,0.4669,0,55,41.93,38.9,54.603718761037754
704,54,90000.0,70,28.27,4.286,10,0.5081,1,95,480.07,598.31,93.6513596464778
705,73,56000.0,4,18.06,5.0,1,0.2919,0,95,353.75,364.63,93.18203826495785
706,38,51600.0,287,24.32,0.836,8,0.3447,0,55,71.02,67.49,53.94320338725778
707,40,57500.0,92,22.81,0.978,3,0.323,0,95,107.73,104.85,95.07894970171543
708,64,78800.0,612,23.03,0.686,14,0.6062,0,55,58.67,66.27,54.36275912923985
709,51,54200.0,18,16.88,5.0,3,0.2863,0,95,345.02,340.34,93.27520510080481
710,66,56000.0,381,15.73,0.472,6,0.3972,0,55,35.34,22.57,54.34062698782213
711,55,36700.0,960,8.22,0.562,18,0.4573,1,55,6.96,62.78,54.86102574832441
712,67,55400.0,56,11.83,0.536,1,0.3023,0,95,21.16,0.0,96.26844224977143
713,37,86100.0,153,27.89,1.176,6,0.5099,0,95,131.68,135.26,94.86446184037487
714,55,66900.0,432,27.6,0.625,9,0.4787,0,55,72.16,78.54,54.379432970657426
715,51,48700.0,182,11.9,0.824,5,0.3006,0,55,41.87,39.21,54.79411659588943
716,34,86800.0,933,23.36,0.643,20,0.7365,0,55,74.11,85.61,53.360002471304
717,28,47300.0,41,9.22,2.927,4,0.2584,0,95,115.23,123.75,91.80755494162388
718,67,97200.0,242,19.7,0.992,8,0.6043,0,55,83.43,73.24,51.82060300628367
719,49,93300.0,21,25.29,1.429,1,0.5131,1,95,152.3,247.75,93.50445423987715
720,38,62800.0,493,16.83,0.791,13,0.4724,0,55,64.07,58.88,54.32578487804154
721,53,33100.0,181,5.38,0.166,1,0.2263,1,55,0.0,51.77,56.14033776367143
722,74,116900.0,639,36.13,0.563,12,0.8026,0,35,68.73,80.19,46.076576035112744
723,18,65700.0,288,19.61,0.729,7,0.427,1,55,52.33,113.58,54.26461906877656
724,30,53200.0,284,12.46,0.951,9,0.3528,1,55,36.41,84.23,55.23123015236017
725,39,81900.0,155,22.93,1.161,6,0.4847,0,95,98.62,100.86,94.32621922657316
726,80,84700.0,119,22.3,0.504,2,0.4907,1,95,45.76,133.2,93.68806479765557
727,60,93500.0,40,26.13,2.25,3,0.5202,1,95,230.74,320.89,92.44731290094181
728,68,53700.0,184,16.36,1.467,9,0.3276,1,55,101.19,171.58,54.75104542099476
729,36,67900.0,109,21.76,0.55,2,0.3863,1,95,50.3,170.77,95.982944668661
730,36,36300.0,783,20.16,0.805,21,0.401,1,55,67.83,140.62,54.7690313237713
731,63,80600.0,879,15.5,0.717,21,0.6917,1,55,34.33,92.11,53.60290370730687
732,56,64700.0,703,16.24,0.725,17,0.5493,1,55,40.08,96.91,55.524187220937606
733,64,72700.0,387,25.1,0.775,10,0.5003,0,55,62.53,72.72,54.13875153747052
734,52,61300.0,441,16.44,1.088,16,0.4472,1,55,76.09,132.11,54.7377891593739
735,60,60700.0,358,18.7,1.006,12,0.4182,0,55,90.63,76.37,55.466888185128774
736,58,47400.0,177,14.76,1.186,7,0.2926,0,95,71.45,89.64,93.71239762347138
737,68,84200.0,78,20.59,0.385,1,0.4749,1,95,33.85,116.97,94.53919402256038
738,69,99100.0,672,22.4,0.625,14,0.7321,1,55,51.75,118.83,49.701961885816374
739,27,47700.0,497,10.86,0.845,14,0.383,1,55,34.97,97.57,54.19325344576063
740,18,69200.0,138,22.68,1.522,7,0.4026,1,95,148.27,261.87,96.22584335886809
741,72,77500.0,192,26.94,1.562,10,0.4692,1,55,169.05,232.67,54.434209636067486
742,75,69200.0,813,19.5,0.48,13,0.6096,0,55,42.55,36.68,55.391644355521976
743,38,30000.0,155,19.25,2.129,11,0.2078,0,95,174.34,185.19,94.38247366205746
744,23,31300.0,251,12.24,0.956,8,0.2339,0,55,55.61,51.98,55.547025515355564
745,57,49000.0,359,14.6,1.003,12,0.3505,0,55,58.83,49.06,55.12948237725602
746,71,30000.0,243,16.55,0.123,1,0.2264,0,55,8.99,0.0,55.6196114404529
747,86,100800.0,218,27.26,0.688,5,0.6183,0,35,71.93,70.69,45.777149676233684
748,64,74500.0,360,20.61,0.917,11,0.503,1,55,79.59,117.7,54.20969580992638
749,49,63200.0,564,22.86,0.585,11,0.497,1,55,50.19,119.55,54.60011999912551
750,40,30000.0,415,8.07,0.145,2,0.2661,0,55,7.48,0.0,55.47804112377926
751,55,30000.0,1074,12.98,0.782,28,0.4516,1,55,48.91,100.11,54.58004647190736
752,50,64000.0,1100,24.42,0.736,27,0.6626,1,55,58.4,110.03,54.628464879737486
753,38,103000.0,13,30.26,5.0,5,0.5698,1,75,590.34,667.06,96.96805804326252
754,90,57300.0,471,22.78,0.701,11,0.4322,0,55,63.52,54.84,54.84749207205512
755,85,89100.0,133,28.47,0.677,3,0.5221,0,95,82.45,93.8,94.86066160446275
756,74,58700.0,297,16.94,1.01,10,0.3881,0,55,70.73,72.36,55.95321778623279
757,39,63000.0,61,10.92,2.459,5,0.3445,0,95,97.72,97.55,93.83601251722598
758,70,93500.0,212,22.73,0.425,3,0.5733,0,55,45.84,39.34,53.475076666018694
759,66,59900.0,153,22.16,1.373,7,0.3532,1,95,136.97,237.47,95.26351720162506
760,63,52100.0,406,21.81,0.665,9,0.3818,1,55,51.07,120.04,54.12679944871003
761,76,99000.0,648,22.22,0.741,16,0.7258,0,55,60.06,87.01,49.20101462170333
762,66,68200.0,17,15.39,3.529,2,0.3612,1,95,217.45,303.04,85.66614639697764
763,68,90500.0,9,19.23,5.0,3,0.4922,0,95,383.59,382.23,93.54298446935476
764,66,52800.0,722,15.2,0.789,19,0.4822,0,55,57.6,38.53,55.566985923776414
765,61,95700.0,187,14.87,0.16,1,0.5789,1,55,11.79,73.58,54.33502017581618
766,25,64700.0,358,17.07,0.251,3,0.4423,0,55,14.81,1.15,55.33765609926177
767,56,74300.0,116,21.38,0.517,2,0.4264,0,95,39.5,42.25,95.19771398438381
768,46,66000.0,325,19.41,1.015,11,0.4401,1,55,66.58,133.93,55.65906793845067
769,33,50000.0,155,15.85,0.968,5,0.3003,0,95,72.33,68.21,93.66292371491359
770,84,70800.0,171,17.17,0.877,5,0.422,0,95,65.25,55.93,95.31238398486244
771,84,61500.0,129,16.36,0.698,3,0.3554,1,95,44.95,153.13,94.87194006800974
772,78,89800.0,495,20.69,0.788,13,0.6356,1,55,66.08,128.19,54.32770960047371
773,59,61500.0,45,22.75,0.667,1,0.3318,0,95,59.84,48.54,95.69771239376085
774,78,38200.0,771,15.73,0.856,22,0.4087,0,55,39.74,41.13,55.39799122017537
775,55,30000.0,177,30.33,1.186,7,0.2124,1,95,132.52,218.98,95.45449143585824
776,58,30000.0,120,12.84,0.5,2,0.2007,0,95,24.05,34.65,94.17288132360744
777,36,74200.0,507,23.32,0.828,14,0.5467,0,55,75.47,76.7,53.48446535215118
778,62,42200.0,1100,14.78,0.6,22,0.5346,0,55,35.37,50.65,55.139102769941445
779,56,71500.0,7,19.05,4.286,1,0.3772,0,95,340.17,330.86,86.46611376346837
780,33,63500.0,755,27.34,0.715,18,0.558,1,55,75.9,133.17,54.061810058359704
781,54,63400.0,719,24.5,0.918,22,0.5463,0,55,83.86,83.74,54.54370069769716
782,54,74000.0,375,12.33,0.72,9,0.5046,1,55,35.93,93.48,53.887387233993564
783,86,74500.0,832,16.06,0.829,23,0.6455,1,55,42.08,91.42,54.27885585681232
784,70,30000.0,413,13.82,0.654,9,0.2656,0,55,37.4,14.89,54.82379572075644
785,55,58200.0,1100,16.14,0.573,21,0.63,1,55,31.19,92.99,55.146899287348276
786,59,74700.0,124,13.66,0.484,2,0.4312,1,95,28.25,123.78,94.91173305809633
787,56,99600.0,627,25.52,0.766,16,0.7235,1,55,76.75,123.44,47.20407110411928
788,52,99800.0,440,15.58,0.75,11,0.6757,1,55,45.61,95.59,46.90471341175736
789,37,32800.0,1100,15.55,0.764,28,0.4768,0,55,52.53,40.84,54.710592109144066
790,52,57100.0,64,22.21,0.469,1,0.3133,0,95,47.54,28.96,95.1194756751208
791,42,30000.0,223,18.86,0.673,5,0.2221,0,55,67.04,77.42,54.27112948504568
792,34,92700.0,432,23.18,0.486,7,0.634,0,55,50.62,56.33,53.22997709931998
793,64,88100.0,268,30.77,0.112,1,0.5577,1,55,11.83,53.31,54.29343586570831
794,62,73800.0,24,22.73,1.25,1,0.3957,0,95,108.59,133.84,95.98147223413504
795,25,62500.0,161,23.6,0.373,2,0.3703,0,95,37.99,26.72,94.5529078716578
796,53,93600.0,268,20.36,1.119,10,0.5908,0,55,102.82,109.97,54.49931872583825
797,72,93800.0,149,31.68,0.201,1,0.5558,1,95,32.32,127.36,94.71444160907956
798,73,92900.0,323,23.92,0.836,9,0.6031,1,55,74.29,116.66,53.95119950538757
799,72,78000.0,435,29.58,1.172,17,0.5477,1,55,142.29,200.79,54.299264093271546
800,56,57900.0,301,25.48,0.698,7,0.3846,0,55,72.92,71.07,53.860312369944126
801,41,78300.0,200,23.03,0.75,5,0.4766,0,55,77.48,71.11,53.345743525892296
802,37,78500.0,246,23.8,0.854,7,0.4921,0,55,83.71,96.9,53.65614376751715
803,61,62200.0,774,18.43,0.814,21,0.5559,0,55,62.12,68.36,55.17601254027344
804,61,58800.0,847,14.72,0.708,20,0.5577,0,55,32.24,39.43,54.85353639713701
805,77,93200.0,92,26.96,0.326,1,0.5345,1,95,41.49,134.34,93.666567029924
806,74,103700.0,491,28.28,0.855,14,0.7096,1,35,85.59,124.11,45.56976989669025
807,53,48900.0,13,9.24,2.308,1,0.2593,0,95,86.02,85.75,97.25511131562419
808,34,55300.0,444,17.88,0.946,14,0.412,1,55,63.25,123.24,54.88912844922276
809,50,71400.0,133,25.05,0.451,2,0.4141,0,95,40.31,30.6,95.50929656062391
810,59,76000.0,218,28.73,0.688,5,0.4681,0,55,83.73,59.98,53.79062741853628
811,52,53400.0,6,21.64,5.0,1,0.2793,0,95,432.77,446.34,93.35760499379225
812,45,102600.0,133,17.8,1.805,8,0.6036,1,75,109.37,184.22,94.32844301831844
813,59,74700.0,225,15.93,0.8,6,0.4623,0,55,49.39,55.11,54.3288155001857
814,46,74400.0,19,19.43,1.579,1,0.3977,1,95,119.61,207.77,96.23285517528963
815,44,99700.0,266,31.95,0.677,6,0.626,1,55,96.58,149.34,47.175247534267044
816,60,56600.0,396,15.45,0.682,9,0.4052,0,55,32.21,47.41,54.09820659221448
817,48,61700.0,147,24.55,2.245,11,0.3617,1,95,235.79,334.43,94.18614774197025
818,59,39500.0,57,12.81,0.526,1,0.2268,0,95,33.81,55.85,94.49100015156763
819,60,62400.0,52,22.02,2.885,5,0.3387,0,95,251.89,260.8,86.21404683590522
820,36,30000.0,138,9.8,1.087,5,0.2044,0,95,39.26,32.58,96.43353305482519
821,47,79100.0,414,20.9,1.087,15,0.5479,0,55,85.77,90.18,54.37320812848657
822,79,78600.0,450,16.13,0.867,13,0.556,0,55,58.49,75.32,53.970905695832684
823,35,55200.0,1100,25.5,0.764,28,0.6126,1,55,71.63,128.83,54.34459324577824
824,19,55700.0,588,14.88,0.918,18,0.4584,0,55,53.7,60.15,54.32854194956437
825,23,74600.0,123,13.45,0.976,4,0.4303,1,95,43.82,152.94,95.12475635366853
826,55,41100.0,742,8.03,0.849,21,0.4172,1,55,32.97,64.52,54.77363075596159
827,56,69500.0,101,20.0,2.079,7,0.3933,0,95,167.68,174.69,96.39347472530666
828,53,79300.0,441,19.6,0.748,11,0.5575,0,55,54.9,68.37,53.410494418451755
829,76,31800.0,275,18.01,0.655,6,0.2415,0,55,45.25,37.58,54.77786360745815
830,18,72000.0,138,19.62,0.435,2,0.4192,1,95,28.6,134.05,95.2712935657262
831,62,31200.0,950,20.51,0.789,25,0.4209,1,55,67.24,122.18,54.41311731303487
832,82,67900.0,120,18.26,0.25,1,0.3895,1,95,8.22,86.3,95.1596244240806
833,36,36800.0,146,20.65,0.616,3,0.2347,0,95,58.1,66.0,93.87858514837512
834,49,93900.0,375,19.32,0.48,6,0.6243,0,55,38.48,38.39,53.55317178826522
835,42,38100.0,936,8.2,0.801,25,0.4585,0,55,22.68,21.94,54.51749353344073
836,40,30000.0,414,10.38,0.58,8,0.2659,0,55,28.78,35.24,54.488286378170805
837,49,66600.0,2,14.35,5.0,1,0.3479,0,95,290.11,280.62,93.45238298539296
838,79,61100.0,49,12.96,0.612,1,0.3307,1,95,23.36,126.08,95.67444096166886
839,86,39600.0,1034,18.01,0.696,24,0.4981,1,55,60.6,106.48,54.8591569866359
840,49,74800.0,177,19.9,0.508,3,0.4481,0,95,20.46,35.59,94.04531125639173
841,87,30000.0,19,15.21,1.579,1,0.1813,0,95,104.78,116.17,94.91101841218529
842,56,43400.0,86,19.15,0.698,2,0.2508,0,95,52.16,67.54,94.31198944626571
843,85,58900.0,100,10.41,1.2,4,0.3328,0,95,57.89,62.53,97.88902441745819
844,53,81400.0,253,25.06,0.949,8,0.5121,0,55,106.65,102.41,54.57838219691221
845,57,92600.0,157,17.86,1.146,6,0.551,0,95,78.45,71.24,94.01113194720521
846,61,89400.0,928,20.53,0.55,17,0.7475,1,55,42.12,89.32,54.050050720998144
847,90,68800.0,1100,10.86,0.655,24,0.6884,1,55,30.97,84.24,55.3664812731825
848,69,30000.0,271,17.77,0.886,8,0.2326,0,55,53.91,47.04,55.17830650461387
849,43,70800.0,125,12.17,0.96,4,0.4081,0,95,44.08,47.33,95.8076553696245
850,71,99100.0,14,18.86,5.0,3,0.5465,1,95,373.87,460.81,93.51030369696186
851,49,89700.0,43,17.82,0.698,1,0.4978,1,95,40.26,129.04,94.36173138846868
852,47,73100.0,310,20.32,0.581,6,0.4788,0,55,43.47,39.66,54.134315083460585
853,70,43000.0,412,15.65,0.655,9,0.3322,0,55,47.03,39.27,54.49392416756171
854,56,54200.0,8,22.19,3.75,1,0.2838,0,95,338.3,334.88,84.9773841830774
855,60,106600.0,588,25.47,0.765,15,0.7475,1,35,76.52,117.36,45.64696616040359
856,55,35200.0,241,20.11,0.871,7,0.2492,1,55,70.56,116.72,54.6316158927577
857,61,42100.0,1100,18.21,0.736,27,0.5339,0,55,51.18,39.14,54.6558102568454
858,62,86200.0,328,18.2,1.098,12,0.5646,0,55,65.84,64.06,54.89425839260003
859,22,49300.0,814,14.06,0.921,25,0.4893,0,55,43.66,32.27,54.31824576914639
860,66,42400.0,224,23.91,0.268,2,0.2795,0,55,33.3,46.67,55.04842704471795
861,38,93700.0,504,30.19,0.774,13,0.6601,1,55,103.05,151.06,53.524982366732225
862,30,69700.0,106,24.58,1.415,5,0.396,0,95,132.26,132.74,96.12591434546357
863,54,56800.0,1069,23.3,0.786,28,0.6128,1,55,82.21,141.75,54.36161494497682
864,56,41100.0,3,18.49,5.0,1,0.222,1,95,360.19,442.57,93.46958301672596
865,43,105600.0,178,27.52,0.843,5,0.6343,0,75,88.66,80.21,91.99481343206347
866,69,67300.0,53,20.34,0.566,1,0.3665,1,95,45.1,133.8,96.01278218289863
867,32,89700.0,551,31.95,0.762,14,0.651,1,55,95.2,158.02,53.64654777438667
868,48,82400.0,120,20.04,0.25,1,0.4769,1,95,14.5,127.82,94.31640845860964
869,45,52100.0,27,19.02,2.222,2,0.2781,0,95,170.06,188.62,94.57284541373346
870,54,54000.0,278,9.56,0.432,4,0.3556,1,55,22.73,90.46,54.52214576455183
871,60,96400.0,300,17.31,0.8,8,0.6168,1,55,43.76,86.36,51.98460519122315
872,38,92300.0,286,32.92,0.839,8,0.5885,0,55,111.49,102.72,53.59630537289399
873,67,30000.0,76,17.58,0.789,2,0.1921,0,95,63.2,77.08,94.60612291039779
874,56,76700.0,448,20.44,0.603,9,0.5438,0,55,46.0,61.25,53.75042167634007
875,23,56100.0,389,18.81,0.694,9,0.4002,0,55,47.84,55.8,53.772052960327095
876,22,36700.0,822,8.71,0.876,24,0.4151,0,55,23.71,31.77,54.291123262848565
877,55,70500.0,706,18.43,0.68,16,0.5852,1,55,66.13,116.84,55.180143740648575
878,51,35900.0,1100,8.09,0.764,28,0.4959,0,55,36.67,53.83,54.677164948991994
879,53,54800.0,601,16.74,0.649,13,0.4569,0,55,41.1,33.79,55.194449314613344
880,55,48200.0,158,20.63,1.329,7,0.2918,1,95,119.11,198.01,94.88111381781536
881,59,55300.0,230,20.56,0.783,6,0.3493,0,55,60.19,68.2,54.03792150947413
882,71,66700.0,34,27.95,0.882,1,0.3576,0,95,97.36,91.53,95.27230644669243
883,36,39900.0,1100,17.46,0.764,28,0.5205,1,55,44.88,86.89,54.615293734587425
884,35,94000.0,162,11.71,0.556,3,0.561,0,95,11.3,20.08,95.16751527973906
885,36,71600.0,914,30.49,0.886,27,0.6525,0,55,103.42,85.13,53.698733951255456
886,60,103700.0,814,21.35,0.737,20,0.7851,1,35,59.54,99.08,48.15194923048025
887,76,65800.0,264,20.68,0.227,2,0.4203,1,55,22.19,72.72,55.493911382933945
888,48,52100.0,335,18.32,0.896,10,0.3612,1,55,70.9,141.91,54.41976274437073
889,18,94500.0,221,25.38,1.493,11,0.582,0,55,150.59,155.16,54.084465857713
890,26,47100.0,11,17.31,5.0,4,0.2504,0,95,338.27,349.01,93.42177884825047
891,41,58500.0,711,19.1,0.591,14,0.5138,0,55,39.89,29.05,55.58872448171805
892,46,78300.0,338,15.14,0.71,8,0.5195,0,55,55.73,38.79,53.839917199572696
893,48,37600.0,222,28.57,0.676,5,0.2558,0,55,82.29,78.66,54.137670094444985
894,56,80100.0,98,25.27,0.612,2,0.456,0,95,73.24,79.36,94.06221353717734
895,50,76300.0,133,21.7,0.902,4,0.4437,0,95,92.51,93.22,94.50594932087601
896,73,95300.0,64,33.5,0.469,1,0.5387,1,95,57.59,164.09,94.71541434905906
897,44,81500.0,739,16.87,0.65,16,0.6583,1,55,50.42,110.89,55.03930193812683
898,40,89300.0,11,27.74,5.0,3,0.4854,1,95,547.58,632.09,96.88678423171804
899,63,64300.0,28,16.87,1.071,1,0.3425,1,95,80.54,180.18,96.63475272903973
900,29,41700.0,67,18.27,0.448,1,0.2387,0,95,39.36,41.08,94.32519798401535
901,62,110700.0,285,28.73,0.421,4,0.6919,1,35,31.47,79.18,45.65388385354022
902,57,33300.0,283,3.31,0.954,9,0.2502,0,55,15.85,6.59,55.326745856276105
903,52,34400.0,294,8.0,0.816,8,0.2579,1,55,19.26,67.63,54.63051390690006
904,82,82300.0,20,30.28,4.5,3,0.4454,1,95,542.32,641.29,94.43637726533959
905,44,96900.0,197,23.27,0.457,3,0.5891,0,55,37.26,51.4,50.7342130114854
906,90,76000.0,1100,31.41,0.655,24,0.7251,0,55,89.56,87.56,54.435114567589544
907,51,85200.0,153,29.33,0.392,2,0.5044,1,95,40.52,141.49,94.98416861480493
908,33,30000.0,321,13.4,0.654,7,0.2439,0,55,24.82,25.17,54.22958963993135
909,56,54700.0,254,16.66,0.827,7,0.3527,1,55,48.65,103.23,54.42179397547176
910,37,30000.0,794,22.74,0.567,15,0.3676,1,55,49.86,116.38,54.70267348864
911,42,78800.0,475,32.34,0.821,13,0.5649,0,55,109.49,110.59,53.39235563840093
912,62,33900.0,114,13.65,0.263,1,0.2153,0,95,23.93,19.5,94.25803779627451
913,64,40000.0,222,23.69,0.541,4,0.2672,0,55,55.37,50.36,53.48395118162055
914,44,73600.0,1,26.19,5.0,4,0.3877,0,95,528.47,525.4,94.21354525159785
915,72,90700.0,146,29.62,0.205,1,0.536,0,95,30.2,23.28,94.7716414211819
916,75,65700.0,889,20.36,0.776,23,0.6116,1,55,69.74,122.36,54.49908313068021
917,79,81800.0,696,18.91,0.776,18,0.6479,1,55,66.96,122.55,55.0430281993857
918,64,78100.0,100,16.44,0.3,1,0.4444,1,95,39.77,137.64,94.62627880547858
919,78,65100.0,1,13.24,5.0,1,0.3393,0,95,271.21,261.35,93.4037427029776
920,23,35600.0,214,24.89,1.262,9,0.2447,0,55,127.94,123.73,54.59360401629007
921,50,75900.0,36,21.44,5.0,7,0.4117,1,95,425.08,516.36,93.44147875370221
922,40,74900.0,647,15.51,0.881,19,0.5936,0,55,57.14,49.5,53.765017986806114
923,57,84200.0,104,27.64,2.308,8,0.483,1,95,264.4,353.61,94.0207987867299
924,45,69600.0,233,18.05,0.515,4,0.4337,0,55,27.44,36.44,53.88650454392624
925,52,39900.0,99,12.73,0.303,1,0.2379,1,95,25.5,134.14,94.32003717637306
926,87,85900.0,314,33.23,0.764,8,0.5585,0,55,98.14,95.01,53.89996559479596
927,52,64400.0,642,13.01,0.841,18,0.5286,0,55,41.91,34.8,54.54598119534624
928,62,56300.0,157,19.62,0.191,1,0.3344,1,95,19.16,113.35,94.16205899114298
929,51,58000.0,93,15.75,0.323,1,0.326,0,95,16.14,16.98,95.07641965474565
930,56,50700.0,43,13.85,0.698,1,0.2752,0,95,42.34,49.26,94.85290594926312
931,55,83700.0,100,15.24,1.2,4,0.4787,0,95,63.93,59.97,94.72653154116476
932,63,36800.0,1079,15.82,0.778,28,0.4949,1,55,56.24,105.82,54.63375087693873
933,75,48100.0,39,12.85,0.769,1,0.2617,0,95,41.09,65.61,94.75205368834231
934,83,63700.0,179,22.51,0.838,5,0.3825,0,95,75.42,62.49,85.8608277726142
935,60,99900.0,6,24.75,5.0,1,0.5489,0,95,497.2,506.21,92.96364887125435
936,65,89100.0,528,21.8,0.682,12,0.6411,0,55,59.31,74.21,54.465231710575694
937,35,30000.0,81,10.16,0.37,1,0.1931,0,95,18.57,16.03,96.73122735148088
938,54,93200.0,619,31.13,0.727,15,0.6888,1,55,88.87,148.27,53.754423607198966
939,71,96500.0,304,28.15,0.493,5,0.6186,0,55,53.18,36.42,51.18452364924973
940,70,43300.0,425,13.09,0.918,13,0.3374,1,55,33.92,89.17,54.9340929089304
941,59,30000.0,570,7.7,0.737,14,0.3055,0,55,33.62,45.21,54.941087810167
942,70,66500.0,439,10.54,0.683,10,0.4784,0,55,19.49,20.7,54.68067579678827
943,63,90200.0,811,29.22,0.962,26,0.723,0,55,125.36,125.74,53.108306076711564
944,75,102400.0,120,29.91,1.0,4,0.5986,1,75,117.7,210.04,94.85674617343697
945,60,47700.0,1005,22.39,0.716,24,0.5388,0,55,73.87,82.06,54.46264686910042
946,49,100600.0,587,24.49,0.664,13,0.7184,1,35,73.38,115.47,45.921272854071674
947,61,30000.0,128,18.53,0.234,1,0.2023,0,95,25.04,16.94,94.49098375270879
948,18,49900.0,463,22.62,0.713,11,0.3858,0,55,64.88,40.43,53.796585880363786
949,62,57600.0,583,18.29,0.772,15,0.4685,1,55,46.92,105.65,55.029180540764685
950,18,81800.0,281,20.48,0.107,1,0.5233,0,55,7.31,7.36,55.25590351741352
951,26,86500.0,264,18.09,0.341,3,0.5468,0,55,22.16,29.78,54.60615334658153
952,63,86600.0,140,25.12,0.429,2,0.5089,1,95,42.29,138.54,93.45810261174265
953,63,38200.0,19,18.53,1.579,1,0.2132,1,95,107.21,202.66,95.32325659430506
954,35,79100.0,434,19.83,0.76,11,0.5541,1,55,57.99,113.3,53.208133199908055
955,43,73300.0,70,19.55,0.857,2,0.4065,0,95,43.64,32.54,96.12904805273024
956,78,34500.0,1100,14.09,0.736,27,0.4873,1,55,39.08,75.63,54.816243617302135
957,47,30000.0,1100,18.46,0.791,29,0.4597,0,55,59.41,50.56,54.50434884982971
958,90,93800.0,401,17.2,0.599,8,0.6313,1,55,34.96,78.93,53.94736997458258
959,55,61200.0,481,13.65,0.748,12,0.4589,0,55,38.68,38.22,54.43122974026077
960,62,39400.0,241,10.48,0.373,3,0.269,0,55,16.94,0.61,54.84443072347825
961,82,66000.0,48,19.16,1.25,2,0.3577,1,95,103.9,194.14,96.39787977228204
962,57,73000.0,946,22.53,0.761,24,0.6692,0,55,77.02,96.31,54.10324342720784
963,38,59900.0,84,13.64,0.357,1,0.3338,0,95,21.92,21.18,95.24774608371892
964,53,32000.0,1,19.35,5.0,1,0.1853,0,95,386.76,387.25,93.65374326790491
965,54,104400.0,1041,32.97,0.749,26,0.8314,1,35,101.62,136.77,50.95658983010699
966,32,81500.0,823,24.29,0.765,21,0.6815,0,55,88.73,90.85,52.84827501595559
967,51,57200.0,23,24.19,2.609,2,0.303,0,95,256.46,251.19,86.15648268398247
968,42,56200.0,646,13.85,0.65,14,0.4794,0,55,38.1,36.44,54.98716642439341
969,71,75700.0,469,16.9,0.896,14,0.5442,1,55,69.15,118.73,54.18758138539876
970,56,41500.0,639,18.8,0.845,18,0.3887,0,55,63.93,49.0,54.532754519970496
971,50,70800.0,130,20.43,0.231,1,0.4097,1,95,12.05,118.78,95.50633763628183
972,53,36700.0,315,11.04,0.381,4,0.2741,0,55,20.5,11.68,54.85384009529318
973,59,64300.0,569,26.77,0.633,12,0.5053,0,55,69.14,85.15,54.53750426256273
974,65,42500.0,117,17.87,0.256,1,0.2539,0,95,16.55,8.9,94.14773087483735
975,38,38100.0,344,19.23,0.785,9,0.2883,0,55,64.73,51.15,54.20092596284831
976,37,96000.0,350,21.03,1.029,12,0.6291,0,55,72.06,91.42,53.41880125339836
977,74,70000.0,630,28.9,0.952,20,0.5591,0,55,105.73,90.93,54.78901519129318
978,48,68000.0,109,19.42,0.275,1,0.3869,0,95,14.33,0.0,95.59607574072956
979,31,30000.0,1100,19.6,0.818,30,0.4597,1,55,57.93,98.47,54.40957363272012
980,63,54100.0,3,15.2,5.0,1,0.282,1,95,302.77,396.39,93.28449118039651
981,63,76300.0,23,22.29,1.304,1,0.4102,1,95,108.98,190.61,95.21832472508824
982,29,63900.0,157,22.37,0.573,3,0.3772,1,95,64.69,154.06,95.29065682116614
983,59,30000.0,174,24.48,0.517,3,0.2117,0,95,54.24,33.9,94.26998798732383
984,68,71900.0,88,18.59,2.045,6,0.4036,0,95,145.71,156.59,95.93824129404098
985,61,73900.0,1100,22.1,0.682,25,0.7147,1,55,46.37,105.56,54.606025903567264
986,66,94200.0,48,27.09,1.875,3,0.527,1,95,198.51,280.85,93.91197677301089
987,31,46400.0,646,9.89,0.743,16,0.4199,0,55,26.76,3.6,54.395640764739525
988,61,30000.0,420,3.63,0.429,6,0.2673,0,55,1.15,0.0,54.602729499632424
989,50,43100.0,74,11.49,0.405,1,0.2466,0,95,38.95,45.46,95.92438897952984
990,47,40400.0,150,20.9,1.6,8,0.2519,0,95,120.53,131.29,95.0594891587238
991,70,83500.0,21,31.11,1.429,1,0.453,1,95,178.23,270.88,94.80159294921556
992,80,30000.0,90,9.89,1.667,5,0.1948,1,95,64.91,154.89,96.9323174890038
993,86,61800.0,640,13.19,0.891,19,0.512,1,55,45.02,94.23,55.19364443734887
994,77,99300.0,518,32.57,0.695,12,0.694,1,55,75.03,133.07,48.36562485609937
995,53,64800.0,20,16.89,1.5,1,0.343,0,95,101.0,109.81,96.69096717013379
996,61,85000.0,477,20.89,0.503,8,0.6025,0,55,43.47,42.04,53.80050734525566
997,68,33100.0,13,22.26,5.0,5,0.1918,0,95,450.88,447.14,93.63061805106926
998,57,31800.0,45,21.24,1.333,2,0.193,0,95,117.12,124.92,95.22351825234243
999,57,95600.0,25,29.01,1.2,1,0.5285,0,95,148.99,163.94,94.78076287661904
1000,69,69900.0,245,11.93,1.102,9,0.4392,1,55,36.22,88.35,54.86250165697739
1001,54,67000.0,36,13.76,0.833,1,0.3599,1,95,43.97,139.82,96.2945406793136
1002,43,39100.0,64,21.47,0.469,1,0.2266,0,95,60.31,52.8,94.51755001257573
1003,48,65700.0,293,21.44,0.819,8,0.4285,0,55,78.72,79.52,54.041416585674064
1004,66,43100.0,520,12.58,1.212,21,0.3632,0,55,49.36,40.09,55.064949773743585
1005,55,89900.0,359,21.76,0.919,11,0.5962,0,55,80.69,94.91,53.97838344702782
1006,61,120000.0,74,33.55,0.405,1,0.6847,1,75,45.97,129.83,94.84222903537703
1007,66,77400.0,1100,29.25,0.764,28,0.7319,1,55,85.94,158.31,54.29287186352293
1008,49,50500.0,68,17.55,1.765,4,0.2805,1,95,139.9,229.3,95.40630078534251
1009,68,30000.0,192,11.07,1.406,9,0.2155,0,55,69.93,90.63,54.679560232586084
1010,61,30800.0,89,13.24,0.337,1,0.1977,0,95,5.69,8.13,94.42708364457735
1011,34,93500.0,109,30.74,0.55,2,0.5416,1,95,61.51,155.17,94.84027920752412
1012,80,48400.0,280,23.88,0.536,5,0.3252,0,55,51.21,63.79,53.87544176042944
1013,46,55400.0,1063,19.28,0.818,29,0.6028,1,55,60.97,105.76,54.48899791673531
1014,27,73200.0,1068,18.33,0.843,30,0.7029,0,55,64.31,64.65,54.68634578312196
1015,37,92500.0,230,29.29,0.13,1,0.5727,1,55,9.04,62.47,54.51235096342225
1016,38,57400.0,113,26.72,0.531,2,0.3282,0,95,53.82,58.0,94.58345503049088
1017,56,56700.0,155,11.24,0.194,1,0.336,1,95,2.43,93.0,96.91187185799149
1018,50,65500.0,374,18.66,0.802,10,0.4521,0,55,56.92,51.53,54.13204052367795
1019,49,50600.0,27,23.37,1.111,1,0.2708,0,95,109.49,105.68,95.18331483565213
1020,66,55100.0,831,18.63,0.614,17,0.5302,1,55,48.13,100.22,55.31669499425774
1021,61,74800.0,20,18.78,5.0,4,0.4004,1,95,369.99,465.78,93.31565631310532
1022,60,69900.0,420,21.41,0.714,10,0.4934,1,55,70.21,138.09,53.91154923014355
1023,62,111200.0,1100,28.53,0.736,27,0.8625,1,35,92.5,105.94,51.00885918344396
1024,65,76200.0,142,15.8,1.056,5,0.4458,1,95,66.73,169.39,94.73880293209437
1025,19,82000.0,584,22.75,0.925,18,0.6166,1,55,82.11,132.39,53.89690100916269
1026,49,41300.0,566,18.03,0.689,13,0.3662,0,55,63.79,62.0,55.136785640257486
1027,18,68600.0,239,17.84,0.628,5,0.4295,0,55,57.67,46.8,53.975911628205004
1028,56,50000.0,34,13.6,0.882,1,0.2696,1,95,35.86,131.32,94.92791472197518
1029,55,73300.0,232,18.31,1.164,9,0.4559,1,55,94.81,145.89,54.86647891594912
1030,73,83100.0,207,17.61,0.725,5,0.5083,0,55,64.86,62.61,53.89079548033654
1031,75,70000.0,248,24.75,0.605,5,0.4407,0,55,65.15,70.98,53.41201037196343
1032,58,116200.0,961,22.51,0.78,25,0.8564,1,35,66.5,107.85,50.57949258386617
1033,46,93200.0,77,24.93,2.727,7,0.5299,1,95,269.17,378.37,85.90506309350936
1034,63,91300.0,487,21.82,0.739,12,0.6418,1,55,78.18,127.26,53.90714726724277
1035,46,79300.0,304,18.36,0.691,7,0.5151,0,55,57.43,64.25,54.20305847019171
1036,55,102000.0,234,32.16,1.538,12,0.6299,0,35,202.23,208.56,46.50326265260059
1037,72,38200.0,1100,15.08,0.845,31,0.51,0,55,69.63,70.51,54.527815429249095
1038,46,92000.0,648,20.45,0.926,20,0.6902,0,55,67.69,84.54,54.283022673860685
1039,69,47000.0,1100,13.22,0.709,26,0.5638,0,55,36.77,30.38,54.99693847484031
1040,67,55500.0,865,20.02,0.694,20,0.5432,1,55,57.1,113.6,54.93729808802813
1041,39,73600.0,398,25.17,0.302,4,0.5093,0,55,28.71,31.76,54.61366552835368
1042,72,94300.0,291,30.5,1.031,10,0.6018,1,55,111.06,154.08,54.157267061720766
1043,67,43200.0,1100,15.64,0.764,28,0.5407,1,55,55.83,123.48,54.721299126241895
1044,57,54600.0,230,17.05,0.13,1,0.3454,0,55,2.86,1.79,55.41330077955337
1045,42,64400.0,540,20.31,0.944,17,0.4969,1,55,70.54,129.91,55.07887612221812
1046,40,58100.0,505,19.55,0.713,12,0.4474,0,55,52.88,68.68,54.69886409129663
1047,46,81100.0,92,18.3,0.652,2,0.4603,1,95,45.88,143.03,94.64800881041698
1048,64,120000.0,59,35.31,0.508,1,0.6806,1,75,70.78,146.18,94.74801251261577
1049,39,70600.0,145,20.7,1.034,5,0.413,0,95,93.32,93.99,95.95354583074783
1050,62,51000.0,642,20.32,0.841,18,0.4464,1,55,77.71,122.66,54.49733328183273
1051,34,33600.0,974,17.16,0.739,24,0.4428,1,55,48.65,99.84,54.575030631169476
1052,52,57600.0,5,20.66,5.0,1,0.3003,0,95,408.41,406.9,93.20126129185789
1053,57,45700.0,369,11.83,1.382,17,0.3351,0,55,64.37,65.35,54.51383760835612
1054,90,81800.0,372,22.24,0.484,6,0.5514,0,55,35.91,49.69,54.2159360182752
1055,32,69900.0,881,31.89,0.681,20,0.6335,1,55,86.64,150.93,53.957152787779
1056,80,60300.0,288,26.98,0.938,9,0.3948,0,55,93.66,87.78,55.12407164035856
1057,58,107300.0,1100,26.88,0.655,24,0.8507,0,35,87.44,87.21,51.06126875469168
1058,62,51000.0,303,15.82,0.396,4,0.3459,0,55,26.08,40.09,54.55695273120361
1059,57,62900.0,1100,8.35,0.845,31,0.6565,1,55,23.92,61.68,54.86642829883272
1060,63,80000.0,28,19.51,3.214,3,0.4339,0,95,256.47,254.19,86.07349360600601
1061,52,83100.0,257,22.07,0.934,8,0.5238,1,55,72.6,114.54,54.56680638301036
1062,80,96800.0,221,22.93,0.814,6,0.5957,1,55,68.97,148.4,51.224728822442934
1063,47,72400.0,330,19.62,0.545,6,0.4807,0,55,46.16,53.88,54.135181637953984
1064,74,90900.0,466,26.75,0.708,11,0.6335,0,55,76.84,71.88,54.174667079119914
1065,44,48800.0,86,12.32,0.698,2,0.2766,1,95,42.79,137.43,94.38527060507954
1066,54,84100.0,27,23.98,3.333,3,0.4585,0,95,297.86,289.65,85.88007799227047
1067,37,80400.0,73,21.51,1.233,3,0.4501,1,95,112.63,227.55,95.2119341400917
1068,63,98400.0,265,20.35,0.453,4,0.6181,1,55,32.53,64.6,49.29894109724665
1069,80,35000.0,105,23.62,1.429,5,0.218,0,95,125.65,128.92,95.19379002288271
1070,54,45700.0,747,20.59,0.562,14,0.4465,1,55,32.5,86.79,55.07780469747368
1071,52,81700.0,144,18.32,0.625,3,0.4801,1,95,41.35,126.07,94.0825832332778
1072,36,30000.0,442,17.09,0.543,8,0.2727,1,55,49.84,102.33,54.73138958499475
1073,51,74500.0,650,14.23,0.646,14,0.5922,0,55,44.52,28.32,54.81270690427483
1074,28,81900.0,229,18.97,1.572,12,0.5077,0,55,132.36,148.06,54.79473309080345
1075,39,49700.0,183,24.09,0.164,1,0.3061,0,55,14.89,15.15,55.072060658745414
1076,59,56800.0,15,20.28,2.0,1,0.2988,0,95,163.09,172.24,95.98709228279537
1077,77,46800.0,744,18.38,0.806,20,0.4523,0,55,46.62,41.78,55.5369226574497
1078,90,61000.0,190,24.08,0.474,3,0.3701,1,55,33.02,101.47,53.57773801731882
1079,45,52700.0,272,20.96,0.772,7,0.3466,0,55,63.55,63.9,54.29286318111491
1080,79,55500.0,89,16.99,2.36,7,0.3116,0,95,149.38,160.11,92.02230668376026
1081,59,50300.0,486,22.23,0.864,14,0.3949,1,55,69.97,130.64,53.956013838052996
1082,52,58700.0,142,10.36,0.423,2,0.3434,0,95,17.88,17.54,97.12439945017019
1083,62,60500.0,488,15.74,0.738,12,0.4568,0,55,56.64,66.64,54.758432001607154
1084,56,104600.0,1,25.21,5.0,2,0.5758,1,75,504.28,621.13,93.3793907998007
1085,57,57100.0,328,21.3,0.915,10,0.3879,1,55,67.08,110.76,54.3040017451406
1086,48,70800.0,903,19.0,0.764,23,0.6449,0,55,43.49,42.28,53.93697746811702
1087,31,48100.0,242,8.29,0.868,7,0.3134,1,55,29.74,71.81,54.5828861076236
1088,29,47400.0,573,7.49,0.785,15,0.4038,0,55,18.49,22.63,54.34021614940086
1089,66,31400.0,379,14.37,0.712,9,0.2641,0,55,41.86,44.11,54.54367676115146
1090,50,31000.0,204,12.26,0.441,3,0.2223,0,55,19.99,39.42,54.32216036304474
1091,45,37700.0,363,11.11,0.909,11,0.2912,1,55,39.83,92.27,54.545571871006416
1092,55,68900.0,444,14.95,0.811,12,0.4947,1,55,58.11,122.63,53.91289544210091
1093,69,90400.0,820,24.23,0.512,14,0.7263,0,55,58.05,37.26,54.2973894042227
1094,58,30000.0,213,21.01,0.423,3,0.22,0,55,38.5,40.02,53.893272473330036
1095,44,51300.0,380,18.36,0.632,8,0.3696,0,55,39.25,30.55,54.21317070466053
1096,76,40500.0,57,22.65,0.526,1,0.2312,0,95,43.25,49.17,94.61425723624758
1097,82,64900.0,339,17.87,1.062,12,0.4377,1,55,82.02,148.53,55.29390323359971
1098,63,89200.0,1100,25.6,1.009,37,0.785,1,55,113.73,162.73,53.3905811735597
1099,72,59000.0,376,25.61,0.16,2,0.4135,1,55,6.2,66.61,55.626758215424296
1100,76,68200.0,40,19.44,1.5,2,0.3679,0,95,128.86,125.29,96.4591124490394
1101,74,99400.0,100,25.04,0.9,3,0.5747,0,95,83.91,84.38,93.41421356694843
1102,65,76600.0,446,19.62,0.74,11,0.5426,0,55,63.43,67.54,53.78748061132473
1103,65,51000.0,146,20.61,1.027,5,0.3031,0,95,107.07,97.03,94.53446309038387
1104,64,70100.0,103,25.03,0.874,3,0.3974,1,95,74.79,159.8,95.93012579330136
1105,36,43800.0,477,18.33,0.692,11,0.3549,0,55,54.78,63.45,54.421079087202
1106,67,76200.0,481,20.28,0.748,12,0.5509,1,55,58.17,106.39,54.243999034823496
1107,32,71200.0,1100,13.18,0.791,29,0.701,0,55,45.28,58.08,55.00745469095314
1108,41,33500.0,70,14.78,1.286,3,0.2046,1,95,71.08,148.33,94.69730362941216
1109,77,73100.0,296,20.01,0.811,8,0.4745,0,55,45.08,54.43,54.722898830006564
1110,69,65300.0,86,20.97,0.349,1,0.3646,1,95,23.24,118.33,95.85895753614523
1111,80,81400.0,393,22.79,1.374,18,0.5555,1,55,128.03,182.09,54.866974358698876
1112,50,81500.0,253,30.09,0.83,7,0.5127,0,55,110.69,112.17,53.694943784027515
1113,35,71000.0,177,17.17,1.186,7,0.4251,0,95,84.7,70.24,94.99183221033167
1114,51,57800.0,506,10.79,0.652,11,0.4459,0,55,39.92,51.14,54.887535592253485
1115,57,85000.0,565,17.04,0.796,15,0.6284,1,55,50.31,101.0,54.35792460283858
1116,56,46900.0,110,13.87,0.818,3,0.2732,1,95,40.78,127.44,93.89763230029433
1117,74,41100.0,117,21.58,0.256,1,0.2474,1,95,24.84,141.49,94.32828459626245
1118,49,30000.0,91,8.01,0.33,1,0.195,0,95,7.57,4.08,96.58751141775238
1119,61,64700.0,183,13.89,0.328,2,0.3895,0,55,27.2,18.57,54.99383672149086
1120,38,44300.0,598,18.71,0.652,13,0.393,0,55,37.55,45.68,55.01452859907654
1121,63,75000.0,76,25.5,0.395,1,0.4184,0,95,47.19,49.83,94.67471573809416
1122,55,30000.0,9,6.75,3.333,1,0.1795,0,95,99.66,109.75,92.0423550526492
1123,42,48800.0,1100,8.46,0.873,32,0.5746,0,55,32.46,33.3,54.55114226289216
1124,51,74100.0,203,17.18,0.739,5,0.4518,0,55,58.09,67.64,53.91186250093937
1125,52,42800.0,1,19.71,5.0,1,0.2288,0,95,389.01,409.53,93.48854181697405
1126,50,72600.0,790,21.61,0.646,17,0.6226,0,55,49.19,41.61,54.39138854435347
1127,85,59300.0,50,15.15,0.6,1,0.3213,0,95,39.18,34.59,95.49236747546226
1128,53,63900.0,715,23.28,0.587,14,0.5481,1,55,48.88,87.86,54.98713183217373
1129,51,76700.0,334,22.13,0.808,9,0.5084,0,55,73.93,77.73,53.53730307194486
1130,19,77800.0,391,21.13,1.074,14,0.5329,0,55,93.19,94.44,54.10791534630553
1131,40,63900.0,769,11.51,0.663,17,0.5647,1,55,29.99,97.61,55.03980493466515
1132,51,47100.0,183,13.21,0.82,5,0.2927,0,55,45.59,45.3,54.38146851055023
1133,43,53000.0,6,27.73,5.0,1,0.2773,1,95,559.68,653.84,96.85517237926814
1134,78,83000.0,185,20.77,0.486,3,0.5008,1,55,39.58,96.53,53.62374557424777
1135,52,43000.0,119,11.67,1.008,4,0.2567,0,95,43.24,40.9,94.70275850238458
1136,77,65700.0,346,17.94,0.607,7,0.4447,0,55,50.14,53.82,54.728439631007554
1137,56,57100.0,547,19.16,0.603,11,0.4543,1,55,48.4,105.66,55.23525601949635
1138,56,63000.0,693,23.87,0.519,12,0.5358,1,55,53.16,113.55,54.89754624772372
1139,53,43400.0,444,19.62,0.743,11,0.3433,0,55,62.97,60.69,54.023272685399625
1140,55,30000.0,137,11.12,1.533,7,0.2042,0,95,69.38,74.88,96.93416764545171
1141,84,81700.0,791,28.61,0.834,22,0.6738,1,55,92.69,153.86,53.5356368592196
1142,18,77800.0,982,25.74,0.886,29,0.7042,1,55,86.29,138.02,54.01413248640258
1143,21,30000.0,23,12.27,1.304,1,0.1821,1,95,63.29,157.48,94.95001791649753
1144,46,70900.0,844,19.99,0.853,24,0.6285,0,55,72.06,70.3,53.944993370570614
1145,55,87700.0,404,26.16,0.52,7,0.5966,1,55,58.64,101.37,53.55585734667523
1146,67,79900.0,260,27.36,1.038,9,0.5051,0,55,114.75,109.89,55.04859240747948
1147,63,57800.0,1079,11.08,0.89,32,0.6215,1,55,42.26,104.87,54.6815940282414
1148,48,43800.0,69,16.92,1.304,3,0.2487,0,95,79.42,87.88,94.6386274741926
1149,72,70100.0,361,20.36,1.163,14,0.4762,0,55,91.0,94.38,55.02948542507375
1150,73,73800.0,342,18.22,0.614,7,0.4931,1,55,50.12,94.98,54.38423456064022
1151,58,67600.0,38,17.26,0.789,1,0.3639,0,95,47.8,57.59,96.27984153910597
1152,71,64400.0,278,24.93,0.432,4,0.4161,0,55,44.21,62.73,53.951149664604394
1153,60,43300.0,117,19.17,0.769,3,0.2577,0,95,59.38,65.31,94.13246720598836
1154,45,71900.0,119,31.32,1.008,4,0.4129,0,95,125.37,125.34,95.44930709285312
1155,67,77300.0,542,18.75,0.775,14,0.5762,0,55,63.56,54.92,54.478281614396
1156,57,69600.0,306,21.13,0.588,6,0.4562,0,55,51.52,51.38,54.08631600102601
1157,55,67300.0,240,21.64,0.625,5,0.422,0,55,44.52,39.57,53.365196414277015
1158,80,105300.0,1100,30.28,0.791,29,0.8443,1,35,99.94,132.94,51.178973908234525
1159,18,44500.0,55,23.47,0.545,1,0.2487,1,95,47.11,155.0,94.36268146972516
1160,31,87100.0,22,23.53,1.364,1,0.4753,0,95,117.47,126.3,94.46852669563472
1161,35,45600.0,1077,11.37,0.585,21,0.5482,1,55,32.54,84.11,54.8233761933486
1162,49,87100.0,89,19.51,0.337,1,0.4961,0,95,16.81,17.69,94.36985770615091
1163,51,90100.0,426,24.23,0.493,7,0.6173,0,55,44.94,44.9,53.47712879094434
1164,29,53600.0,890,23.65,0.674,20,0.5393,0,55,66.11,61.78,54.28502753960441
1165,38,96500.0,238,17.24,0.63,5,0.599,1,55,42.86,84.42,51.50564030897206
1166,40,71800.0,165,14.92,0.727,4,0.4262,0,95,38.39,46.67,95.25492290286289
1167,90,53600.0,108,21.83,0.278,1,0.3066,0,95,16.33,28.14,94.52786696488006
1168,86,63300.0,46,13.03,5.0,8,0.342,0,95,254.52,248.45,93.49270880627313
1169,48,87400.0,90,17.48,0.333,1,0.4983,1,95,14.66,103.13,94.32213591974813
1170,49,83200.0,327,28.16,1.101,12,0.5461,1,55,123.0,187.08,54.635371301665785
1171,35,38800.0,287,14.71,0.732,7,0.2774,0,55,38.71,32.05,54.57112110171551
1172,23,55700.0,180,16.87,0.5,3,0.3375,1,55,22.71,63.84,56.5981142785019
1173,53,68900.0,155,27.18,1.161,6,0.4059,0,95,123.91,119.47,95.20735040188983
1174,38,50900.0,20,12.32,1.5,1,0.2705,0,95,68.77,82.33,95.32221405792663
1175,54,114300.0,567,20.83,0.635,12,0.7771,1,35,55.05,84.82,46.06780247253038
1176,28,64500.0,60,27.82,3.5,7,0.3526,1,95,392.38,480.89,90.75477217718681
1177,42,61100.0,1100,20.33,0.573,21,0.6464,0,55,57.33,52.62,54.91832870672159
1178,58,90600.0,23,26.99,1.304,1,0.4971,1,95,145.96,229.45,93.857778490374
1179,61,58500.0,403,17.22,0.819,11,0.4187,1,55,47.71,89.53,54.18709309639456
1180,62,87600.0,86,22.61,2.093,6,0.4983,0,95,171.91,169.28,94.61446451335473
1181,33,30000.0,47,10.98,0.638,1,0.1866,0,95,15.87,1.84,96.54765427042673
1182,70,58500.0,50,20.37,5.0,9,0.317,0,95,403.38,399.4,93.14094576808628
1183,41,84200.0,397,26.79,0.907,12,0.5736,1,55,84.33,141.97,53.67979917812172
1184,66,100200.0,792,26.01,0.492,13,0.7653,0,35,46.26,50.03,47.94774559025221
1185,55,48800.0,1100,22.62,0.627,23,0.5746,1,55,56.99,110.58,54.515523814904
1186,32,41700.0,981,19.57,0.765,25,0.4945,0,55,55.38,43.4,54.40368246034927
1187,50,75900.0,466,16.14,0.515,8,0.5445,1,55,35.48,86.37,53.80761736807622
1188,61,53100.0,1100,17.24,0.791,29,0.6003,0,55,49.68,53.13,54.61251986556296
1189,65,61400.0,897,16.97,0.702,21,0.5886,0,55,41.56,47.76,54.93956524094186
1190,53,83000.0,741,26.22,0.607,15,0.6672,0,55,77.33,74.6,54.483525090440764
1191,81,58800.0,488,21.13,0.553,9,0.4465,0,55,46.48,39.44,54.85522262867423
1192,72,30000.0,450,15.14,0.933,14,0.2747,1,55,57.4,113.23,55.39986171125331
1193,51,36900.0,393,20.6,0.305,4,0.2948,1,55,31.89,83.35,55.245696545089054
1194,68,67800.0,712,10.84,0.885,21,0.5708,0,55,45.39,35.21,55.438101655728964
1195,88,32500.0,33,11.86,3.636,4,0.1933,0,95,169.56,172.63,87.24758694654582
1196,88,65400.0,50,17.22,0.6,1,0.3548,0,95,49.7,49.88,95.85595354837636
1197,34,31600.0,716,16.0,0.587,14,0.3543,1,55,33.98,77.9,55.60362748691673
1198,39,96200.0,452,27.19,0.863,13,0.6593,0,55,101.99,95.68,51.663317892518755
1199,80,115500.0,152,27.32,0.395,2,0.6817,1,75,33.3,106.4,93.95398420385987
1200,37,39200.0,484,9.31,0.496,8,0.3313,0,55,16.02,0.78,54.63540202517794
1201,33,66000.0,240,21.93,1.5,12,0.4142,0,55,133.36,126.09,54.73602224475177
1202,47,43200.0,25,17.12,1.2,1,0.2359,1,95,85.06,186.38,94.6464013851472
1203,62,59900.0,223,11.64,0.135,1,0.3734,0,55,0.0,0.0,55.36774940269088
1204,53,102500.0,298,23.9,0.805,8,0.651,0,35,63.77,55.78,45.75533245236684
1205,44,53000.0,417,19.82,0.719,10,0.3903,1,55,60.68,126.51,54.223576117962736
1206,44,56800.0,880,26.79,0.886,26,0.5557,1,55,93.29,151.79,53.860547547811834
1207,43,42800.0,5,10.97,5.0,1,0.2297,0,95,216.27,223.23,98.44702538446666
1208,40,86100.0,374,26.87,0.642,8,0.578,1,55,82.24,129.38,53.56589206824556
1209,90,30000.0,28,9.12,2.143,2,0.183,0,95,75.83,72.99,97.07442350162512
1210,60,56700.0,136,12.15,0.882,4,0.3307,0,95,38.73,38.62,94.89786154551598
1211,70,67000.0,154,13.99,0.974,5,0.3944,0,95,40.1,42.37,95.58311308753963
1212,47,49500.0,1100,20.45,0.764,28,0.5788,1,55,53.83,131.69,54.50882993656322
1213,52,82500.0,278,23.02,0.755,7,0.5266,1,55,76.53,132.37,53.69718833568905
1214,43,87800.0,140,21.6,0.429,2,0.5163,0,95,31.26,42.1,93.89416891721775
1215,18,30000.0,115,16.79,1.304,5,0.1997,0,95,92.6,115.49,94.67947336417814
1216,32,104400.0,13,25.86,2.308,1,0.5783,0,75,228.4,245.56,91.5099423845956
1217,24,30000.0,169,15.05,1.243,7,0.2107,0,95,67.88,69.45,94.50661767072636
1218,18,84700.0,153,21.19,1.569,8,0.5013,0,95,125.83,137.31,94.51697176833085
1219,35,64100.0,192,14.48,0.469,3,0.3886,0,55,30.98,32.25,53.85037058674753
1220,78,59000.0,226,27.31,1.726,13,0.3691,0,55,186.85,186.46,54.47659575472174
1221,54,56200.0,225,25.43,0.4,3,0.3529,1,55,31.8,95.21,53.399100617731165
1222,77,68700.0,92,28.26,0.326,1,0.3859,1,95,42.57,146.4,95.171250224649
1223,62,70800.0,62,17.92,1.452,3,0.3893,0,95,108.03,113.1,96.29204754079288
1224,68,48300.0,129,13.84,1.163,5,0.2849,0,95,67.11,65.43,94.6699998100488
1225,40,57100.0,1100,16.49,0.764,28,0.6236,0,55,52.76,47.93,54.869700282402576
1226,64,50600.0,651,22.96,0.876,19,0.4467,1,55,73.62,116.55,54.33726853026139
1227,67,41900.0,151,16.28,0.993,5,0.2592,0,95,74.73,76.36,93.80365020383805
1228,45,45800.0,563,14.15,1.066,20,0.3914,0,55,59.53,61.89,54.828013645006976
1229,65,42900.0,56,18.25,0.536,1,0.2416,0,95,41.27,49.58,94.48777006867185
1230,65,58200.0,162,15.05,0.185,1,0.3462,1,95,14.2,94.61,94.57446634945488
1231,46,72300.0,764,14.07,0.668,17,0.6132,1,55,30.04,86.08,54.710786048575734
1232,36,63700.0,117,20.2,1.026,4,0.3644,0,95,98.07,96.05,96.113189047178
1233,35,102500.0,576,22.79,0.833,16,0.7251,1,35,75.72,110.14,45.69308207490671
1234,56,30000.0,344,14.43,0.785,9,0.2492,0,55,45.58,58.03,54.17882622407115
1235,61,76100.0,225,7.99,0.4,3,0.4708,0,55,9.48,22.3,54.13486202833755
1236,42,62500.0,408,14.91,1.029,14,0.4443,1,55,70.57,135.73,55.04009350357553
1237,55,82100.0,1100,22.09,0.9,33,0.754,0,55,89.06,90.0,53.653435187121886
1238,65,82000.0,361,14.72,0.748,9,0.5493,0,55,45.31,43.41,54.024729715646494
1239,66,63700.0,371,12.14,1.213,15,0.4403,0,55,47.18,59.22,54.83049250226907
1240,81,73800.0,553,21.26,0.868,16,0.5585,0,55,72.5,89.6,54.0781809560282
1241,77,53800.0,175,21.58,1.886,11,0.3257,0,95,162.28,178.27,95.3490054544656
1242,38,74500.0,316,16.72,0.854,9,0.4893,0,55,53.5,58.39,54.08501989525827
1243,84,31300.0,134,13.38,0.896,4,0.2088,0,95,40.09,40.49,94.10392463725698
1244,46,79500.0,207,20.73,1.159,8,0.4861,1,55,83.67,145.59,54.60323039195597
1245,73,68100.0,500,12.4,0.66,11,0.5072,1,55,44.51,107.06,55.308218098539335
1246,56,55000.0,218,24.17,0.963,7,0.3442,0,55,99.04,95.03,54.82566217056872
1247,48,58700.0,3,17.89,5.0,4,0.3055,0,95,358.08,356.15,93.20541629085234
1248,24,55500.0,11,17.46,5.0,3,0.2911,1,95,344.0,469.48,93.20541629085234
1249,52,91600.0,1100,25.6,0.736,27,0.7948,1,55,78.25,129.24,53.21856034858596
1250,28,120000.0,273,20.2,0.769,7,0.7356,0,35,63.77,72.29,46.073999944179135
1251,71,93800.0,413,28.67,0.944,13,0.6348,0,55,105.05,99.9,54.62709873938275
1252,81,58300.0,716,24.0,0.838,20,0.5141,0,55,83.57,82.32,55.038572792971834
1253,41,75400.0,270,22.01,1.0,9,0.4805,1,55,92.14,137.92,55.31571381487839
1254,60,80100.0,74,24.33,1.216,3,0.4486,0,95,123.84,114.65,94.64745400585676
1255,43,43200.0,555,14.85,0.595,11,0.3739,1,55,28.24,89.41,54.94620539318235
1256,44,36300.0,406,19.76,0.591,8,0.2951,0,55,50.16,55.15,54.7700642187707
1257,68,66300.0,684,15.83,0.789,18,0.5532,1,55,59.38,132.78,55.7282580136423
1258,54,81800.0,1100,22.11,0.818,30,0.7526,1,55,74.71,129.98,53.66105709541409
1259,85,37200.0,27,15.72,3.333,3,0.2108,0,95,227.24,228.8,85.99147747539533
1260,47,48300.0,11,17.05,2.727,1,0.256,0,95,184.54,184.11,85.89032181252458
1261,72,80400.0,1100,27.41,0.736,27,0.7462,1,55,66.95,112.23,53.52467920618866
1262,57,66300.0,610,30.89,0.59,12,0.5303,1,55,66.11,127.0,54.02182602279087
1263,69,97500.0,1100,24.08,0.627,23,0.8174,1,55,55.04,108.35,53.47459763840158
1264,47,33800.0,46,17.42,0.652,1,0.201,0,95,49.9,35.54,94.47051693008254
1265,54,114200.0,592,23.12,0.963,19,0.782,1,35,95.71,141.79,46.44915313822057
1266,53,32300.0,1100,20.0,0.764,28,0.4737,1,55,62.21,111.46,54.46297939717888
1267,41,30000.0,1100,11.91,0.9,33,0.4597,0,55,45.22,48.52,54.556340787533145
1268,66,66000.0,736,35.63,0.734,18,0.5673,0,55,119.93,123.59,54.07366376067151
1269,66,43400.0,837,8.16,0.753,21,0.4602,0,55,17.93,20.03,54.74529060891998
1270,65,66200.0,508,30.67,0.591,10,0.498,1,55,71.92,116.88,54.16385021356604
1271,81,68700.0,63,25.26,0.476,1,0.3774,0,95,44.48,58.44,95.47992808225403
1272,80,65900.0,437,14.27,0.481,7,0.4741,1,55,18.06,65.78,54.454139174731445
1273,49,46100.0,245,28.51,0.122,1,0.3037,1,55,0.0,30.44,54.880914615496735
1274,61,75300.0,187,16.65,0.16,1,0.4542,0,55,21.03,29.51,55.20518954965858
1275,44,56100.0,219,16.84,0.822,6,0.3506,1,55,49.26,112.41,54.64541193423899
1276,55,88200.0,66,16.75,0.455,1,0.4958,0,95,28.48,16.53,94.42844781135946
1277,45,59200.0,564,18.15,0.691,13,0.4724,1,55,53.61,108.56,55.128150128151255
1278,83,50300.0,20,17.28,3.0,2,0.2676,0,95,197.84,208.64,86.10977349868242
1279,61,30800.0,766,18.77,0.587,15,0.3641,0,55,37.4,51.52,55.68353275450958
1280,51,60600.0,23,31.28,1.304,1,0.3209,0,95,162.98,169.11,95.61224937111302
1281,75,42300.0,186,13.78,1.129,7,0.2696,0,55,58.72,66.99,54.739992914111305
1282,18,30000.0,249,2.0,1.084,9,0.2277,1,55,0.0,62.17,54.81934501828452
1283,21,69300.0,662,23.64,0.816,18,0.5646,0,55,82.02,80.65,53.668872309973644
1284,69,30500.0,542,11.82,0.72,13,0.3007,0,55,30.33,19.44,55.63894231422493
1285,56,94900.0,1100,33.33,0.709,26,0.8077,1,55,95.62,148.01,53.29762321144615
1286,59,69200.0,114,20.21,0.789,3,0.3954,1,95,64.24,170.48,96.02555737826002
1287,32,59500.0,139,15.13,1.727,8,0.347,1,95,112.27,218.42,95.39826631598221
1288,55,43300.0,90,11.43,1.0,3,0.2513,0,95,48.54,50.58,95.51396975908709
1289,89,87900.0,121,26.3,0.744,3,0.511,1,95,71.37,163.03,93.09489519898662
1290,69,67700.0,676,18.78,0.843,19,0.5592,1,55,72.62,144.97,55.57491338901623
1291,58,51200.0,254,25.02,0.709,6,0.3333,0,55,67.17,68.41,53.21934035119756
1292,48,67800.0,574,19.12,0.784,15,0.5283,0,55,53.45,59.82,54.48033117903449
1293,48,30000.0,131,21.57,0.687,3,0.203,0,95,51.58,39.51,94.21079765601336
1294,19,30000.0,57,7.6,0.526,1,0.1885,0,95,0.0,0.0,96.68962399863213
1295,59,42300.0,306,7.65,1.078,11,0.3,0,55,28.12,38.98,54.59465011109536
1296,69,75100.0,74,25.41,0.405,1,0.4184,0,95,44.34,30.64,94.63680841091993
1297,28,59500.0,367,16.6,0.899,11,0.4138,1,55,48.8,103.41,53.88069656998731
1298,44,84800.0,176,21.4,0.511,3,0.5091,0,95,57.41,61.5,93.59017689885745
1299,35,41700.0,192,11.19,0.156,1,0.2681,1,55,0.0,69.28,55.483891167855056
1300,39,73900.0,649,15.66,0.601,13,0.5883,1,55,31.38,96.14,54.655710140238774
1301,56,62800.0,290,22.6,0.724,7,0.4102,0,55,53.55,70.48,54.07248912548763
1302,20,38200.0,51,15.64,1.176,2,0.22,0,95,80.92,89.23,94.45772920271425
1303,65,75100.0,172,15.96,1.221,7,0.4484,1,95,83.17,187.06,94.81695886315292
1304,68,66200.0,221,23.88,1.086,8,0.4097,1,55,101.61,147.05,54.625883466777
1305,51,51000.0,348,23.52,0.345,4,0.3587,0,55,21.08,11.24,54.3836529019335
1306,18,58500.0,1100,18.23,0.791,29,0.6317,1,55,48.09,119.9,54.66670754362178
1307,38,58900.0,28,23.85,3.214,3,0.3132,1,95,308.62,399.08,85.98178091839969
1308,76,66000.0,430,14.89,0.767,11,0.4725,1,55,40.27,89.85,54.566719106536354
1309,18,48900.0,757,20.22,0.793,20,0.4691,0,55,59.64,36.57,54.81127997057957
1310,49,36400.0,50,16.27,0.6,1,0.2123,0,95,38.46,49.06,94.13316738097956
1311,35,62600.0,849,15.43,0.636,18,0.5812,1,55,35.95,79.76,54.86567065857949
1312,69,50900.0,151,27.9,1.589,8,0.3039,0,95,163.34,155.13,95.90394209195532
1313,44,41400.0,10,17.37,3.0,1,0.2248,0,95,197.79,208.74,85.9114425961309
1314,62,61300.0,819,16.24,0.989,27,0.5643,0,55,53.79,31.7,54.79909947409037
1315,65,82400.0,551,22.46,0.544,10,0.6092,1,55,43.05,111.64,54.37976944614591
1316,86,75100.0,102,16.92,2.059,7,0.4269,1,95,140.07,226.78,95.26333071499882
1317,52,53200.0,247,12.2,0.486,4,0.3424,0,55,24.11,22.64,54.07555314221541
1318,61,54200.0,110,15.88,1.364,5,0.3103,0,95,96.13,88.38,95.05042640654396
1319,30,73400.0,420,19.1,0.714,10,0.5149,1,55,43.29,84.99,53.323647716256914
1320,75,30000.0,315,10.48,0.762,8,0.2425,0,55,34.39,26.81,54.621515941679824
1321,42,79100.0,83,28.12,1.446,4,0.4453,1,95,156.35,243.08,94.95412915922257
1322,45,30000.0,254,10.67,0.591,5,0.2288,0,55,41.03,28.72,54.2927715935685
1323,55,35300.0,678,10.63,0.841,19,0.3643,0,55,34.91,50.34,54.9547690451235
1324,28,48800.0,86,11.39,0.349,1,0.2766,1,95,11.41,96.71,96.38876444765597
1325,59,111400.0,214,20.3,0.841,6,0.6766,1,35,70.48,86.61,46.22545343379738
1326,71,103400.0,177,30.65,0.169,1,0.6213,1,75,22.3,76.65,94.23140147171401
1327,60,80800.0,996,23.41,0.723,24,0.7229,1,55,64.66,124.02,53.44208008320976
1328,28,67100.0,11,23.52,5.0,4,0.3533,0,95,475.15,457.81,93.42691297213057
1329,53,30000.0,649,19.59,0.832,18,0.3267,0,55,77.28,75.5,54.707267589472565
1330,68,70900.0,96,18.97,1.562,5,0.4,1,95,125.87,240.57,96.05469873026043
1331,23,47100.0,16,24.43,1.875,1,0.2515,0,95,182.03,183.85,95.1233900550371
1332,37,44200.0,176,13.5,1.534,9,0.2764,0,95,97.05,100.29,93.83929463802707
1333,70,71300.0,241,15.22,0.871,7,0.4465,1,55,56.88,106.59,54.70394693178041
1334,60,56100.0,968,20.28,0.682,22,0.5784,1,55,46.54,101.41,54.6806861952724
1335,62,84700.0,72,23.43,1.667,4,0.4761,0,95,156.67,154.51,94.74577059091233
1336,87,30700.0,1100,15.32,0.818,30,0.4639,0,55,48.39,51.48,54.58583030891845
1337,63,68200.0,497,25.31,0.845,14,0.5069,1,55,81.22,152.79,54.09695154590871
1338,66,48700.0,40,17.84,0.75,1,0.2648,0,95,56.03,51.76,95.02885188000734
1339,90,63400.0,714,21.08,0.798,19,0.5448,1,55,52.26,99.38,55.2638479203103
1340,51,70600.0,281,27.39,1.174,11,0.4545,0,55,141.45,140.69,54.57650617038532
1341,41,38700.0,1100,17.14,0.791,29,0.5131,1,55,59.13,123.73,54.59768927472689
1342,62,69800.0,51,22.94,0.588,1,0.3803,1,95,39.22,130.84,96.09914392317452
1343,62,61900.0,970,12.2,0.68,22,0.6133,1,55,37.98,95.65,55.02166518490824
1344,46,49300.0,30,35.99,1.0,1,0.2653,0,95,147.51,152.62,96.14775309010739
1345,37,51500.0,153,9.77,0.392,2,0.3075,0,95,27.04,48.57,96.41101136157614
1346,90,68800.0,79,17.62,0.38,1,0.3827,0,95,40.57,49.8,95.7151988443456
1347,61,50100.0,1100,14.67,0.9,33,0.5824,1,55,67.95,114.23,54.60380318734917
1348,43,62700.0,340,29.95,0.529,6,0.4248,0,55,61.15,39.24,53.67889422195777
1349,71,62400.0,288,16.36,0.521,5,0.4072,0,55,38.42,39.92,54.79350832870169
1350,53,51800.0,109,19.98,0.275,1,0.2975,1,95,18.13,106.08,94.42343631764147
1351,51,97600.0,20,21.83,4.5,3,0.5392,0,95,400.77,395.91,88.62684338148136
1352,65,75700.0,490,16.15,0.735,12,0.5506,1,55,30.19,75.23,54.18350688330362
1353,33,52600.0,405,20.74,0.667,9,0.3844,1,55,45.13,95.08,53.68839018829401
1354,61,69300.0,1100,16.8,0.736,27,0.6911,1,55,45.99,95.74,55.16034656437442
1355,88,50000.0,184,18.54,0.978,6,0.3079,1,55,72.05,125.89,55.13657703319514
1356,63,57400.0,471,21.74,0.637,10,0.4328,1,55,56.7,104.97,54.45430891566311
1357,49,57100.0,177,28.1,0.169,1,0.3444,1,95,29.19,117.02,95.01983422398385
1358,46,37000.0,329,9.24,0.365,4,0.279,0,55,8.29,13.59,54.82212569072305
1359,48,71700.0,420,19.99,0.429,6,0.5044,0,55,23.97,23.94,53.92184535440691
1360,51,53600.0,344,17.48,0.785,9,0.3723,0,55,51.79,51.83,54.07351639023936
1361,49,56300.0,509,18.45,0.943,16,0.4377,1,55,64.74,119.25,55.33988200635315
1362,71,56300.0,1024,31.29,0.879,30,0.5965,1,55,114.44,160.49,54.1313382976286
1363,26,120000.0,228,27.13,0.132,1,0.7245,1,35,26.52,75.89,47.43578641424667
1364,70,54100.0,76,5.51,1.579,4,0.3008,0,95,46.28,66.6,97.72833945494851
1365,49,30000.0,310,13.51,0.581,6,0.2414,0,55,40.11,52.5,54.5744605656964
1366,61,32600.0,423,14.3,1.348,19,0.2808,0,55,72.55,54.91,54.96309646806211
1367,36,77100.0,114,20.36,1.842,7,0.4427,0,95,148.72,142.1,95.37858071783434
1368,78,97700.0,198,21.06,1.515,10,0.5941,1,55,131.02,193.1,51.386508063454585
1369,76,54900.0,496,11.63,0.907,15,0.4253,0,55,36.03,28.53,55.016053063196125
1370,71,95100.0,346,35.06,0.867,10,0.6228,1,55,116.17,164.16,53.532356711131065
1371,29,75400.0,486,22.9,0.679,11,0.5476,1,55,65.19,106.48,53.42816403204209
1372,69,63800.0,45,18.61,0.667,1,0.3445,1,95,38.74,130.11,95.93122581549949
1373,62,60900.0,350,29.77,0.514,6,0.417,0,55,69.95,61.73,53.77033958515285
1374,28,63400.0,366,15.17,0.902,11,0.4369,1,55,51.52,82.61,53.79212922390992
1375,55,83400.0,561,25.52,1.016,19,0.618,1,55,108.04,174.55,54.84038274007299
1376,61,74500.0,187,14.93,0.642,4,0.4493,0,55,39.99,44.16,53.786463782049104
1377,64,52600.0,153,21.64,0.392,2,0.3133,0,95,43.97,30.61,94.02372380162657
1378,58,61900.0,434,13.61,0.415,6,0.4487,0,55,5.57,14.25,54.491655933802015
1379,60,107600.0,494,28.49,0.789,13,0.7297,0,35,100.0,101.27,45.38135438977858
1380,80,75300.0,774,31.06,0.891,23,0.6334,1,55,120.6,187.2,53.74392043358513
1381,76,87500.0,451,23.59,0.998,15,0.6095,1,55,96.42,158.76,55.68215259664926
1382,18,68900.0,385,9.37,1.091,14,0.4763,1,55,45.06,92.31,54.039555808548734
1383,50,69700.0,106,20.63,1.132,4,0.396,1,95,98.18,199.87,96.34546689912446
1384,52,66700.0,74,22.41,0.811,2,0.3691,0,95,65.49,72.6,96.55814691982441
1385,25,77800.0,487,26.17,0.986,16,0.5625,1,55,103.65,169.2,54.78427914431866
1386,57,80500.0,589,29.44,0.56,11,0.6094,0,55,73.07,83.04,53.66491685364725
1387,76,74700.0,20,28.83,1.5,1,0.3998,0,95,158.68,179.46,94.94528392230134
1388,37,46800.0,91,16.37,2.308,7,0.2681,0,95,154.9,164.42,91.26044948871352
1389,61,74300.0,271,17.85,0.443,4,0.4741,1,55,32.33,79.48,54.31360931523684
1390,39,60400.0,364,13.47,0.742,9,0.4182,1,55,45.0,101.77,53.87952059911917
1391,44,56300.0,58,15.75,1.552,3,0.3075,1,95,87.6,172.11,95.58309370398366
1392,80,120000.0,704,30.38,0.767,18,0.8263,1,35,87.26,134.35,46.27409504607308
1393,46,30900.0,693,7.89,0.909,21,0.3438,1,55,17.52,63.96,54.81671803649321
1394,63,86700.0,209,18.37,1.435,10,0.531,1,55,94.19,171.5,54.66247732022383
1395,23,40500.0,752,18.89,0.798,20,0.4166,1,55,66.94,119.02,55.063733883653654
1396,87,74200.0,317,17.9,1.136,12,0.4878,1,55,76.63,131.19,54.989312575531144
1397,65,120000.0,153,29.85,0.196,1,0.7055,1,75,18.1,88.46,94.72012612138784
1398,52,44200.0,36,12.56,0.833,1,0.2429,0,95,50.57,43.41,94.34140445808977
1399,65,51800.0,180,19.21,2.0,12,0.3163,1,55,150.93,200.63,57.02140338569655
1400,31,59800.0,251,15.11,1.434,12,0.381,0,55,94.38,96.7,54.78666308997173
1401,75,51200.0,310,8.17,0.387,4,0.349,1,55,4.25,59.43,54.52489744732414
1402,49,82400.0,616,27.14,0.731,15,0.6283,0,55,76.59,72.32,53.702605942732376
1403,52,53200.0,106,14.5,0.849,3,0.304,1,95,42.0,140.06,94.52642595126665
1404,47,77100.0,73,20.32,1.233,3,0.4301,0,95,104.6,99.17,95.47070188502256
1405,45,35100.0,236,11.81,1.271,10,0.2475,0,55,58.39,58.34,54.97042198780176
1406,67,30000.0,198,17.22,1.515,10,0.2168,0,55,110.2,127.86,54.73169205469812
1407,59,61000.0,121,20.82,0.744,3,0.3503,0,95,63.18,57.45,94.71790754058323
1408,66,34300.0,324,17.86,1.019,11,0.2647,0,55,57.23,54.2,55.74041987825594
1409,55,96900.0,88,21.79,1.364,4,0.5559,0,95,116.77,105.23,94.2906930640108
1410,64,34700.0,741,14.96,0.729,18,0.3792,0,55,31.34,27.96,55.728354483942944
1411,48,41800.0,448,18.36,0.402,6,0.3356,0,55,32.29,36.04,54.5041359906667
1412,90,80700.0,289,29.83,1.038,10,0.519,1,55,128.3,178.01,54.627491126527985
1413,28,47300.0,2,18.63,5.0,2,0.2492,0,95,377.87,366.53,93.42177884825047
1414,76,37300.0,363,10.58,0.826,10,0.2891,0,55,33.97,37.59,54.66469396963457
1415,78,112400.0,544,28.2,0.607,11,0.7638,1,35,55.41,95.09,45.65091689270119
1416,41,41200.0,488,15.36,1.107,18,0.3434,0,55,69.69,75.83,54.79816771948768
1417,90,67900.0,136,10.19,0.882,4,0.3943,1,95,39.21,121.82,98.13266914314002
1418,72,64000.0,156,10.37,0.192,1,0.3775,0,95,6.5,20.21,98.02800147241676
1419,72,83300.0,325,22.16,0.369,4,0.5461,1,55,33.39,83.51,54.44549292830298
1420,55,74700.0,198,21.29,1.061,7,0.4539,0,55,75.25,65.17,54.575549991543625
1421,51,46800.0,481,15.55,0.873,14,0.3731,0,55,54.83,65.08,54.14604192193497
1422,51,57400.0,823,23.03,0.693,19,0.5418,0,55,62.97,76.32,54.43844277657782
1423,62,61600.0,380,14.56,0.868,11,0.4303,1,55,40.85,92.7,54.077306781676164
1424,79,85500.0,152,15.89,1.184,6,0.5059,0,95,79.48,71.15,94.32167970883245
1425,58,41100.0,81,12.04,0.741,2,0.2392,0,95,31.73,36.16,95.02899825702008
1426,40,104400.0,83,22.61,0.361,1,0.5993,1,75,34.48,96.16,94.1404977590109
1427,69,51900.0,249,17.49,1.084,9,0.3358,1,55,79.74,160.26,55.00407087009762
1428,71,68000.0,1100,16.21,0.818,30,0.6842,0,55,55.67,45.35,55.05390328055537
1429,66,42800.0,53,5.71,1.698,3,0.2405,1,95,28.06,126.62,96.91362180960432
1430,68,40300.0,244,3.2,0.492,4,0.2741,1,55,3.22,56.62,54.20589811183273
1431,50,45600.0,113,17.46,0.265,1,0.2677,0,95,35.54,26.35,94.01233507933662
1432,39,41400.0,474,10.56,0.759,12,0.3406,1,55,43.22,88.87,54.44041563418726
1433,40,53300.0,552,7.97,0.924,17,0.4328,0,55,36.13,47.41,54.53877735392141
1434,27,38800.0,2,18.94,5.0,3,0.2121,0,95,380.99,384.67,93.48854181697405
1435,59,80400.0,934,29.79,0.803,25,0.7051,1,55,87.78,135.82,52.96940173957875
1436,54,48400.0,274,16.79,0.547,5,0.3236,0,55,35.44,29.84,54.406724994899115
1437,48,44800.0,709,18.06,0.635,15,0.4294,0,55,42.49,34.36,55.53421485379474
1438,18,49300.0,60,18.78,0.5,1,0.2726,0,95,36.88,45.69,94.80364818571249
1439,34,81600.0,1001,10.67,0.749,25,0.728,1,55,20.4,84.62,53.84214441857087
1440,74,73300.0,307,25.44,1.075,11,0.4791,0,55,117.03,122.3,54.96520590937228
1441,44,60700.0,54,25.3,0.556,1,0.3299,0,95,34.78,37.31,95.24695643789853
1442,61,36100.0,243,24.6,0.617,5,0.2538,0,55,67.57,73.84,53.371557707220745
1443,31,36200.0,1100,13.24,0.927,34,0.4977,1,55,56.1,94.61,54.549267023327985
1444,79,43000.0,196,10.77,1.531,10,0.2754,0,55,84.57,87.32,54.67025208997068
1445,53,92000.0,42,30.59,0.714,1,0.5117,1,95,85.37,191.05,94.87623757395023
1446,60,77100.0,1100,24.06,0.873,32,0.7305,0,55,79.86,82.17,54.4633941182573
1447,90,53900.0,1100,22.46,0.655,24,0.605,1,55,59.81,115.34,54.65686926387142
1448,81,58300.0,338,15.51,0.621,7,0.3979,1,55,43.01,91.65,54.52822718463961
1449,50,46700.0,273,18.36,0.659,6,0.3143,1,55,47.68,96.98,54.45213738580252
1450,45,44400.0,374,11.39,0.722,9,0.3293,1,55,23.43,73.2,54.39400558773851
1451,49,73500.0,212,21.0,0.991,7,0.4509,0,55,87.71,89.94,55.01456255028323
1452,64,60800.0,336,17.38,0.804,9,0.4122,1,55,55.89,106.04,54.40535024744978
1453,53,108300.0,1050,37.96,0.8,28,0.8459,1,35,113.41,130.17,51.00584410626254
1454,48,89900.0,373,26.23,0.643,8,0.6004,0,55,54.46,62.44,53.55722224786691
1455,80,97500.0,115,13.86,1.043,4,0.5678,1,95,77.58,177.8,94.08362304807706
1456,53,78700.0,5,21.8,5.0,1,0.4191,0,95,442.66,446.21,93.48090616216838
1457,90,63100.0,312,21.31,0.385,4,0.4187,0,55,37.29,27.92,54.67395545472101
1458,57,78000.0,463,19.33,0.842,13,0.5563,0,55,64.18,59.26,53.433859343411854
1459,85,63700.0,981,14.04,0.765,25,0.627,0,55,48.48,53.67,54.93700780089257
1460,61,100400.0,174,28.36,0.345,2,0.6029,1,75,30.72,105.98,94.59548214362917
1461,71,76700.0,407,16.7,0.663,9,0.5311,1,55,45.88,93.9,54.11476784486787
1462,43,68100.0,145,23.09,0.414,2,0.3982,1,95,40.18,148.18,95.61988095442412
1463,40,64700.0,307,14.48,0.684,7,0.4267,1,55,31.4,77.93,54.16669976800602
1464,63,103100.0,605,22.8,0.992,20,0.7351,1,35,89.63,94.78,46.59304278358043
1465,72,38300.0,484,20.53,1.116,18,0.3264,1,55,88.34,144.22,55.192922358172005
1466,56,103800.0,245,28.02,0.122,1,0.6433,1,35,7.56,43.86,47.328915714696684
1467,33,56700.0,383,18.66,0.862,11,0.4019,0,55,60.03,60.61,53.579816977956646
1468,32,30900.0,391,14.49,0.997,13,0.2646,0,55,44.13,48.15,55.21390663766976
1469,31,44400.0,127,17.11,0.709,3,0.2653,0,95,57.03,51.46,93.57359131574437
1470,25,30000.0,112,10.54,1.607,6,0.1992,0,95,80.25,90.51,96.9793860847188
1471,57,79100.0,535,14.28,1.009,18,0.5849,0,55,50.22,36.56,55.181697345493106
1472,74,47000.0,756,19.9,0.595,15,0.4572,0,55,56.24,56.03,55.87970698546447
1473,55,68500.0,479,27.93,0.752,12,0.5031,0,55,83.76,77.5,54.23331074977778
1474,18,81400.0,1100,25.23,0.9,33,0.7508,1,55,90.75,155.81,53.557462852491156
1475,52,50300.0,552,18.82,0.543,10,0.4147,1,55,30.51,77.57,54.76084083323331
1476,52,58800.0,105,12.78,0.571,2,0.3336,0,95,24.73,25.44,94.92449226213029
1477,90,44600.0,1100,21.08,0.709,26,0.5492,1,55,64.05,119.9,54.68018153797185
1478,30,51800.0,535,20.18,0.953,17,0.4186,0,55,69.12,71.08,55.30802972849199
1479,48,117700.0,113,31.46,1.593,6,0.6829,1,75,194.53,262.23,94.56398669119115
1480,84,87100.0,218,28.23,0.826,6,0.5362,0,55,89.21,92.86,53.980983277343135
1481,63,61000.0,149,27.08,0.805,4,0.3583,0,95,59.94,60.23,95.22271984978778
1482,65,54200.0,27,12.56,1.111,1,0.2886,0,95,58.44,61.88,95.43332278636814
1483,57,64500.0,1100,13.23,0.873,32,0.6653,1,55,51.29,122.04,54.93585193974862
1484,61,68900.0,108,21.08,0.556,2,0.3919,0,95,49.8,50.96,95.82653971829126
1485,68,58800.0,272,14.21,0.662,6,0.3813,0,55,45.17,35.22,54.74898690164872
1486,41,73300.0,32,15.52,3.75,4,0.3951,0,95,229.25,248.86,84.99020203949158
1487,70,48000.0,221,23.3,0.814,6,0.3072,0,55,90.35,100.15,54.114544571961964
1488,32,40300.0,323,11.0,1.022,11,0.2941,0,55,38.21,44.75,55.18590122396916
1489,61,74000.0,436,21.04,0.894,13,0.5235,1,55,73.44,126.62,53.669678882348784
1490,58,41100.0,716,8.01,0.796,19,0.4094,1,55,22.92,85.32,55.14556701183215
1491,45,78300.0,39,22.06,1.538,2,0.427,1,95,137.2,211.63,95.47942223875884
1492,55,64700.0,6,25.62,5.0,1,0.3385,0,95,510.48,525.95,93.36170694096256
1493,44,30000.0,303,20.57,0.693,7,0.2398,0,55,56.2,65.16,54.37195674102049
1494,37,63700.0,179,24.78,1.341,8,0.3825,0,95,127.49,125.72,85.92800456337238
1495,49,30000.0,1100,14.11,0.682,25,0.4597,0,55,34.98,43.69,54.90492248716453
1496,36,75800.0,449,26.93,0.601,9,0.5386,0,55,46.87,53.05,53.59647860967789
1497,60,60800.0,92,21.27,0.326,1,0.341,1,95,34.16,119.06,95.16085569474937
1498,35,99900.0,83,22.79,1.084,3,0.5725,0,95,90.64,92.43,94.32586400574752
1499,67,89900.0,837,25.39,0.896,25,0.728,0,55,87.07,90.82,52.98682072728095
1500,35,38700.0,27,20.23,2.222,2,0.217,0,95,171.33,169.99,93.72923374763383
1501,45,30000.0,533,7.86,0.394,7,0.2958,0,55,16.94,14.75,54.94182346824638
1502,44,46900.0,1100,11.73,0.791,29,0.5632,1,55,32.77,96.78,54.63610100260171
1503,78,44000.0,169,15.88,0.533,3,0.2736,0,95,14.31,16.07,93.74566182938574
1504,61,104500.0,596,19.57,0.805,16,0.7396,1,35,65.26,119.04,46.18345885000631
1505,51,64000.0,948,13.42,0.728,23,0.6191,0,55,33.1,26.57,54.84244282459513
1506,63,86200.0,607,20.83,0.643,13,0.6473,1,55,53.39,112.48,54.732191550695504
1507,19,51800.0,291,22.73,0.722,7,0.347,1,55,72.3,118.1,53.67101702459778
1508,54,61000.0,367,24.02,0.654,8,0.4228,1,55,54.94,116.71,54.09163638297821
1509,89,71100.0,654,22.27,0.78,17,0.573,0,55,69.08,57.93,54.70741208749935
1510,57,88600.0,696,24.19,0.647,15,0.6851,0,55,56.43,59.31,54.64417066310314
1511,56,71700.0,327,31.19,0.459,5,0.4755,0,55,65.16,76.96,53.59990618735646
1512,64,44600.0,61,13.99,1.967,4,0.2505,1,95,110.7,206.22,94.79659689328919
1513,70,102100.0,1100,26.52,0.845,31,0.8337,1,35,89.45,114.55,51.14308775732562
1514,21,52100.0,106,14.87,1.132,4,0.2983,0,95,57.4,66.85,94.59556526562181
1515,26,49600.0,64,11.0,0.469,1,0.2751,0,95,26.64,30.24,97.05892474453597
1516,59,30000.0,339,20.42,0.531,6,0.2481,1,55,50.39,104.54,54.13480954352644
1517,43,75900.0,22,19.86,1.364,1,0.4075,1,95,102.23,187.55,95.78943735381921
1518,77,71500.0,266,24.2,1.015,9,0.4554,0,55,99.48,83.38,55.54846220540033
1519,50,66100.0,545,18.68,0.606,11,0.5089,1,55,49.98,127.5,55.18549063447074
1520,22,49900.0,380,23.72,0.947,12,0.3616,0,55,107.6,101.86,54.55605638001617
1521,33,48500.0,1100,12.29,0.791,29,0.5728,0,55,42.01,32.09,54.642210755976045
1522,18,49800.0,862,23.29,0.87,25,0.5073,1,55,81.05,139.19,54.004232408199925
1523,51,73900.0,728,25.56,0.865,21,0.6119,0,55,87.19,77.01,53.889168797639066
1524,52,77800.0,691,12.7,0.825,19,0.6237,1,55,41.14,101.12,54.35585194550158
1525,48,58700.0,430,16.22,0.419,6,0.4281,1,55,33.32,101.83,54.64827693631854
1526,73,88500.0,119,28.38,1.261,5,0.5141,0,95,136.09,125.51,94.91673906683792
1527,75,67300.0,16,28.28,1.875,1,0.3558,0,95,219.56,216.57,95.2120052832339
1528,52,53800.0,1100,21.65,0.709,26,0.6044,1,55,49.07,108.38,54.49322640588142
1529,19,62000.0,364,17.32,1.071,13,0.4279,1,55,79.53,122.35,54.35909089466037
1530,65,38500.0,489,10.93,0.736,12,0.3289,0,55,39.74,30.63,54.983253171583776
1531,64,71700.0,859,23.59,0.698,20,0.6374,1,55,72.31,126.15,54.30875663196324
1532,60,33600.0,597,12.91,0.905,18,0.332,1,55,48.9,123.5,54.96094631605292
1533,72,46800.0,500,15.1,0.66,11,0.3786,0,55,43.02,34.5,54.9899050532667
1534,35,30000.0,25,13.38,1.2,1,0.1824,1,95,61.02,153.19,94.67892835347166
1535,89,68100.0,224,24.62,0.268,2,0.4219,0,55,17.39,42.19,54.84606437974326
1536,39,95600.0,255,33.37,0.471,4,0.5988,0,55,64.87,72.82,52.62272263070977
1537,68,65100.0,713,24.9,0.673,16,0.5548,0,55,67.58,50.64,55.44176207349726
1538,26,72700.0,1,20.95,5.0,2,0.3824,1,95,426.39,519.05,93.48090616216838
1539,39,111200.0,156,22.18,0.192,1,0.6595,0,75,15.9,21.75,93.64550896007789
1540,81,78700.0,395,25.14,0.304,4,0.5396,0,55,31.84,46.31,55.125653863114145
1541,51,48100.0,380,25.54,0.789,10,0.3514,0,55,82.9,96.83,53.760383938721624
1542,69,54600.0,56,23.21,0.536,1,0.2982,0,95,54.34,59.94,94.80214898711374
1543,59,65800.0,59,20.91,0.508,1,0.3597,1,95,50.08,152.25,96.229751268359
1544,53,51300.0,215,15.25,1.256,9,0.3231,1,55,68.99,111.0,54.732113572698516
1545,78,57900.0,474,20.41,0.759,12,0.4367,1,55,67.58,115.65,54.797845549105354
1546,51,84900.0,835,28.51,0.898,25,0.7025,1,55,100.96,142.99,52.87368465194535
1547,25,80500.0,58,23.24,0.517,1,0.4461,1,95,53.2,158.51,94.92783877393664
1548,41,30000.0,17,13.98,5.0,3,0.181,0,95,291.43,295.19,93.62063240828482
1549,64,49600.0,839,14.0,0.679,19,0.4989,0,55,21.16,22.22,55.156932171659975
1550,62,56700.0,201,31.45,0.746,5,0.3489,0,55,103.56,119.0,53.69021906063265
1551,28,72200.0,1100,16.38,0.682,25,0.7061,0,55,43.74,49.12,54.932750393020804
1552,43,86600.0,590,18.07,0.61,12,0.6447,1,55,37.25,103.63,54.84605611820046
1553,45,119700.0,748,28.78,0.722,18,0.833,1,35,79.62,122.18,46.152067050304055
1554,49,54000.0,301,17.09,0.399,4,0.3622,0,55,19.02,27.56,54.78481600925539
1555,32,51700.0,19,22.87,1.579,1,0.2742,0,95,148.51,138.08,95.54526162343055
1556,44,75200.0,52,26.57,0.577,1,0.4124,1,95,53.05,157.79,94.45023699517755
1557,43,48300.0,382,11.17,0.785,10,0.3531,1,55,44.71,104.44,54.200867488067445
1558,68,64600.0,432,15.91,0.486,7,0.4646,1,55,36.46,87.38,54.53700379072877
1559,69,59100.0,65,14.49,1.846,4,0.3243,1,95,108.81,210.66,96.18614162708009
1560,53,30000.0,32,18.42,5.0,6,0.1837,0,95,352.11,364.97,93.54858606291981
1561,48,66200.0,59,22.07,3.051,6,0.3619,0,95,258.76,257.78,86.2183514280403
1562,57,61600.0,93,17.38,2.581,8,0.3457,0,95,178.79,171.29,86.34891159450545
1563,41,88900.0,1100,24.42,0.764,28,0.7837,1,55,74.42,122.39,53.422307737799905
1564,36,61300.0,404,13.56,0.668,9,0.4358,0,55,43.75,29.8,53.995576974028474
1565,39,35500.0,587,11.61,0.818,16,0.3396,0,55,14.69,13.0,54.724004362229635
1566,44,57400.0,617,12.11,0.729,15,0.4778,1,55,29.24,90.14,54.791244870904265
1567,35,30000.0,852,15.23,0.563,16,0.3845,0,55,40.99,58.33,54.91627225420813
1568,58,40200.0,284,16.74,1.056,10,0.2836,0,55,68.01,59.95,55.35484087221318
1569,67,80700.0,158,17.18,0.57,3,0.4783,0,95,35.43,39.02,94.196360765848
1570,28,54400.0,594,20.27,0.505,10,0.4523,1,55,28.05,83.27,54.60762617209684
1571,55,84400.0,1100,27.95,0.709,26,0.7643,1,55,87.73,142.65,53.315028354511504
1572,51,30000.0,631,9.35,0.713,15,0.3218,1,55,22.79,62.49,54.89463429021653
1573,61,61100.0,105,17.53,0.857,3,0.3463,0,95,68.84,58.73,95.20393392821964
1574,55,55000.0,132,20.82,0.682,3,0.3205,0,95,68.52,86.67,94.0263534497229
1575,30,80100.0,128,21.98,1.641,7,0.4653,0,95,154.81,164.91,94.75958870998795
1576,34,74900.0,512,14.37,0.527,9,0.5526,1,55,30.03,87.86,54.33805589707121
1577,56,78700.0,321,19.6,0.748,8,0.5167,1,55,54.77,114.39,54.133388623174426
1578,72,100800.0,1100,22.75,0.682,25,0.8292,1,35,57.64,100.08,51.33227734681857
1579,18,49900.0,118,16.63,1.78,7,0.2902,0,95,134.15,129.67,94.91372257496778
1580,61,94200.0,1100,23.49,0.709,26,0.805,1,55,64.92,115.85,53.457460926198266
1581,75,47100.0,82,24.9,0.366,1,0.2673,0,95,44.88,38.72,94.58178277297968
1582,52,41700.0,1,15.21,5.0,3,0.2241,0,95,308.06,309.75,93.49266555573142
1583,64,82600.0,657,13.8,0.913,20,0.6413,0,55,47.11,35.6,54.903800369822584
1584,43,31000.0,781,15.11,0.922,24,0.3695,0,55,53.7,47.06,55.016512063306095
1585,53,76600.0,308,30.23,0.292,3,0.4997,1,55,44.78,104.84,54.38650148047253
1586,27,61500.0,131,18.39,1.145,5,0.356,1,95,84.48,175.95,95.22613464469518
1587,18,80100.0,12,19.82,2.5,1,0.4296,0,95,194.57,177.06,86.72345974254364
1588,71,67000.0,570,18.52,0.737,14,0.5222,1,55,48.14,99.35,55.528988286485685
1589,38,62800.0,100,22.34,0.9,3,0.3544,0,95,82.98,88.44,95.51825824386839
1590,47,74100.0,191,19.57,1.414,9,0.4481,1,55,106.56,162.72,54.748312647460445
1591,31,46300.0,490,9.37,0.918,15,0.3728,1,55,39.16,77.26,54.17074818742642
1592,31,45400.0,84,13.45,1.786,5,0.2597,0,95,116.44,126.76,94.92616010194597
1593,52,74400.0,6,20.84,5.0,1,0.3938,0,95,420.94,418.48,93.48090616216838
1594,43,62000.0,80,21.98,3.375,9,0.3443,0,95,311.16,314.55,85.97860188403605
1595,61,57600.0,626,15.73,0.671,14,0.4818,0,55,36.5,46.95,55.26828910199417
1596,63,64900.0,192,18.25,0.156,1,0.3933,1,55,16.86,70.62,55.191783314031106
1597,60,99500.0,757,25.15,0.713,18,0.7542,1,55,81.77,117.68,48.499899802191315
1598,59,56500.0,51,14.59,0.588,1,0.3067,0,95,45.35,62.91,95.27098914451675
1599,82,60500.0,325,18.62,1.108,12,0.4071,0,55,92.76,70.68,55.067730494643776
1600,37,30000.0,73,16.84,0.411,1,0.1915,1,95,27.82,119.49,94.2953160313944
1601,54,63900.0,136,13.65,1.103,5,0.3711,0,95,67.34,80.3,95.87823953116764
1602,74,82600.0,95,23.92,0.316,1,0.4704,0,95,22.09,15.12,93.99099579468438
1603,76,86800.0,565,17.57,0.903,17,0.6387,1,55,76.32,124.94,54.79878810002302
1604,31,62500.0,938,14.02,0.768,24,0.6074,1,55,35.45,88.28,54.651834502520934
1605,50,84100.0,141,19.3,0.638,3,0.4939,0,95,59.29,57.48,94.04646932116302
1606,78,85000.0,1100,29.58,0.927,34,0.767,0,55,118.03,109.43,53.34592851362891
1607,64,90200.0,14,14.95,5.0,4,0.4919,1,95,307.3,395.94,93.51441385568369
1608,58,86300.0,1100,20.63,0.655,24,0.7727,1,55,70.58,136.32,53.878932584231165
1609,51,97200.0,844,24.45,0.746,21,0.7637,1,55,81.38,131.07,52.16371457611754
1610,48,60000.0,347,24.84,1.47,17,0.4107,0,55,135.45,140.47,54.536626841729976
1611,60,38100.0,864,25.45,0.972,28,0.4363,1,55,103.67,149.54,54.220609940878354
1612,51,78100.0,219,19.6,1.096,8,0.4813,0,55,70.81,84.66,54.804150910812794
1613,54,81200.0,300,24.88,0.2,2,0.5255,0,55,19.17,28.55,54.98190545549441
1614,56,98200.0,965,24.26,0.87,28,0.7938,1,55,81.05,135.15,52.93173942053596
1615,43,89500.0,47,22.92,0.638,1,0.4978,0,95,63.59,70.01,94.16736678200748
1616,64,107700.0,880,27.52,0.886,26,0.814,1,35,90.95,141.17,49.42185279358873
1617,90,85000.0,159,14.82,0.377,2,0.505,0,95,16.0,5.99,94.1290648774055
1618,25,63800.0,300,19.33,0.9,9,0.4192,1,55,73.6,118.04,54.50083199266555
1619,61,37100.0,139,17.82,0.432,2,0.2345,0,95,40.19,43.93,94.22567253700366
1620,42,68900.0,739,16.04,0.69,17,0.5856,1,55,44.29,86.36,55.14556581144294
1621,65,55400.0,452,20.6,0.863,13,0.415,1,55,89.7,129.17,54.35938873740324
1622,56,69600.0,253,11.8,0.237,2,0.4398,1,55,8.44,47.41,55.45152584534913
1623,68,68700.0,1072,20.77,0.951,34,0.6804,1,55,84.45,140.93,54.80460373506362
1624,75,78900.0,408,28.55,0.515,7,0.5449,0,55,61.54,41.19,54.25981718899712
1625,58,63600.0,500,18.45,0.54,9,0.4795,1,55,37.11,88.08,54.83141367795298
1626,74,88400.0,1076,18.37,0.809,29,0.7765,1,55,69.94,90.63,53.69168337757297
1627,18,30000.0,629,7.37,0.954,20,0.3213,0,55,21.0,25.38,55.160279836094375
1628,82,74400.0,1057,23.11,0.71,25,0.7062,1,55,49.03,109.07,54.47458514292386
1629,61,91500.0,43,28.37,0.698,1,0.5089,0,95,78.2,76.08,94.74565026425783
1630,73,107900.0,278,25.9,0.432,4,0.6752,1,35,42.7,89.52,45.61623918021779
1631,34,76200.0,455,19.11,0.527,8,0.5429,0,55,48.79,56.74,53.628925143104944
1632,41,97600.0,478,14.99,0.816,13,0.6742,0,55,38.93,31.02,50.53422791864029
1633,57,68900.0,218,20.96,0.688,5,0.4249,1,55,61.87,108.1,53.51228633277237
1634,55,65100.0,964,16.32,0.778,25,0.6301,1,55,54.01,117.85,54.77082103710662
1635,60,77100.0,361,18.41,0.831,10,0.5193,1,55,63.78,125.62,53.706298205831715
1636,73,68500.0,317,28.36,0.946,10,0.4528,1,55,115.67,167.98,55.19319662452881
1637,25,42600.0,650,7.38,0.692,15,0.3985,0,55,20.24,2.64,54.72354168869155
1638,72,57600.0,66,10.3,0.455,1,0.3165,1,95,19.16,123.46,98.10890658083862
1639,55,41600.0,107,17.4,0.841,3,0.2474,0,95,62.14,62.8,94.2409649068602
1640,52,75500.0,222,19.4,0.676,5,0.4662,1,55,51.64,106.06,53.87697499435125
1641,30,60200.0,291,16.44,0.825,8,0.3951,0,55,43.43,15.03,54.435970000042325
1642,64,59200.0,480,20.24,0.625,10,0.4464,0,55,47.32,52.64,54.813274617535114
1643,18,45700.0,454,18.13,0.859,13,0.359,0,55,60.22,59.61,53.92101543526156
1644,66,77800.0,278,16.8,0.324,3,0.4978,1,55,17.27,66.87,55.56446397949871
1645,30,76400.0,222,18.5,0.541,4,0.4718,0,55,37.5,29.14,53.732617021116674
1646,56,41500.0,95,16.47,1.895,6,0.2442,0,95,126.28,127.39,94.73064604808272
1647,53,37600.0,282,16.48,0.426,4,0.2703,0,55,25.89,30.57,54.86459381462111
1648,75,89000.0,154,25.77,1.364,7,0.528,0,95,147.43,143.61,93.31326837751321
1649,52,35500.0,80,12.41,0.375,1,0.2148,1,95,25.57,126.16,94.55109537314227
1650,43,74100.0,17,22.85,1.765,1,0.3953,0,95,142.29,130.77,96.40255074120964
1651,46,97200.0,352,29.33,0.341,4,0.6366,1,55,28.54,77.02,50.98341011943356
1652,77,103400.0,776,25.74,0.773,20,0.7757,1,35,60.35,102.21,47.04361393341309
1653,64,82300.0,664,21.83,0.858,19,0.6416,0,55,72.73,68.69,54.20184226122208
1654,48,78500.0,573,20.6,0.942,18,0.5928,0,55,74.93,92.1,54.37070458857169
1655,51,111500.0,330,23.64,1.091,12,0.7078,1,35,104.37,142.14,46.40865525343677
1656,28,30000.0,822,9.81,0.839,23,0.3757,0,55,39.66,27.98,54.237834418574
1657,62,56600.0,54,17.0,0.556,1,0.308,1,95,37.47,116.78,95.25514733593914
1658,25,76800.0,37,23.77,0.811,1,0.4174,0,95,72.29,80.13,95.05050934143068
1659,68,60500.0,34,14.63,2.647,3,0.3234,0,95,154.87,148.8,86.26549132521903
1660,57,91400.0,233,23.33,1.288,10,0.567,1,55,116.25,180.41,54.464771113835624
1661,90,71200.0,54,19.72,0.556,1,0.3893,1,95,32.04,121.64,95.88603094862626
1662,36,64000.0,290,28.49,1.138,11,0.4174,0,55,137.35,139.77,54.59836396080331
1663,53,58800.0,249,22.43,0.12,1,0.3746,0,55,14.16,10.81,54.992927852770826
1664,86,60200.0,402,22.56,0.821,11,0.4286,1,55,85.68,143.23,54.81784769344678
1665,75,57500.0,339,23.23,0.708,8,0.3935,1,55,55.89,118.18,54.43420247716185
1666,43,68300.0,408,17.52,0.735,10,0.4798,0,55,38.59,38.78,54.01525229406823
1667,59,49500.0,111,24.31,0.811,3,0.2864,0,95,71.37,77.98,94.53838016040893
1668,55,85000.0,167,23.55,0.359,2,0.5075,0,95,37.01,20.02,93.84369852543658
1669,60,79700.0,596,21.73,0.805,16,0.6067,1,55,76.84,136.0,53.620030191427595
1670,43,85700.0,358,16.78,0.754,9,0.5708,1,55,52.9,108.13,53.88730653329489
1671,53,40900.0,247,14.13,1.093,9,0.2778,1,55,62.93,115.3,54.97238757715771
1672,28,30000.0,1054,5.67,0.882,31,0.4455,1,55,26.84,57.93,54.468864813911246
1673,57,65300.0,70,18.55,0.857,2,0.36,0,95,59.91,43.23,96.33795758155566
1674,63,120000.0,1065,25.12,0.676,24,0.8817,1,35,76.38,113.65,51.02828673481631
1675,51,90800.0,2,21.63,5.0,1,0.4918,1,95,448.48,547.02,93.56666648838997
1676,28,48000.0,138,10.27,1.957,9,0.2857,0,95,71.89,75.99,97.07757436779713
1677,72,77300.0,33,25.11,5.0,6,0.4192,1,95,500.17,595.1,93.19265393203767
1678,61,81500.0,748,25.19,0.842,21,0.6609,0,55,73.72,61.74,53.94288395338222
1679,43,33900.0,70,23.53,0.857,2,0.2062,0,95,72.94,62.66,94.51508108204347
1680,50,92800.0,20,32.23,4.5,3,0.5097,1,95,583.28,657.19,94.49621666273507
1681,29,56300.0,1091,19.23,0.852,31,0.6164,1,55,52.05,108.3,54.43461191873008
1682,38,59700.0,710,24.07,0.676,16,0.5209,0,55,58.85,77.91,54.65238469691616
1683,46,63700.0,513,20.86,0.76,13,0.4842,1,55,71.84,125.92,54.059676064321614
1684,76,93200.0,381,21.84,0.472,6,0.622,0,55,43.02,35.42,53.95029916684246
1685,44,46900.0,455,15.64,0.725,11,0.3661,0,55,51.5,51.76,54.23234929274818
1686,66,31400.0,505,17.9,1.01,17,0.2957,0,55,61.97,60.61,56.11691781718804
1687,46,70000.0,218,40.94,1.239,9,0.4315,1,55,203.44,241.08,54.227848438992396
1688,59,30000.0,1100,20.33,0.764,28,0.4597,0,55,77.22,79.76,54.544363851681844
1689,53,58300.0,481,19.98,0.249,4,0.4413,1,55,14.6,68.52,55.39587979586856
1690,70,92900.0,190,26.35,0.474,3,0.5629,1,55,46.06,99.35,53.14338251734226
1691,46,75400.0,476,23.68,0.756,12,0.5445,1,55,76.26,151.14,53.54855568044521
1692,28,81500.0,1100,21.77,0.736,27,0.7513,0,55,56.89,55.88,53.54508896855464
1693,32,73400.0,107,24.79,0.841,3,0.4182,1,95,89.13,202.36,95.51159013032378
1694,46,113800.0,20,26.29,1.5,1,0.6354,1,75,143.37,210.1,93.19750891646954
1695,34,48400.0,382,12.2,0.628,8,0.3537,0,55,11.24,0.0,54.032128979912784
1696,62,74800.0,98,23.63,0.612,2,0.4239,1,95,60.36,147.26,94.83676095278194
1697,47,54200.0,598,21.21,0.753,15,0.4523,0,55,56.05,67.78,54.16389984130552
1698,90,92100.0,632,23.09,0.665,14,0.6864,1,55,56.89,104.31,54.78972395062023
1699,25,57700.0,576,20.2,1.042,20,0.4669,1,55,91.21,131.95,55.190786173817884
1700,58,101700.0,113,30.06,0.265,1,0.5923,1,75,36.86,115.26,94.71123548926302
1701,36,50100.0,794,17.26,0.491,13,0.488,1,55,24.08,75.25,54.92772667650035
1702,47,92900.0,866,21.7,0.935,27,0.7492,1,55,85.32,146.06,53.0144059547498
1703,57,77900.0,1099,18.14,0.682,25,0.7341,1,55,47.08,95.37,54.60036441384478
1704,18,56900.0,540,17.27,0.889,16,0.4509,0,55,64.75,55.52,54.276951377109846
1705,59,77200.0,622,29.25,0.675,14,0.5998,1,55,78.81,150.41,53.97359124968599
1706,87,76900.0,17,20.54,3.529,2,0.4119,0,95,277.91,269.59,85.66255285115069
1707,47,70900.0,1100,22.43,0.736,27,0.6994,1,55,60.33,106.97,54.62159193957303
1708,59,61500.0,219,17.6,1.096,8,0.3814,1,55,57.86,117.48,54.823667874126095
1709,72,53700.0,484,16.0,0.682,11,0.4145,0,55,45.13,17.26,54.89047504026742
1710,52,57400.0,260,14.21,0.577,5,0.3698,0,55,35.97,43.3,54.07565356818003
1711,45,30000.0,175,15.0,0.857,5,0.212,1,95,45.78,158.67,93.47846074361992
1712,18,75300.0,1100,18.71,0.709,26,0.7217,1,55,52.14,115.79,54.680452940129
1713,66,41300.0,194,22.56,0.155,1,0.2667,0,55,6.19,0.0,55.0713687501937
1714,53,60000.0,130,18.46,0.231,1,0.3473,0,95,27.11,19.88,94.2880103456886
1715,38,75200.0,294,21.06,1.633,16,0.4868,1,55,127.28,182.92,54.62679031225824
1716,57,83000.0,36,21.55,0.833,1,0.4546,0,95,69.32,72.97,94.72020232039725
1717,45,30000.0,31,16.36,0.968,1,0.1836,0,95,52.96,69.1,94.27937066546437
1718,46,61300.0,294,26.65,0.714,7,0.4025,1,55,77.99,148.68,53.946387320257124
1719,65,76700.0,374,16.31,1.203,15,0.5209,0,55,86.79,84.64,54.570773333909614
1720,32,61500.0,754,20.61,0.637,16,0.5455,0,55,35.91,30.59,55.0550438161767
1721,73,96800.0,250,16.68,0.84,7,0.6044,1,55,61.28,108.46,51.60894054760242
1722,31,42900.0,335,22.55,0.896,10,0.3107,0,55,93.87,100.32,54.03994621379773
1723,44,30000.0,878,13.96,0.718,21,0.3922,0,55,41.12,51.92,54.51115125183008
1724,88,88600.0,917,15.82,0.687,21,0.7412,1,55,38.08,93.76,53.72947186236887
1725,74,57500.0,98,12.25,0.612,2,0.3247,0,95,29.68,29.67,95.10961260031416
1726,57,30000.0,344,18.57,0.698,8,0.2492,0,55,47.48,68.61,54.120294750246984
1727,39,58500.0,278,10.45,0.647,6,0.3814,0,55,42.76,49.56,54.46374786390681
1728,46,89000.0,251,24.74,1.076,9,0.558,0,55,113.16,92.63,54.35894429385883
1729,56,38700.0,218,13.66,0.963,7,0.2601,1,55,59.82,114.48,55.26771238019284
1730,56,114300.0,78,26.17,1.538,4,0.6548,1,75,178.24,255.25,93.3134175234367
1731,53,47000.0,886,13.68,0.779,23,0.4975,0,55,53.38,50.69,54.32314389844846
1732,54,66600.0,84,15.23,1.786,5,0.3714,1,95,107.83,215.45,96.61096925850534
1733,51,38600.0,128,13.35,1.641,7,0.2386,0,95,87.83,84.53,94.58123265418197
1734,30,60900.0,26,21.99,1.154,1,0.3233,0,95,120.38,110.54,96.05335187417425
1735,46,60400.0,256,17.6,1.055,9,0.3859,1,55,68.36,116.26,55.36727119764893
1736,71,36900.0,667,17.64,0.585,13,0.3703,0,55,39.9,46.65,56.18014839604444
1737,32,119700.0,12,26.74,2.5,1,0.6661,1,75,259.3,320.75,88.14610737473053
1738,52,54000.0,20,21.16,5.0,6,0.2858,1,95,408.65,498.72,93.1957298624207
1739,41,51800.0,383,19.84,0.705,9,0.3733,0,55,48.91,57.38,53.888980026111746
1740,57,85700.0,60,20.15,1.0,2,0.4785,1,95,73.72,155.12,94.64216043423365
1741,48,101700.0,137,20.49,0.219,1,0.5995,0,75,12.95,2.58,93.75560437807832
1742,80,93700.0,227,28.83,0.264,2,0.579,1,55,35.34,73.39,54.605012347900846
1743,64,41600.0,164,12.17,0.366,2,0.2609,1,95,17.72,103.77,94.18885143686116
1744,33,65100.0,68,22.27,1.765,4,0.3583,0,95,165.31,160.09,96.99972413008341
1745,66,30000.0,8,14.66,3.75,1,0.1793,1,95,221.11,313.74,85.22037260152258
1746,42,81300.0,589,19.88,0.713,14,0.614,1,55,58.13,103.96,54.252756934184326
1747,45,30000.0,498,16.65,0.602,10,0.2868,0,55,37.76,33.94,55.26333294242987
1748,60,49100.0,432,24.2,0.972,14,0.3721,1,55,109.67,174.46,55.5357238078129
1749,47,63300.0,44,22.62,2.727,4,0.3414,1,95,243.35,341.69,86.30432577824361
1750,70,77300.0,35,22.24,0.857,1,0.4198,1,95,83.57,199.92,94.79914673789133
1751,42,56900.0,48,26.64,1.875,3,0.308,1,95,190.34,278.61,95.25664668704056
1752,44,94700.0,1100,15.83,0.736,27,0.8069,0,55,44.66,40.16,53.84045372980689
1753,44,78000.0,50,16.14,0.6,1,0.4285,0,95,54.8,56.34,95.13976352537227
1754,45,76500.0,491,19.15,0.733,12,0.5558,0,55,61.63,56.48,53.79270168120575
1755,74,43000.0,342,23.55,0.877,10,0.3131,0,55,71.42,71.15,54.615398616914014
1756,66,102900.0,1100,30.15,0.682,25,0.8364,1,35,73.99,89.82,51.140338951773536
1757,84,53900.0,936,9.5,0.801,25,0.5553,1,55,43.26,94.55,54.624857304337
1758,90,108500.0,125,24.09,2.64,11,0.6355,0,75,255.1,263.87,86.28639052303292
1759,37,103900.0,166,18.97,0.904,5,0.621,1,75,66.39,160.43,93.82154805106089
1760,56,76000.0,310,21.2,0.774,8,0.4966,0,55,59.4,73.89,53.82988670753574
1761,35,82700.0,1100,26.91,0.736,27,0.7567,1,55,76.68,132.94,53.303714733520565
1762,42,30000.0,1100,19.38,0.791,29,0.4597,0,55,72.63,77.44,54.41148113015018
1763,44,58700.0,99,20.15,0.303,1,0.3314,0,95,18.82,22.13,94.80849531539992
1764,37,84500.0,117,20.55,2.051,8,0.4889,0,95,163.78,158.23,94.69800838368187
1765,37,80800.0,1100,21.64,0.818,30,0.748,0,55,75.6,66.01,53.88623116680304
1766,53,39000.0,363,19.27,0.579,7,0.2978,1,55,36.31,93.79,54.452210552627896
1767,34,54600.0,35,29.93,0.857,1,0.2927,0,95,95.12,94.02,95.90029538036556
1768,69,30000.0,234,8.57,0.513,4,0.2245,0,55,17.64,26.03,54.21171369823318
1769,39,70500.0,23,28.52,1.304,1,0.3761,1,95,149.01,220.21,95.51649157032958
1770,90,32500.0,639,16.1,0.751,16,0.3376,0,55,41.89,40.16,55.57127761048856
1771,47,87100.0,68,27.17,0.882,2,0.4896,0,95,99.64,111.73,94.0516051051282
1772,56,90000.0,684,24.43,0.614,14,0.6892,1,55,61.75,122.51,54.547527710974066
1773,33,50600.0,971,24.61,0.711,23,0.546,1,55,54.2,99.37,54.34554012861559
1774,84,81700.0,580,23.9,0.931,18,0.6137,1,55,95.25,137.16,54.830552388290755
1775,74,64200.0,514,16.39,0.642,11,0.4876,0,55,37.53,37.07,55.44200695652617
1776,60,71100.0,165,22.92,0.182,1,0.422,1,95,23.13,125.99,95.22794323079096
1777,32,36300.0,476,21.08,0.693,11,0.3136,0,55,75.07,80.23,54.1712999404889
1778,59,78900.0,376,21.84,1.356,17,0.535,1,55,117.92,174.08,54.42052925921775
1779,36,30000.0,597,4.13,0.854,17,0.3126,0,55,8.95,15.37,54.50082453197079
1780,80,31600.0,4,14.17,5.0,1,0.1844,0,95,294.43,297.0,93.6608787118272
1781,69,65200.0,337,20.27,0.712,8,0.4389,0,55,51.02,57.01,54.68340811792202
1782,57,61000.0,28,18.93,3.214,3,0.3244,0,95,258.5,267.88,86.00337216768638
1783,18,63300.0,299,17.02,0.201,2,0.4159,1,55,9.98,60.53,55.59702631256585
1784,38,48000.0,172,23.82,0.349,2,0.2944,0,95,28.24,19.38,93.8332595175794
1785,67,107000.0,170,14.19,0.882,5,0.6399,1,75,68.99,151.28,94.01563333100677
1786,76,72600.0,410,21.36,1.098,15,0.5069,1,55,96.72,146.61,54.864560045025506
1787,74,73700.0,178,21.59,0.506,3,0.4417,1,95,56.67,132.21,92.79775032471278
1788,28,63700.0,524,30.03,1.031,18,0.4876,0,55,123.63,137.91,54.00139566074343
1789,60,87100.0,403,22.99,0.596,8,0.5928,0,55,54.03,56.57,53.88275115841174
1790,72,80500.0,44,24.3,0.682,1,0.4418,0,95,42.89,44.98,94.39930298736022
1791,27,68700.0,348,20.93,0.948,11,0.4636,0,55,87.46,85.61,54.68002922003366
1792,55,80500.0,32,22.55,1.875,2,0.4381,1,95,172.21,275.58,95.32270805230142
1793,60,30000.0,335,23.31,0.985,11,0.2471,0,55,90.95,78.11,55.51760420594697
1794,50,30000.0,389,8.94,0.925,12,0.2598,1,55,37.81,92.85,54.640166791611556
1795,24,57200.0,739,15.24,0.771,19,0.5145,1,55,47.31,105.13,54.80656773790545
1796,49,59600.0,174,22.71,0.69,4,0.3575,0,95,55.13,60.64,94.16630751674963
1797,49,76000.0,174,22.68,0.69,4,0.4545,1,95,65.5,143.41,94.35436244228322
1798,52,64800.0,547,18.3,0.658,12,0.5015,0,55,46.64,52.58,55.280507720198756
1799,45,75200.0,425,20.93,0.635,9,0.5275,0,55,59.09,54.9,53.447904462233566
1800,47,37200.0,820,20.15,0.549,15,0.4175,1,55,42.01,90.49,54.826731230590674
1801,54,64600.0,281,22.12,0.32,3,0.4182,1,55,24.56,63.95,55.28448308717366
1802,63,38400.0,113,12.2,0.531,2,0.2344,0,95,21.56,43.89,94.23753365980166
1803,50,72100.0,104,22.0,0.288,1,0.4096,1,95,18.27,111.99,95.63630827218206
1804,48,30000.0,143,14.25,0.21,1,0.2054,0,95,7.79,10.25,94.02227952582862
1805,57,72700.0,819,23.26,0.696,19,0.6316,1,55,68.21,112.69,53.981564945913604
1806,22,30000.0,539,12.89,0.724,13,0.2973,0,55,31.33,16.04,54.80987283917324
1807,63,58500.0,172,12.73,0.523,3,0.3508,0,95,17.23,25.37,94.50097597183036
1808,55,83800.0,735,25.93,0.449,11,0.6699,1,55,52.89,94.39,54.23369596696015
1809,56,70000.0,76,23.24,2.763,7,0.3888,0,95,255.74,268.78,86.34886580676653
1810,71,33600.0,1053,22.12,0.627,22,0.4671,0,55,61.62,79.63,54.67369558874289
1811,22,44300.0,44,10.06,0.682,1,0.2452,0,95,25.68,17.93,96.5439075512041
1812,21,30000.0,868,14.15,0.622,18,0.3892,0,55,30.63,26.02,54.91694516903286
1813,60,30400.0,115,13.41,1.826,7,0.2013,0,95,84.0,58.57,94.87525542147286
1814,55,67500.0,547,18.14,0.823,15,0.5181,0,55,50.68,33.25,54.57447676544438
1815,58,77400.0,40,13.9,0.75,1,0.4219,0,95,34.72,41.04,95.1141438829681
1816,47,72700.0,156,15.57,0.385,2,0.4289,0,95,26.23,38.77,95.16602716390776
1817,66,79900.0,78,23.34,0.769,2,0.4486,1,95,70.92,158.1,94.42345183297388
1818,71,67900.0,935,17.69,0.642,20,0.6377,0,55,37.22,30.92,55.33288191084797
1819,63,60900.0,88,15.0,1.023,3,0.3405,0,95,39.13,23.32,95.69603828190951
1820,51,41700.0,191,23.41,0.471,3,0.2679,0,55,47.81,36.5,53.58739368462359
1821,19,48600.0,34,29.16,1.765,2,0.2629,0,95,212.89,226.18,95.48569522955447
1822,68,39900.0,301,15.7,0.897,9,0.2864,0,55,64.05,67.15,55.083936487816096
1823,76,51500.0,1100,10.21,0.709,26,0.5908,1,55,21.24,58.29,55.0164221235334
1824,66,69100.0,151,22.35,0.199,1,0.4059,0,95,26.01,31.67,95.22796227956084
1825,40,59500.0,1100,8.5,0.736,27,0.6374,0,55,29.55,53.26,54.925606478380395
1826,66,120000.0,376,21.25,0.399,5,0.7597,0,35,38.4,34.46,45.94326613096487
1827,70,39700.0,165,18.02,0.727,4,0.2522,0,95,47.53,40.86,94.17721731970154
1828,81,67600.0,514,13.22,0.7,12,0.5085,0,55,35.95,41.77,55.40291414827431
1829,40,32100.0,19,13.33,1.579,1,0.1891,0,95,98.84,108.91,94.90439837649579
1830,51,56100.0,582,11.0,0.567,11,0.459,0,55,38.37,46.58,54.89791171140742
1831,68,60300.0,319,19.33,1.129,12,0.4041,1,55,86.91,138.74,55.18430118994401
1832,56,82900.0,223,28.05,0.538,4,0.512,0,55,61.9,57.69,53.42816071121466
1833,36,51800.0,498,14.71,1.205,20,0.4074,1,55,53.34,91.1,54.73940892955071
1834,62,62400.0,161,19.26,0.745,4,0.3697,0,95,67.03,54.73,94.6633666006892
1835,65,58000.0,485,14.62,0.804,13,0.4407,0,55,52.98,56.59,54.5051822478834
1836,56,35800.0,814,11.64,0.737,20,0.4073,0,55,37.08,31.73,54.72748757043365
1837,59,52100.0,75,13.66,1.2,3,0.2903,0,95,60.75,63.21,95.00424572059096
1838,51,56200.0,190,22.36,1.263,8,0.343,0,55,113.49,111.11,54.52956364741004
1839,80,71600.0,589,13.67,0.917,18,0.5562,0,55,61.87,62.49,54.80935784134816
1840,40,73700.0,45,19.4,0.667,1,0.4013,1,95,54.65,149.85,95.84975814068866
1841,45,58100.0,104,20.76,1.442,5,0.3295,0,95,140.8,148.26,95.45993904686141
1842,55,59700.0,195,23.5,0.923,6,0.3641,0,55,93.25,101.74,53.976021688040156
1843,70,31900.0,117,16.99,0.769,3,0.2077,0,95,44.91,44.74,94.2216820095658
1844,30,71300.0,242,20.33,1.364,11,0.4468,0,55,107.63,105.59,54.86230328023221
1845,33,46000.0,553,14.06,1.031,19,0.3896,0,55,52.3,51.95,55.24574260502858
1846,20,73700.0,625,25.68,0.864,18,0.5798,1,55,95.61,142.77,53.16772183887678
1847,56,92800.0,1100,19.58,0.709,26,0.7995,1,55,64.76,130.62,53.83244067514058
1848,36,57300.0,171,14.33,0.175,1,0.3438,0,95,23.76,18.14,94.26537417267701
1849,48,42100.0,107,23.08,1.402,5,0.2497,0,95,126.77,125.18,94.96956854929799
1850,66,66800.0,82,21.82,2.195,6,0.372,1,95,195.32,292.09,95.81091676716964
1851,44,70100.0,195,22.49,0.154,1,0.4251,1,55,24.1,82.2,54.88582337630705
1852,59,59200.0,222,21.87,1.216,9,0.3691,1,55,118.77,176.46,54.645070919776074
1853,50,52200.0,819,17.36,0.733,20,0.5087,1,55,41.06,94.69,54.81460363542706
1854,66,79000.0,208,14.66,0.144,1,0.4834,0,55,13.41,29.85,55.18950575009293
1855,63,77000.0,57,22.81,1.579,3,0.4246,1,95,134.52,230.28,95.20524431744055
1856,43,55300.0,123,18.2,1.463,6,0.3196,1,95,101.69,194.18,95.00708773872131
1857,52,30000.0,5,10.2,5.0,1,0.1788,0,95,193.55,211.52,98.7282099971972
1858,73,78200.0,551,16.28,0.599,11,0.5844,0,55,34.04,26.26,54.998102064921746
1859,62,50300.0,103,17.31,2.33,8,0.2884,0,95,149.73,167.68,91.59411829250031
1860,31,64700.0,5,12.92,5.0,1,0.3383,1,95,248.94,323.99,93.58347139178832
1861,66,70400.0,96,19.84,1.875,6,0.3971,1,95,141.56,232.55,96.38414248384751
1862,37,30000.0,316,13.18,0.285,3,0.2428,0,55,17.45,0.75,55.8262057527511
1863,79,71500.0,179,20.13,1.006,6,0.4287,0,95,81.27,67.65,86.13823444394755
1864,72,79200.0,378,23.89,0.873,11,0.5374,0,55,70.27,74.8,54.452601612224434
1865,60,79400.0,226,25.02,1.062,8,0.4914,0,55,128.22,131.07,54.38676614012969
1866,58,68100.0,171,16.66,1.579,9,0.4059,0,95,101.32,95.23,95.91643854485044
1867,51,30000.0,319,18.85,0.564,6,0.2434,0,55,31.89,48.23,54.618367904609045
1868,67,94200.0,613,23.03,0.832,17,0.6924,1,55,81.3,147.65,53.898295910337936
1869,49,72400.0,41,29.63,0.732,1,0.3925,1,95,86.72,181.2,95.1727662406692
1870,59,40500.0,164,13.15,0.183,1,0.2557,0,95,3.12,0.0,94.13980634699605
1871,70,51500.0,79,9.67,0.38,1,0.2883,1,95,17.82,122.41,97.33765859179285
1872,45,67900.0,754,24.35,0.796,20,0.5842,1,55,72.15,122.32,54.411727836246634
1873,45,77300.0,167,23.72,1.617,9,0.4602,1,95,151.06,248.98,94.86474326268657
1874,35,50800.0,354,23.63,1.186,14,0.3593,0,55,123.83,131.8,54.429748433085585
1875,37,78700.0,137,23.35,0.438,2,0.4595,0,95,41.9,37.89,94.3252022638122
1876,24,30000.0,73,26.2,1.233,3,0.1915,1,95,134.13,241.92,95.88533375002255
1877,67,45500.0,70,15.88,2.143,5,0.2568,0,95,131.95,128.15,94.21395801688011
1878,86,30000.0,290,19.73,1.034,10,0.2369,1,55,82.83,143.22,55.9927288164538
1879,79,51000.0,115,15.02,0.522,2,0.295,0,95,25.2,32.75,94.37779199032103
1880,27,91100.0,272,26.12,0.772,7,0.5771,1,55,74.14,138.26,53.22495997798304
1881,67,110600.0,444,29.98,0.743,11,0.732,1,35,85.8,138.24,45.58380288771068
1882,79,74700.0,212,25.37,0.708,5,0.4583,0,55,66.29,58.07,53.39947707398267
1883,47,50000.0,121,21.38,0.496,2,0.2915,0,95,50.72,39.39,94.0675433075409
1884,57,60700.0,320,2.92,0.75,8,0.4068,0,55,13.39,10.18,54.424478244869185
1885,21,68100.0,113,19.87,0.531,2,0.3886,1,95,23.87,149.3,95.73337671249264
1886,60,33200.0,582,12.1,0.567,11,0.3257,0,55,41.24,54.74,55.25734168975852
1887,37,49400.0,99,15.52,1.515,5,0.2828,0,95,99.18,93.68,94.77099851533876
1888,58,95700.0,360,22.94,0.917,11,0.6303,1,55,93.3,144.82,52.86183601297329
1889,28,37600.0,514,20.53,1.051,18,0.3309,0,55,84.94,84.79,55.16979871444782
1890,64,51100.0,1100,18.68,0.791,29,0.5884,1,55,47.15,104.88,54.534321127996115
1891,72,68700.0,240,17.77,0.625,5,0.4304,1,55,33.83,95.24,54.185876757416565
1892,42,68300.0,767,12.9,0.665,17,0.5905,0,55,47.97,54.8,54.94908572029176
1893,36,48100.0,146,24.88,0.822,4,0.2882,0,95,68.79,80.75,93.98461818459019
1894,18,59200.0,5,15.64,5.0,2,0.3087,0,95,301.24,321.26,93.2365690198183
1895,50,76800.0,10,20.87,3.0,1,0.4092,1,95,246.98,340.64,86.09662896967423
1896,45,104200.0,239,36.32,0.251,2,0.6438,0,35,25.39,23.25,47.22863754037283
1897,29,57100.0,287,15.46,0.523,5,0.3759,0,55,36.61,32.96,54.37814155037019
1898,63,65700.0,214,18.48,0.701,5,0.4046,1,55,56.7,108.94,54.04263531029154
1899,47,95500.0,123,25.49,1.22,5,0.5581,1,95,127.7,226.39,93.51948987923478
1900,37,49900.0,347,9.46,0.346,4,0.3522,1,55,8.18,69.54,54.60295253474129
1901,46,35400.0,59,6.7,1.017,2,0.21,0,95,29.57,46.83,96.22275437231467
1902,73,73900.0,898,18.68,0.768,23,0.6608,1,55,71.65,119.56,54.01098675353738
1903,65,89600.0,85,21.2,0.353,1,0.5103,1,95,18.46,117.05,94.08106647459448
1904,53,72200.0,927,21.5,0.68,21,0.6595,1,55,67.41,114.01,54.189640248463064
1905,66,65200.0,461,14.89,0.586,9,0.4772,0,55,41.37,45.41,54.55334979935852
1906,35,30600.0,268,16.76,0.784,7,0.2346,0,55,51.72,78.44,54.64434233511899
1907,56,64000.0,15,8.82,5.0,4,0.3372,1,95,177.73,271.36,98.25790022280962
1908,58,91500.0,436,23.37,0.963,14,0.6283,1,55,92.88,172.4,55.18150335599681
1909,47,37500.0,406,17.43,0.517,7,0.3013,0,55,28.23,19.86,54.67864061441643
1910,62,61300.0,29,20.84,1.034,1,0.3263,0,95,73.14,68.53,96.09536502669464
1911,42,54300.0,1100,17.33,0.573,21,0.6073,0,55,46.97,43.55,54.818911918693175
1912,64,52100.0,209,14.51,0.861,6,0.3258,0,55,40.01,41.76,54.29407355028629
1913,64,72000.0,6,19.84,5.0,2,0.3798,0,95,388.05,386.51,93.4572916016341
1914,18,66900.0,309,26.2,1.165,12,0.4406,1,55,117.97,180.61,54.55810660611845
1915,75,78100.0,428,18.72,0.35,5,0.5462,1,55,28.48,56.01,54.41511845101184
1916,18,37100.0,745,20.46,0.604,15,0.3944,0,55,45.44,35.64,55.46205375078695
1917,45,30000.0,588,20.19,0.765,15,0.3102,0,55,55.99,74.93,54.79881063674125
1918,72,73900.0,416,12.41,0.433,6,0.5167,1,55,29.12,70.04,54.30015461802135
1919,50,53400.0,140,17.37,0.857,4,0.3141,0,95,56.88,53.31,94.04612931336217
1920,30,98600.0,3,19.9,5.0,2,0.54,0,95,391.61,397.74,93.56666648838997
1921,36,100800.0,127,17.61,0.236,1,0.5912,1,75,19.78,94.33,93.81269851974807
1922,72,110200.0,173,30.49,0.867,5,0.6587,1,75,106.21,172.71,94.67196043663517
1923,22,38700.0,176,18.17,0.17,1,0.2501,0,95,12.59,17.04,93.58735034510309
1924,74,80800.0,457,23.44,1.05,16,0.5714,1,55,102.0,165.35,55.38796062153424
1925,54,83100.0,1100,17.04,0.764,28,0.7585,1,55,50.97,100.0,53.83107182422193
1926,35,76900.0,104,22.59,0.288,1,0.4384,0,95,32.78,36.86,94.70284712473986
1927,45,55600.0,1100,11.79,0.655,24,0.6149,1,55,19.46,83.07,54.978388687238585
1928,38,88500.0,860,23.66,0.802,23,0.7269,0,55,85.83,96.64,52.80534329197919
1929,70,68000.0,50,16.89,3.0,5,0.3696,0,95,195.37,199.08,86.29552228349449
1930,67,70100.0,809,25.77,0.667,18,0.6136,1,55,55.66,127.76,54.75624869800044
1931,26,30000.0,150,12.68,0.4,2,0.2068,0,95,13.98,14.45,93.9106379840878
1932,48,77100.0,468,22.72,0.577,9,0.5524,1,55,49.64,94.81,53.668438554199525
1933,40,56500.0,400,19.64,1.125,15,0.4059,0,55,82.5,80.32,54.470420762429754
1934,77,79200.0,929,21.5,0.549,17,0.6976,0,55,39.49,51.61,54.397424823378394
1935,32,65300.0,628,20.32,0.955,20,0.5298,0,55,85.71,76.77,55.0671753368445
1936,82,74200.0,274,22.65,0.657,6,0.4744,0,55,52.56,30.14,54.15946907870427
1937,54,63800.0,224,15.09,0.67,5,0.3964,0,55,22.38,26.98,53.780909423653185
1938,35,77500.0,139,23.64,0.432,2,0.4528,1,95,38.05,128.61,94.3512070948749
1939,43,58400.0,245,23.08,0.857,7,0.3711,0,55,95.48,117.96,54.08191705281304
1940,41,31600.0,410,16.73,0.585,8,0.2726,1,55,30.64,88.3,54.79567301235375
1941,33,72500.0,83,19.1,1.807,5,0.4056,0,95,130.86,143.23,96.28095527361474
1942,57,48400.0,45,18.13,2.667,4,0.2646,0,95,190.18,185.28,85.86508859324798
1943,34,33000.0,297,13.13,0.404,4,0.2521,0,55,33.57,39.51,54.60350936607538
1944,18,36100.0,1009,14.82,0.803,27,0.4688,1,55,44.73,103.44,54.568353011046625
1945,49,69700.0,192,14.52,0.625,4,0.4218,1,55,28.11,96.91,53.863986018913174
1946,24,56800.0,241,25.42,0.747,6,0.3609,0,55,78.86,80.77,53.53590743789708
1947,42,30000.0,51,24.18,3.529,6,0.1873,0,95,343.63,338.4,85.81651748942704
1948,40,53900.0,136,14.57,0.221,1,0.3157,1,95,16.77,122.16,94.07653779861653
1949,40,86600.0,549,26.92,0.929,17,0.633,0,55,91.54,84.39,54.29218440237268
1950,89,62300.0,968,26.63,0.806,26,0.6151,1,55,81.34,128.17,54.276804806028366
1951,56,61700.0,234,14.47,0.641,5,0.387,0,55,46.11,45.67,53.85499781107603
1952,59,87700.0,21,12.36,2.857,2,0.4787,1,95,144.52,236.26,86.36042071065403
1953,25,75700.0,68,28.94,0.882,2,0.4202,1,95,108.57,203.74,95.16062448759415
1954,44,84300.0,27,22.59,1.111,1,0.4597,0,95,99.96,93.28,94.75948447870518
1955,59,30000.0,305,11.9,0.59,6,0.2402,0,55,36.54,47.73,54.6825993508564
1956,38,98000.0,1100,24.94,0.655,24,0.8192,1,55,67.69,133.74,53.27980644118366
1957,70,81400.0,190,20.36,0.632,4,0.4925,1,55,47.28,110.59,53.63928825995799
1958,35,112700.0,376,41.7,1.037,13,0.7255,1,35,178.94,221.25,46.0513127500905
1959,50,47600.0,20,14.49,3.0,2,0.2548,0,95,166.88,148.4,85.90894890547251
1960,45,30000.0,193,16.14,0.155,1,0.2157,1,55,22.36,78.52,55.552467000652804
1961,58,65800.0,236,26.33,0.636,5,0.4118,0,55,75.05,83.63,53.31837811270192
1962,44,57000.0,184,24.99,0.815,5,0.3458,0,55,79.13,92.53,53.83086035318521
1963,50,77700.0,13,27.13,5.0,3,0.4155,0,95,541.12,539.08,95.55321324389168
1964,51,86800.0,486,20.89,0.617,10,0.6157,0,55,52.62,65.65,53.79024182482464
1965,43,60800.0,1100,18.36,0.655,24,0.6448,0,55,46.72,49.79,55.00404169571173
1966,63,61500.0,379,8.35,0.712,9,0.4294,1,55,34.33,63.5,54.3337589973018
1967,59,76800.0,285,21.15,0.947,9,0.4938,1,55,75.81,129.81,54.93364210680458
1968,53,59200.0,123,19.04,0.976,4,0.3408,0,95,62.31,53.91,94.4625237766115
1969,48,56500.0,581,22.18,0.62,12,0.4611,0,55,52.94,46.82,54.65348336450759
1970,69,89600.0,380,32.42,1.184,15,0.6007,1,55,159.56,225.08,54.296631470353674
1971,51,90700.0,682,27.16,0.748,17,0.6924,1,55,89.38,147.35,53.947915819457755
1972,50,86800.0,609,28.37,0.788,16,0.6512,0,55,90.33,85.15,53.96196111570855
1973,57,61900.0,577,19.2,0.624,12,0.493,0,55,42.85,36.09,55.448438593443534
1974,84,30000.0,72,20.92,2.083,5,0.1913,0,95,173.95,178.33,95.02183966683666
1975,32,57300.0,889,18.65,0.81,24,0.5615,1,55,55.18,108.34,54.38895552669544
1976,68,51700.0,170,23.46,0.882,5,0.3131,0,95,64.32,71.29,94.32360166421988
1977,23,55900.0,112,22.41,0.268,1,0.3199,1,95,17.21,103.94,94.22819148070958
1978,59,51700.0,861,19.72,0.871,25,0.5187,0,55,72.79,68.98,54.224564790812394
1979,82,70000.0,151,12.8,1.192,6,0.4112,1,95,58.87,142.67,95.65686813932454
1980,63,44800.0,172,22.19,1.221,7,0.2783,1,95,105.91,195.37,94.975373670425
1981,58,38700.0,617,17.7,0.778,16,0.3661,0,55,63.94,85.71,55.03809168975669
1982,45,88700.0,48,26.82,0.625,1,0.4932,1,95,59.34,146.97,93.59572967760982
1983,56,44800.0,779,18.29,0.732,19,0.4509,1,55,46.62,96.89,55.016497043691885
1984,51,64200.0,82,22.06,3.293,9,0.3572,0,95,293.22,284.98,86.01807652360834
1985,42,82400.0,523,28.86,0.631,11,0.6009,1,55,67.15,120.32,54.03621505092608
1986,50,83200.0,327,20.11,0.459,5,0.5461,0,55,31.19,30.46,54.01283464085597
1987,58,82300.0,74,24.68,0.405,1,0.462,1,95,52.38,159.56,94.25239362436592
1988,42,68800.0,302,16.43,0.596,6,0.45,0,55,30.59,26.54,54.61053307701496
1989,41,77400.0,339,24.49,1.062,12,0.5143,1,55,98.17,154.32,54.531828225877554
1990,32,89200.0,532,24.64,0.508,9,0.6428,1,55,53.58,89.84,53.820982814379946
1991,62,75300.0,1100,18.14,0.709,26,0.7217,1,55,51.05,97.41,54.84053843582551
1992,64,30000.0,476,14.97,0.756,12,0.2812,1,55,34.28,100.14,54.75915846952942
1993,59,54700.0,45,15.36,3.333,5,0.2958,0,95,219.05,210.49,85.99705367034511
1994,71,82800.0,274,20.53,0.985,9,0.5272,0,55,74.53,82.21,55.74283262961125
1995,56,52000.0,132,19.57,1.818,8,0.3046,0,95,140.35,131.09,95.31753247896239
1996,62,100400.0,835,26.4,0.79,22,0.7756,1,35,86.92,120.19,48.6097204430924
1997,60,64700.0,121,10.1,0.496,2,0.3713,1,95,37.34,149.49,98.14804470568548
1998,53,66400.0,733,21.81,0.859,21,0.5688,0,55,71.66,79.11,54.40997065137861
1999,46,86800.0,146,21.5,0.205,1,0.512,1,95,10.27,85.75,93.9665333428573
2000,90,68200.0,121,18.16,0.248,1,0.3916,0,95,22.0,54.21,95.1449574241575
2001,47,67100.0,514,14.43,0.934,16,0.5054,1,55,70.62,115.23,54.96082610266177
2002,44,81700.0,631,22.03,0.761,16,0.6286,0,55,68.15,86.81,53.641159729938735
2003,62,35500.0,158,12.71,1.329,7,0.2316,1,95,65.28,155.82,94.77083854184106
2004,59,59800.0,333,25.34,0.541,6,0.4053,0,55,57.97,45.68,53.907611127140214
2005,31,77600.0,105,12.89,1.714,6,0.4429,0,95,71.77,67.26,95.41513030013974
2006,74,70200.0,666,15.71,0.856,19,0.5713,0,55,48.87,42.34,55.168943044855425
2007,53,95400.0,395,19.15,0.759,10,0.6387,0,55,43.54,38.06,52.86464753700183
2008,36,30000.0,177,15.79,0.847,5,0.2124,0,95,50.62,51.21,93.13631384144789
2009,75,33500.0,634,20.89,0.804,17,0.3417,0,55,63.08,67.86,55.022736447585245
2010,66,83400.0,693,25.03,0.649,15,0.656,0,55,43.88,58.08,55.12845390292711
2011,34,79000.0,55,16.38,0.545,1,0.4361,0,95,37.14,39.29,95.16982030992746
2012,85,66900.0,352,17.89,0.852,10,0.4539,1,55,65.91,121.69,54.63914536475429
2013,66,75600.0,339,17.29,0.619,7,0.5032,1,55,41.26,89.04,54.190821982945316
2014,55,80600.0,102,24.63,0.294,1,0.4603,0,95,16.74,13.93,94.28919700744524
2015,82,53300.0,418,15.75,0.789,11,0.3924,0,55,59.83,54.79,54.37634955746938
2016,58,50800.0,159,10.56,1.132,6,0.3055,0,95,62.99,49.26,96.87830512541838
2017,55,69000.0,703,23.27,0.896,21,0.5753,0,55,86.6,112.11,54.356393580809154
2018,44,81800.0,478,28.59,0.879,14,0.5838,0,55,97.69,100.11,53.783190328524064
2019,65,42500.0,818,15.48,0.844,23,0.4489,1,55,49.53,107.08,54.71835627541911
2020,63,62400.0,380,19.96,0.947,12,0.4352,1,55,79.08,146.25,55.31053898707271
2021,55,59900.0,687,11.45,0.742,17,0.5149,1,55,34.7,63.89,55.136970273784385
2022,42,71200.0,48,10.38,0.625,1,0.3875,1,95,29.43,146.82,98.80128126415846
2023,57,65200.0,117,10.53,1.538,6,0.373,1,95,68.38,154.79,98.5079561311996
2024,54,53300.0,222,17.77,0.405,3,0.3359,1,55,22.88,69.05,54.23986971944374
2025,32,86600.0,7,21.45,4.286,1,0.4676,1,95,361.16,450.73,86.56165626047395
2026,30,48700.0,1100,20.04,0.655,24,0.574,1,55,50.26,115.1,54.64607514847261
2027,65,60900.0,353,18.15,1.36,16,0.4179,1,55,102.48,178.92,54.86112504828548
2028,18,30000.0,799,19.44,0.788,21,0.369,1,55,48.8,120.2,54.50609614070359
2029,58,50600.0,45,21.95,0.667,1,0.2752,0,95,56.73,51.91,94.92761921102597
2030,47,74200.0,199,19.52,0.452,3,0.4512,0,55,35.0,17.02,53.85660730796411
2031,77,76100.0,852,16.4,0.739,21,0.6601,1,55,44.58,95.44,54.461325294316765
2032,47,76000.0,155,11.82,1.161,6,0.4486,1,95,66.11,154.72,95.95542450678232
2033,66,78800.0,58,28.99,1.034,2,0.4358,0,95,129.76,113.31,95.09578992224786
2034,48,107400.0,380,21.4,0.553,7,0.6998,0,35,50.66,56.49,45.70239167025599
2035,57,49700.0,265,9.97,0.906,8,0.3282,0,55,50.29,50.34,54.603272885314595
2036,68,33600.0,74,15.69,0.405,1,0.2058,0,95,32.44,37.45,94.42493616245896
2037,47,41300.0,699,8.76,0.901,21,0.4054,0,55,32.64,39.96,54.7567558194814
2038,72,53600.0,451,18.68,0.732,11,0.404,0,55,50.88,57.73,54.681960893411265
2039,38,41100.0,1100,14.48,0.682,25,0.5278,1,55,36.34,90.7,54.8863450588743
2040,60,68000.0,128,24.82,1.172,5,0.3925,1,95,119.4,230.8,95.88776245755365
2041,71,94500.0,607,28.36,0.791,16,0.6924,1,55,86.76,136.86,53.759063282080035
2042,66,99500.0,765,30.44,0.706,18,0.7561,1,55,73.83,122.44,48.95854058611465
2043,88,82200.0,676,23.36,0.843,19,0.6445,0,55,75.72,73.41,54.583408243202655
2044,42,107400.0,361,21.82,0.914,11,0.6948,1,35,87.99,128.37,45.978833304230974
2045,32,52900.0,715,12.75,0.881,21,0.4806,0,55,24.34,31.16,54.50511375532707
2046,38,30000.0,230,11.85,1.043,8,0.2236,1,55,60.66,112.26,55.6006936262273
2047,66,89300.0,206,33.37,0.728,5,0.546,1,55,101.77,153.57,53.56444148491029
2048,63,30000.0,131,13.25,0.229,1,0.203,0,95,10.26,23.31,94.21587784046304
2049,57,49500.0,491,18.23,0.794,13,0.3917,0,55,60.2,47.12,54.354002120533075
2050,36,72100.0,1100,28.41,0.791,29,0.7056,1,55,97.58,180.05,54.600706493606395
2051,68,65400.0,345,21.08,0.783,9,0.4426,0,55,66.29,63.28,54.62981847296008
2052,34,56800.0,201,14.78,0.149,1,0.3494,1,55,16.4,69.35,55.3471225833036
2053,75,44200.0,15,20.28,4.0,2,0.2381,0,95,331.29,334.98,84.72471210184513
2054,90,71800.0,179,18.63,0.335,2,0.4305,1,95,26.37,126.69,85.80178416255804
2055,61,87300.0,130,24.54,1.154,5,0.5101,0,95,104.39,97.84,93.71291851714741
2056,65,67400.0,704,22.67,0.98,23,0.566,1,55,88.08,146.47,55.48334131095959
2057,47,46000.0,352,14.43,0.682,8,0.332,0,55,23.03,13.7,54.034807687660035
2058,24,32600.0,64,15.82,1.406,3,0.1998,0,95,92.54,86.55,94.75442994695281
2059,45,46000.0,401,24.9,0.748,10,0.3457,0,55,71.14,55.1,53.905554609896825
2060,36,69400.0,334,17.28,0.898,10,0.4636,1,55,57.15,113.55,54.13878709089767
2061,30,67200.0,14,26.66,2.143,1,0.3547,0,95,233.77,232.01,95.3405039329274
2062,84,54000.0,40,15.15,0.75,1,0.291,0,95,35.29,15.15,95.1083068452028
2063,60,30000.0,712,23.51,0.632,15,0.3442,0,55,60.33,53.52,55.25733311228124
2064,61,75000.0,33,16.97,5.0,6,0.4054,1,95,336.68,431.39,93.40084231790297
2065,50,45100.0,59,14.8,1.525,3,0.2524,0,95,88.84,97.43,94.68777682991536
2066,52,78900.0,352,29.38,0.938,11,0.5275,1,55,112.51,154.69,54.0168774844055
2067,71,52300.0,914,25.61,0.788,24,0.5388,1,55,95.31,147.3,54.210268884586846
2068,54,44100.0,122,20.71,1.475,6,0.2626,1,95,125.38,209.38,94.93388401360995
2069,64,70000.0,299,15.09,0.502,5,0.4564,0,55,41.17,48.42,54.304248398613
2070,52,113900.0,459,27.5,0.784,12,0.7511,1,35,97.4,125.72,45.343162164780715
2071,49,79500.0,151,21.93,0.993,5,0.4687,1,95,93.26,193.45,94.35260081683768
2072,31,63100.0,588,15.19,0.969,19,0.5038,0,55,44.13,40.54,55.14795775655269
2073,21,65700.0,684,23.34,1.096,25,0.5495,1,55,100.41,138.37,54.216226245737865
2074,51,30000.0,336,10.62,0.893,10,0.2474,1,55,29.21,83.51,54.43567204529863
2075,56,41600.0,1100,9.79,0.709,26,0.5309,1,55,50.67,93.83,54.97557415511589
2076,33,30000.0,60,6.4,0.5,1,0.189,1,95,4.77,110.96,96.77274902421796
2077,54,101100.0,600,33.73,0.6,12,0.7241,0,35,68.97,87.16,45.899930337238075
2078,56,97300.0,133,22.04,0.226,1,0.5721,1,95,0.0,101.38,93.59600561114136
2079,18,65800.0,810,17.42,0.444,12,0.5886,1,55,22.65,71.24,54.76963534262003
2080,39,64600.0,303,14.54,0.594,6,0.4249,0,55,35.53,35.75,54.43316904679524
2081,62,33800.0,396,21.91,0.909,12,0.28,0,55,88.36,91.26,54.472245237715775
2082,62,61800.0,36,12.37,0.833,1,0.331,0,95,32.66,43.5,95.97939130873753
2083,35,98600.0,427,18.77,0.703,10,0.6656,0,55,62.15,60.27,48.83306651610959
2084,58,68400.0,79,18.65,0.38,1,0.3804,0,95,27.84,31.92,96.04080344777918
2085,72,56500.0,693,18.37,0.866,20,0.4959,0,55,59.75,42.96,55.53534690516875
2086,68,30700.0,400,17.9,0.9,12,0.2658,0,55,65.82,68.24,54.96118190608332
2087,53,93600.0,107,20.66,0.841,3,0.5416,1,95,80.84,167.24,94.03317282296861
2088,47,61900.0,307,27.01,0.098,1,0.41,0,55,11.0,11.43,55.21243256366366
2089,44,30000.0,652,11.16,0.69,15,0.3275,1,55,21.94,66.55,55.220574357708
2090,63,47200.0,262,12.04,0.916,8,0.314,0,55,47.51,51.62,54.831476614849606
2091,58,38800.0,910,10.3,0.758,23,0.4547,0,55,34.49,40.87,54.37146270989039
2092,66,64400.0,260,15.79,0.808,7,0.4107,0,55,49.51,47.18,54.637323512193746
2093,57,69800.0,4,14.63,5.0,2,0.3666,0,95,300.77,292.11,93.42877492636353
2094,69,57200.0,444,22.33,0.811,12,0.4233,0,55,54.13,59.86,54.572241545416205
2095,57,81700.0,119,17.25,1.261,5,0.4723,0,95,89.87,105.44,94.5226499194156
2096,68,69300.0,601,19.73,0.599,12,0.5459,1,55,53.55,127.76,55.7035992181034
2097,70,90300.0,185,18.4,0.162,1,0.5456,1,55,0.33,59.29,55.11065345992165
2098,41,54700.0,990,12.33,0.788,26,0.5767,1,55,27.0,84.78,54.534728669710034
2099,24,120000.0,127,33.53,1.181,5,0.6987,0,75,166.38,153.23,94.81312157480667
2100,81,58300.0,541,26.76,0.832,15,0.4598,1,55,98.45,166.59,54.63078503599333
2101,59,46800.0,501,23.37,0.778,13,0.3789,0,55,83.61,60.38,54.03888779097852
2102,26,37600.0,128,8.28,0.469,2,0.2342,0,95,9.99,21.91,96.10218061373017
2103,43,58200.0,538,12.07,0.781,14,0.4582,0,55,39.32,39.58,54.71113637336881
2104,68,31500.0,38,24.62,1.579,2,0.1905,0,95,158.17,133.85,95.01785900777764
2105,50,70200.0,172,19.26,1.047,6,0.4188,1,95,67.0,165.37,95.57551906576406
2106,46,30000.0,751,7.63,1.079,27,0.3552,1,55,34.19,87.62,54.86532821442561
2107,79,73200.0,43,26.39,0.698,1,0.3978,0,95,74.79,70.3,94.41368424191732
2108,37,33000.0,436,15.29,1.445,21,0.2861,0,55,94.34,91.64,54.76879571254942
2109,41,54200.0,31,20.98,0.968,1,0.2897,0,95,76.66,76.47,95.06229132943932
2110,59,78500.0,178,10.59,1.011,6,0.471,0,95,52.83,52.61,95.33121687148365
2111,62,114800.0,463,25.59,0.518,8,0.7561,1,35,53.67,73.91,45.515900764133114
2112,63,44000.0,66,21.34,1.364,3,0.2489,1,95,130.11,229.14,95.20787802933366
2113,70,64800.0,410,16.52,0.951,13,0.459,0,55,68.81,65.02,55.67555640807521
2114,58,50400.0,19,23.74,1.579,1,0.2679,0,95,152.16,168.03,95.56932180472529
2115,63,48300.0,5,10.66,5.0,3,0.2545,1,95,203.74,307.35,98.48683841950657
2116,51,49200.0,165,16.82,0.545,3,0.2988,0,95,26.11,35.83,93.79593133242312
2117,56,82500.0,4,30.6,5.0,1,0.4417,0,95,624.81,643.42,96.92086525988907
2118,57,55200.0,291,12.53,0.928,9,0.3661,0,55,53.53,60.89,54.86451645394539
2119,59,113000.0,189,28.31,0.794,5,0.6784,1,35,87.63,121.17,45.96666058124734
2120,68,76300.0,106,24.37,0.283,1,0.4354,1,95,24.25,93.67,94.26374439887081
2121,64,45600.0,152,17.3,0.592,3,0.2773,1,95,42.74,140.15,93.9357587869396
2122,56,57500.0,148,17.37,1.014,5,0.3384,0,95,59.69,77.0,94.67206318801207
2123,41,45400.0,31,12.43,0.968,1,0.2472,1,95,44.39,148.33,94.41349074531607
2124,56,82000.0,72,23.28,1.25,3,0.4596,0,95,121.3,116.22,94.71495841381828
2125,55,30600.0,108,14.08,1.667,6,0.2007,0,95,99.86,100.45,94.66825793353678
2126,58,37400.0,211,8.43,1.564,11,0.2523,1,55,49.79,99.23,54.618061827233596
2127,90,59600.0,559,24.44,0.966,18,0.4733,1,55,107.24,165.3,55.676251313022306
2128,46,77500.0,724,17.07,0.787,19,0.6315,1,55,62.1,111.99,54.442747893249305
2129,62,92300.0,238,16.79,0.882,7,0.574,1,55,53.09,122.48,54.21931480197976
2130,73,97600.0,148,21.66,0.405,2,0.5784,0,95,24.88,26.09,93.48873102605653
2131,57,76500.0,158,17.01,0.57,3,0.4526,0,95,43.54,46.12,94.3839231950157
2132,90,70300.0,409,19.25,0.954,13,0.4924,1,55,69.86,116.57,55.55490211161764
2133,49,80500.0,98,15.86,0.612,2,0.4584,1,95,33.7,124.53,94.60477469580904
2134,61,42200.0,868,18.57,0.795,23,0.4625,1,55,60.84,104.28,54.38599899950972
2135,41,30000.0,815,21.41,0.626,17,0.3737,1,55,59.37,128.54,54.59487866780128
2136,49,73000.0,1100,21.48,0.873,32,0.7102,1,55,81.34,131.21,54.79909318077933
2137,59,44700.0,106,9.48,0.566,2,0.2616,0,95,21.9,23.5,96.35086402666973
2138,69,66400.0,669,15.39,0.897,20,0.5492,0,55,36.87,21.38,55.46375846351973
2139,60,68500.0,1100,21.38,0.682,25,0.6869,1,55,65.96,108.64,55.152452239635174
2140,76,74400.0,269,11.33,0.446,4,0.4741,0,55,13.76,11.26,54.30337275690429
2141,53,84300.0,300,16.48,1.1,11,0.5445,0,55,74.98,71.87,54.870705921985376
2142,49,81300.0,3,13.96,5.0,1,0.4341,0,95,278.22,280.67,93.45238298539296
2143,90,76100.0,1100,21.99,0.627,23,0.7256,1,55,73.1,148.21,54.72425208697986
2144,62,57100.0,236,29.38,0.381,3,0.3611,0,55,61.24,41.07,53.69321788942367
2145,43,64900.0,1100,13.43,0.818,30,0.6675,0,55,40.27,50.05,54.91090023367016
2146,43,50100.0,30,21.6,3.0,3,0.2691,0,95,248.44,253.42,85.93257941983588
2147,39,57700.0,521,15.84,0.633,11,0.4499,0,55,29.98,23.79,54.92154087999725
2148,71,120000.0,27,21.4,1.111,1,0.6719,1,75,97.27,167.94,94.05904038608065
2149,49,67600.0,195,27.96,1.077,7,0.4102,0,55,116.13,127.33,54.611178457173494
2150,57,74900.0,369,32.03,1.057,13,0.5082,1,55,126.53,180.91,54.20492748156976
2151,54,50000.0,449,19.56,0.735,11,0.3822,0,55,53.32,50.1,54.03635291430567
2152,67,88800.0,107,25.13,1.121,4,0.5122,1,95,116.29,200.81,93.56182267139847
2153,41,78200.0,217,22.04,1.106,8,0.4812,0,55,96.88,88.52,54.53258089241564
2154,37,77500.0,318,20.88,1.321,14,0.5084,1,55,106.47,149.31,54.61770595075315
2155,59,70300.0,302,22.25,0.397,4,0.4592,0,55,32.48,41.32,54.00688569817045
2156,65,88700.0,216,26.69,0.417,3,0.5454,1,55,43.22,90.38,53.27280602071394
2157,61,92900.0,40,32.25,0.75,1,0.5166,1,95,98.53,181.59,94.84753489010811
2158,41,68100.0,719,17.6,0.834,20,0.5748,1,55,60.96,117.71,54.73663244371852
2159,67,65000.0,39,20.39,0.769,1,0.3495,0,95,49.53,41.37,96.26311053534671
2160,42,81200.0,863,21.74,0.8,23,0.6906,1,55,70.9,141.37,52.79176852529011
2161,46,44200.0,1100,21.75,0.764,28,0.5468,1,55,63.57,118.98,54.40246789614121
2162,39,46700.0,72,29.01,0.833,2,0.263,0,95,88.55,90.6,96.1101903272122
2163,77,68300.0,251,25.54,0.837,7,0.4314,1,55,82.53,139.6,53.98654649519277
2164,66,30600.0,39,18.58,3.077,4,0.1873,0,95,237.93,243.64,86.07860016313684
2165,65,84400.0,496,27.2,0.544,9,0.6046,0,55,65.66,72.76,54.14849117492718
2166,76,49000.0,221,23.69,0.679,5,0.3125,0,55,65.12,65.41,53.582253114351175
2167,90,62100.0,649,31.39,0.601,13,0.5166,1,55,68.28,113.13,54.33566124357221
2168,26,54700.0,74,9.78,1.216,3,0.3034,0,95,36.69,35.16,97.63542300577888
2169,42,63200.0,122,22.48,0.492,2,0.363,0,95,36.71,37.3,95.18320840535405
2170,45,55800.0,575,5.46,0.939,18,0.455,1,55,20.61,59.28,54.89725791303647
2171,41,60800.0,36,23.88,0.833,1,0.3255,0,95,79.83,58.79,95.618662302722
2172,37,60100.0,162,21.77,0.556,3,0.3569,1,95,43.21,126.08,93.9931846024959
2173,50,54600.0,294,15.46,0.714,7,0.3636,0,55,51.18,31.67,54.40882386099434
2174,34,44600.0,179,3.34,1.676,10,0.2791,1,95,25.47,115.6,85.34020441300636
2175,61,88900.0,465,23.26,0.452,7,0.6217,1,55,20.84,68.12,53.825672340326555
2176,56,30000.0,203,15.61,0.443,3,0.2178,0,55,28.53,29.42,54.18776350272579
2177,63,62300.0,218,19.03,0.826,6,0.3858,1,55,68.92,131.01,54.44470356171199
2178,64,57000.0,597,15.44,0.653,13,0.4691,0,55,41.95,44.84,55.41125839810915
2179,65,75800.0,1100,16.89,0.791,29,0.7241,1,55,58.09,117.44,54.89419691604137
2180,49,33300.0,15,14.74,2.0,1,0.1929,0,95,115.81,125.27,94.74456213458005
2181,90,61500.0,690,15.22,0.783,18,0.5257,0,55,47.15,43.89,55.62251279985477
2182,59,63700.0,510,23.6,0.765,13,0.4832,1,55,71.86,100.79,54.236946893275736
2183,23,81100.0,883,21.77,0.747,22,0.6954,1,55,66.52,104.08,52.83048634494404
2184,38,68600.0,82,11.67,0.366,1,0.3824,1,95,12.45,112.44,97.06896288669223
2185,25,34100.0,524,16.0,0.802,14,0.3148,1,55,60.07,117.03,54.74992375734889
2186,55,54800.0,204,20.29,0.147,1,0.3392,0,55,23.31,30.26,55.120691905154096
2187,53,83200.0,326,30.57,0.552,6,0.5458,1,55,63.25,146.68,53.578844242125896
2188,47,38200.0,77,20.37,1.169,3,0.2256,0,95,85.9,88.09,94.89840910800362
2189,89,70100.0,200,16.02,1.35,9,0.4267,1,55,75.75,129.79,54.61569581967623
2190,64,66600.0,763,27.12,1.022,26,0.5791,0,55,114.11,117.57,54.83986741318108
2191,67,59300.0,700,11.96,0.686,16,0.5153,0,55,37.52,25.62,56.02983043962262
2192,39,118400.0,214,27.9,0.421,3,0.713,1,35,50.26,92.81,45.93617584860296
2193,38,52900.0,710,21.71,0.803,19,0.4791,0,55,73.69,71.98,54.42898907869489
2194,56,74600.0,587,28.48,1.022,20,0.5737,1,55,111.88,183.71,54.760146244914786
2195,58,49500.0,316,26.87,1.139,12,0.3412,0,55,106.5,90.49,54.451228548714695
2196,23,69700.0,615,26.83,0.585,12,0.5526,0,55,58.8,58.85,54.05486728415596
2197,52,82700.0,772,21.72,0.738,19,0.674,0,55,77.35,71.07,53.86553948206177
2198,55,52700.0,16,20.8,5.0,3,0.2784,1,95,418.12,502.45,93.2722686566646
2199,51,63100.0,243,20.59,1.111,9,0.3979,1,55,94.9,156.12,54.75250889688297
2200,41,43400.0,96,12.96,1.25,4,0.2532,0,95,72.04,68.86,94.47721899773046
2201,46,39200.0,217,15.3,0.553,4,0.2622,0,55,27.12,40.43,54.290839690044535
2202,52,86200.0,304,31.92,0.888,9,0.5573,0,55,115.17,109.86,53.82445400480107
2203,57,53800.0,156,21.3,1.346,7,0.3205,0,95,118.78,114.85,95.06724020825129
2204,65,30000.0,666,24.8,0.631,14,0.3314,1,55,55.14,130.28,55.30594300582266
2205,73,105700.0,7,20.44,5.0,4,0.5842,1,75,411.71,473.2,93.54298446935476
2206,50,47200.0,691,15.17,0.868,20,0.4384,1,55,63.03,110.2,54.73019418902601
2207,47,58200.0,679,20.81,0.663,15,0.502,0,55,51.98,21.08,55.069917612265186
2208,62,100900.0,233,28.85,1.159,9,0.6232,1,35,119.97,150.5,46.52865750118067
2209,65,64000.0,141,19.02,1.277,6,0.3731,0,95,98.53,105.44,95.95488054267565
2210,48,60200.0,1100,23.03,0.818,30,0.6414,1,55,70.1,129.2,54.59791782641726
2211,68,41800.0,81,20.23,2.593,7,0.2423,0,95,211.27,212.72,85.82981101228813
2212,72,34100.0,31,8.18,0.968,1,0.1992,0,95,24.94,16.17,96.49771647101532
2213,77,65900.0,176,23.65,0.852,5,0.3944,0,95,81.09,79.18,95.22731957897747
2214,85,78600.0,202,27.16,0.149,1,0.479,0,55,26.01,22.03,54.67548579764785
2215,40,68400.0,603,21.74,0.896,18,0.541,1,55,77.69,132.64,53.743875979412636
2216,55,54900.0,142,9.04,1.479,7,0.3226,1,95,40.29,137.03,97.5835737127745
2217,55,65400.0,541,18.43,0.998,18,0.5033,0,55,76.58,73.07,55.61408571227464
2218,53,30000.0,75,16.69,0.4,1,0.1919,0,95,26.86,27.1,94.44965708817409
2219,44,72500.0,108,16.55,1.667,6,0.4131,1,95,112.06,206.08,95.90941152192093
2220,30,63400.0,170,24.1,1.235,7,0.3781,0,95,126.84,120.09,95.90840286740371
2221,57,106800.0,374,29.67,0.561,7,0.6951,0,35,62.38,63.17,45.60064438385345
2222,42,62600.0,386,20.06,1.01,13,0.4382,1,55,78.74,120.97,55.292820475074635
2223,56,45400.0,336,16.9,0.893,10,0.3243,1,55,52.13,108.95,54.16356590607428
2224,42,61300.0,264,20.16,0.227,2,0.3936,0,55,19.85,8.74,55.492412605012255
2225,36,54300.0,1086,18.12,0.801,29,0.6032,0,55,59.39,59.14,54.44634256594265
2226,59,74900.0,216,14.81,0.417,3,0.4607,0,55,22.63,27.28,54.090550090804996
2227,58,66200.0,15,17.78,2.0,1,0.3494,0,95,148.22,138.96,96.72890866440221
2228,65,40500.0,126,16.44,0.952,4,0.2468,0,95,54.31,64.64,94.01184653908633
2229,90,37600.0,172,22.73,0.698,4,0.2442,0,95,64.48,82.36,94.20872633800701
2230,60,71500.0,26,24.19,5.0,5,0.3828,0,95,488.61,482.11,93.25058284076248
2231,63,95600.0,384,31.7,0.781,10,0.6367,0,55,94.69,93.25,53.2561039225121
2232,37,63100.0,421,12.44,0.926,13,0.452,0,55,35.09,47.21,54.32879118280639
2233,33,77700.0,388,19.87,0.851,11,0.5313,1,55,54.07,91.09,53.2047781082557
2234,82,91700.0,312,34.12,1.058,11,0.5928,1,55,145.64,200.97,54.458190495439865
2235,39,67400.0,59,16.4,0.508,1,0.3688,0,95,46.88,43.86,96.16845294366142
2236,37,44300.0,345,12.83,0.783,9,0.3209,1,55,35.31,99.31,54.163951160010285
2237,54,68900.0,102,18.98,0.588,2,0.3901,1,95,48.25,140.8,95.80597691946444
2238,53,89900.0,1098,33.58,0.792,29,0.7874,1,55,86.98,146.5,53.33784685684161
2239,40,73100.0,115,17.61,1.043,4,0.4189,1,95,76.46,163.22,95.56852134142913
2240,50,79700.0,35,24.74,0.857,1,0.4342,1,95,76.1,180.62,94.63622426230111
2241,76,59500.0,237,20.89,0.633,5,0.3751,0,55,49.75,38.53,53.81197587757026
2242,41,58000.0,77,9.06,2.727,7,0.3216,0,95,99.46,108.17,92.10938028005721
2243,31,57700.0,1100,18.58,0.6,22,0.6271,1,55,31.31,87.07,54.87579415887993
2244,71,67100.0,575,17.3,0.887,17,0.5244,1,55,86.55,118.0,55.15439544064376
2245,63,91100.0,924,27.05,0.877,27,0.7544,0,55,90.05,90.68,52.68544506098733
2246,44,30000.0,742,23.2,0.809,20,0.3527,1,55,79.93,141.0,54.79571626161258
2247,28,60200.0,47,17.31,4.468,7,0.3253,0,95,321.31,309.01,87.45429040434114
2248,42,60700.0,240,17.38,1.125,9,0.383,0,55,80.56,72.09,54.92006077916717
2249,54,36000.0,18,27.99,3.333,2,0.2041,0,95,363.34,364.23,91.42806738827836
2250,75,83100.0,254,18.91,0.591,5,0.5229,0,55,45.52,40.41,54.004301014006174
2251,37,46200.0,639,10.21,0.798,17,0.4165,1,55,17.89,76.19,54.53209504803761
2252,54,57300.0,764,25.48,0.825,21,0.5229,0,55,81.44,79.34,54.4623627009742
2253,66,106000.0,95,25.65,0.632,2,0.6123,0,75,78.26,65.06,93.08594687364702
2254,18,78800.0,362,23.24,0.58,7,0.53,1,55,42.63,120.91,53.42841952155974
2255,73,80700.0,1,33.26,5.0,1,0.4299,0,95,658.61,655.21,96.92086525988907
2256,35,69000.0,171,13.34,0.877,5,0.4113,0,95,61.63,62.87,95.49521485798944
2257,61,62700.0,251,18.43,0.239,2,0.3979,0,55,16.23,33.95,55.38767517942543
2258,59,107800.0,567,19.99,0.688,13,0.7482,0,35,47.86,56.49,46.256486013138755
2259,73,85400.0,47,24.49,0.638,1,0.4726,1,95,65.61,166.09,93.83717635813323
2260,64,51100.0,300,14.9,1.0,10,0.3456,0,55,55.85,66.43,55.42441593364933
2261,18,30000.0,1,8.64,5.0,3,0.178,0,95,151.07,156.59,98.7282099971972
2262,42,74300.0,570,24.81,0.737,14,0.5667,1,55,62.26,122.77,53.67371120194707
2263,57,64200.0,542,19.68,1.052,19,0.4963,1,55,99.27,159.94,55.27492489189944
2264,52,34400.0,117,8.9,1.795,7,0.218,1,95,66.53,159.84,97.00238468295079
2265,63,75600.0,319,15.39,0.846,9,0.497,1,55,63.79,129.54,54.24256285985952
2266,68,62000.0,678,20.34,0.752,17,0.525,0,55,52.95,59.69,55.691693965006394
2267,65,78100.0,160,13.36,0.562,3,0.463,0,95,29.59,6.6,94.47749709488487
2268,51,73500.0,108,22.16,1.111,4,0.4191,1,95,97.13,200.64,95.7639360561932
2269,24,46000.0,207,23.6,0.725,5,0.2932,1,55,64.06,111.13,53.500861379010026
2270,47,76700.0,698,24.84,0.817,19,0.6194,0,55,82.86,85.29,53.866413430981844
2271,62,55900.0,1081,15.27,0.805,29,0.6111,1,55,40.25,78.53,54.75000832428309
2272,36,52100.0,1100,19.19,0.736,27,0.5944,1,55,66.17,115.34,54.5313355067366
2273,66,56000.0,7,12.14,5.0,3,0.2926,0,95,246.54,242.89,93.7446733743121
2274,70,91800.0,62,24.45,0.484,1,0.5166,1,95,45.94,146.31,93.73201339663814
2275,57,59500.0,211,17.29,0.711,5,0.3676,0,55,50.24,44.36,53.81878964486574
2276,18,86400.0,339,17.76,0.531,6,0.5692,0,55,35.3,13.64,53.83516358768292
2277,33,98100.0,115,27.83,0.522,2,0.5714,1,95,44.32,134.42,94.43956864468682
2278,87,55900.0,437,8.5,1.167,17,0.4134,0,55,31.75,27.95,55.01760616131696
2279,46,30000.0,140,8.57,0.214,1,0.2048,0,95,5.9,12.23,96.38897718503536
2280,21,80100.0,313,16.69,0.863,9,0.5228,0,55,54.79,56.27,54.042558848794314
2281,76,62000.0,20,16.78,1.5,1,0.3276,0,95,105.86,98.19,96.27901620878849
2282,55,46800.0,406,23.52,0.296,4,0.3515,0,55,32.33,35.1,54.937781705056516
2283,74,56400.0,373,22.23,0.885,11,0.3972,1,55,74.22,147.55,54.76691392076136
2284,60,57300.0,343,19.12,0.612,7,0.3936,0,55,39.15,50.85,54.34835126693011
2285,63,93800.0,549,24.36,0.82,15,0.6731,1,55,85.94,121.84,53.561265373605515
2286,61,69600.0,149,20.38,1.409,7,0.4082,1,95,116.38,236.13,95.96906633341021
2287,67,94400.0,275,31.02,0.873,8,0.5977,1,55,103.35,170.19,53.50823942596755
2288,90,82400.0,341,13.28,0.88,10,0.5455,0,55,37.61,53.46,54.61394706956052
2289,72,61900.0,1100,23.14,0.682,25,0.6509,0,55,57.72,42.52,54.8841448071482
2290,28,51400.0,439,15.17,0.888,13,0.3874,0,55,57.02,52.88,53.87739191568925
2291,63,78400.0,542,24.27,0.72,13,0.5828,1,55,83.39,144.28,54.07667680119785
2292,74,86000.0,176,25.44,0.17,1,0.5164,1,95,15.6,99.39,92.91670395758047
2293,75,89900.0,359,27.15,0.919,11,0.5962,1,55,93.14,153.42,54.532114815986034
2294,48,58100.0,315,26.63,1.048,11,0.3899,0,55,128.89,145.22,55.16668962647381
2295,75,72700.0,766,14.05,0.94,24,0.6161,1,55,49.85,101.52,54.9997895980706
2296,71,80500.0,126,27.1,2.381,10,0.4671,0,95,251.75,268.78,92.32925403978572
2297,90,63900.0,169,19.27,1.243,7,0.3807,1,95,92.55,194.58,95.78787144039839
2298,42,38600.0,27,13.49,2.222,2,0.2166,0,95,116.24,97.66,93.52147406808788
2299,46,46300.0,238,27.11,1.134,9,0.3029,1,55,133.14,179.45,54.538446793173286
2300,50,58900.0,1100,22.34,0.682,25,0.634,1,55,47.55,113.64,54.71132158487374
2301,47,77300.0,560,19.51,0.482,9,0.5817,1,55,42.37,87.05,54.25127232723632
2302,40,88400.0,219,28.05,0.548,4,0.5445,1,55,61.4,127.19,53.4665513224447
2303,18,30000.0,23,14.27,5.0,4,0.1821,0,95,280.95,287.06,93.57442727277707
2304,48,51100.0,110,15.5,0.273,1,0.2942,0,95,14.24,17.36,94.18863871137067
2305,61,58700.0,127,15.77,1.181,5,0.3392,0,95,72.49,66.72,95.23940846652962
2306,47,80100.0,952,23.54,0.819,26,0.7082,1,55,77.82,135.83,53.33945260144347
2307,88,60500.0,9,16.01,3.333,1,0.3166,0,95,209.83,226.66,85.8787499320869
2308,55,56000.0,274,19.18,0.328,3,0.3658,0,55,24.64,20.74,55.36230875108491
2309,77,39700.0,80,20.39,1.125,3,0.2328,0,95,85.54,91.64,94.84800141106902
2310,59,76000.0,90,21.95,0.333,1,0.4287,0,95,46.69,66.76,94.90727165512895
2311,69,64400.0,1100,29.54,0.9,33,0.6648,0,55,114.42,117.04,54.50536815956959
2312,60,52300.0,101,17.91,1.782,6,0.298,1,95,131.57,221.66,95.35478242982205
2313,78,64200.0,705,26.38,0.681,16,0.5469,1,55,68.31,118.29,55.34665384806352
2314,56,88900.0,977,28.22,0.921,30,0.7566,1,55,110.53,144.7,53.22292132033592
2315,63,45500.0,319,24.45,0.846,9,0.3203,1,55,85.13,128.02,54.23522671068484
2316,61,48500.0,1100,27.14,0.6,22,0.5728,0,55,66.09,69.47,54.56879110498623
2317,50,90300.0,226,14.74,0.664,5,0.5582,0,55,34.89,44.58,53.83951076150385
2318,62,68000.0,161,21.53,1.677,9,0.4023,0,95,146.62,142.36,96.14826152418762
2319,90,86100.0,113,22.36,0.265,1,0.4975,1,95,37.17,141.74,93.69960658776263
2320,50,72400.0,189,21.42,0.794,5,0.4372,0,55,68.68,77.62,53.60957899169549
2321,62,65700.0,388,17.87,0.464,6,0.4577,0,55,31.06,23.35,54.40173962372184
2322,76,61900.0,453,16.57,0.53,8,0.4546,0,55,35.92,29.96,54.63495085876334
2323,74,86300.0,215,17.45,0.419,3,0.5304,0,55,29.6,16.14,54.061980433843054
2324,55,89400.0,897,23.9,0.635,19,0.7402,1,55,56.33,118.77,53.26202253284407
2325,18,80400.0,10,26.73,3.0,1,0.4308,1,95,314.83,409.87,88.0197860170565
2326,64,41900.0,462,13.82,1.104,17,0.34,0,55,67.38,76.25,54.879800182795876
2327,18,85000.0,537,21.11,0.726,13,0.6202,0,55,70.95,70.35,53.72210517866763
2328,80,62500.0,764,15.88,0.825,21,0.5547,1,55,70.53,116.12,55.570966151665594
2329,58,49700.0,483,12.48,0.932,15,0.3905,1,55,50.19,112.99,54.84932848979479
2330,72,64800.0,709,18.54,0.592,14,0.5517,0,55,44.84,25.02,56.23372465946207
2331,40,79500.0,113,23.64,0.265,1,0.457,0,95,32.27,28.9,94.48048944537055
2332,29,71100.0,220,26.95,1.091,8,0.4388,1,55,110.35,157.6,54.449402578256695
2333,59,60400.0,342,13.1,0.614,7,0.4116,0,55,37.31,52.57,54.31101447028184
2334,54,82400.0,267,22.21,1.011,9,0.5226,1,55,98.13,170.63,55.204726441355064
2335,47,66300.0,85,25.84,2.471,7,0.37,0,95,263.6,267.83,87.32181829853992
2336,56,53200.0,357,12.09,0.42,5,0.3738,1,55,33.65,82.86,54.24583170340884
2337,90,57100.0,1100,24.9,0.709,26,0.6236,0,55,65.83,83.04,54.620682812901855
2338,69,76400.0,321,19.27,0.654,7,0.5025,0,55,46.47,39.49,54.51845596753254
2339,73,66900.0,86,23.59,0.349,1,0.3738,0,95,31.21,17.37,95.7164032492042
2340,69,38900.0,188,14.74,0.479,3,0.2539,0,55,19.32,0.0,54.28838222274903
2341,80,87800.0,265,25.46,0.566,5,0.555,1,55,61.95,117.97,53.35340797154817
2342,52,54300.0,45,26.19,0.667,1,0.2938,0,95,75.28,58.13,94.82822444056463
2343,20,91400.0,97,23.1,0.928,3,0.5251,1,95,90.24,199.43,94.09449282173597
2344,52,34900.0,724,20.22,0.87,21,0.3754,0,55,71.56,65.76,54.79714343343043
2345,69,64000.0,127,20.97,0.709,3,0.369,1,95,67.52,149.65,95.41413815325066
2346,39,47100.0,1100,13.13,0.845,31,0.5644,0,55,48.98,60.14,54.56783700889762
2347,52,43900.0,380,15.86,0.632,8,0.3283,0,55,35.27,44.03,54.177808920383
2348,43,52400.0,747,16.82,0.602,15,0.4875,0,55,16.9,33.54,55.580246547487796
2349,81,107400.0,267,19.05,0.674,6,0.6694,1,35,48.71,66.72,45.92725849236708
2350,68,70600.0,1100,22.89,0.791,29,0.6979,1,55,72.74,108.64,54.80465242610626
2351,66,50600.0,102,20.88,1.471,5,0.2896,0,95,123.24,138.84,95.2145983181346
2352,66,30000.0,120,18.56,1.75,7,0.2007,0,95,128.49,100.42,95.21523557541875
2353,54,30000.0,244,21.65,0.861,7,0.2267,0,55,70.27,58.11,54.2360666342588
2354,58,54300.0,70,22.91,1.714,4,0.3003,1,95,150.3,245.85,95.57312473873705
2355,35,47700.0,165,14.14,1.455,8,0.2911,0,95,74.03,60.74,94.3695926206857
2356,18,52900.0,125,15.98,0.24,1,0.3075,1,95,18.82,115.93,94.06774344882189
2357,58,30000.0,288,18.69,0.729,7,0.2364,0,55,63.21,51.72,54.55531801637052
2358,61,64300.0,80,21.59,3.75,10,0.3572,1,95,313.84,421.74,85.0247421163018
2359,76,90800.0,317,23.53,0.946,10,0.5889,0,55,88.55,95.73,55.26048749188759
2360,82,104500.0,142,21.3,1.056,5,0.6174,0,75,96.28,99.03,93.89806788763077
2361,82,30600.0,36,11.94,3.333,4,0.1867,0,95,157.67,154.12,87.40902342959207
2362,38,44800.0,281,19.63,0.32,3,0.3064,0,55,30.85,20.52,55.81866888661495
2363,49,45900.0,515,7.13,0.641,11,0.3778,1,55,26.91,80.56,54.73138083804343
2364,63,69700.0,603,8.76,0.597,12,0.5489,1,55,24.07,66.76,55.19892595306112
2365,90,46400.0,169,20.43,0.888,5,0.2855,0,95,68.6,87.77,94.18026157581565
2366,80,105300.0,452,23.13,0.664,10,0.7077,1,35,71.95,110.15,45.73413644986117
2367,74,69700.0,80,22.8,0.75,2,0.3882,1,95,66.26,152.56,96.05999053970888
2368,48,61000.0,168,27.03,0.536,3,0.3637,0,95,55.81,71.47,94.95219171981448
2369,40,95400.0,226,19.24,0.133,1,0.5889,1,55,14.35,68.89,54.671479612361274
2370,68,67300.0,397,11.75,0.982,13,0.4702,1,55,43.74,112.73,55.758527662114474
2371,36,69600.0,873,19.06,0.584,17,0.6295,1,55,42.73,111.42,54.783139651470385
2372,51,48400.0,645,13.84,0.651,14,0.4316,0,55,33.05,37.41,54.95250829468213
2373,53,35800.0,501,15.24,0.539,9,0.3176,0,55,31.41,18.72,54.95706393408791
2374,82,57600.0,567,21.33,0.635,12,0.4635,0,55,55.75,49.95,55.14629329624706
2375,49,109700.0,586,28.09,0.768,15,0.7612,1,35,70.51,141.4,45.53963880197813
2376,18,70900.0,81,20.87,2.222,6,0.3956,0,95,184.71,179.2,95.77845395292685
2377,64,72600.0,641,26.18,0.515,11,0.5781,1,55,39.81,92.24,54.238141202025346
2378,43,42100.0,166,19.67,0.361,2,0.2637,0,95,25.15,20.43,93.91029944545885
2379,56,84300.0,49,21.74,0.612,1,0.4665,0,95,55.92,46.53,94.58093971255535
2380,54,36300.0,448,18.62,0.603,9,0.3061,0,55,42.29,49.33,54.705253715518126
2381,50,31100.0,398,6.94,0.754,10,0.2673,1,55,26.55,68.17,54.4427730277841
2382,68,55900.0,866,23.7,0.831,24,0.5459,1,55,81.56,128.25,54.25705838237201
2383,29,100800.0,245,25.23,0.122,1,0.6262,0,35,0.0,3.09,47.515672457314786
2384,46,103100.0,141,19.46,1.064,5,0.609,0,75,92.41,89.9,94.02457880609808
2385,67,57900.0,791,16.6,0.645,17,0.535,1,55,44.83,101.46,55.65990954935188
2386,45,48800.0,44,22.51,0.682,1,0.2663,0,95,56.85,56.54,94.76909610037747
2387,28,30000.0,76,10.66,0.789,2,0.1921,1,95,29.88,113.16,96.29869727447075
2388,66,68800.0,321,22.37,0.935,10,0.4559,1,55,66.99,136.63,55.12703910873503
2389,74,72200.0,2,25.22,5.0,1,0.3798,1,95,506.14,612.57,93.29484683994303
2390,54,81400.0,249,22.33,0.361,3,0.5109,1,55,37.45,82.9,53.740836191809166
2391,22,77500.0,450,17.3,0.733,11,0.5493,0,55,45.28,50.05,53.312202325856184
2392,67,63300.0,166,19.18,0.361,2,0.3763,0,95,20.46,15.55,94.82510666927848
2393,27,71100.0,694,13.62,0.821,19,0.5852,0,55,45.85,56.69,54.20556472117313
2394,60,51300.0,42,15.25,2.857,4,0.2779,1,95,183.83,287.42,86.14506083313618
2395,40,73300.0,147,15.46,1.429,7,0.4298,0,95,97.1,109.66,95.4683729294398
2396,35,50300.0,256,17.31,0.703,6,0.329,0,55,55.31,45.83,54.10033386166393
2397,47,73000.0,475,14.6,0.947,15,0.5295,0,55,71.47,57.92,54.71199800811489
2398,52,72300.0,44,21.26,0.682,1,0.3928,1,95,65.39,141.81,96.10850301060383
2399,44,64200.0,834,25.29,0.935,26,0.5863,1,55,103.84,185.59,54.18788938360029
2400,65,83700.0,206,28.53,0.291,2,0.5116,0,55,33.91,42.97,54.68544275832903
2401,47,30400.0,1100,8.33,0.573,21,0.4621,0,55,16.32,28.77,54.84407284984268
2402,72,46000.0,244,13.57,1.23,10,0.3029,0,55,75.84,61.5,54.865008406634374
2403,60,60300.0,393,23.31,0.611,8,0.4265,0,55,49.12,55.48,54.28608180209908
2404,43,32300.0,618,18.37,0.777,16,0.3307,0,55,60.48,43.27,54.98948483039582
2405,40,53500.0,125,14.95,0.24,1,0.3106,0,95,9.49,14.04,94.08421993525776
2406,27,51500.0,422,15.29,1.28,18,0.383,0,55,81.0,81.2,54.49482787669449
2407,60,93500.0,328,24.44,1.28,14,0.6082,1,55,127.28,179.29,54.50472432424987
2408,49,66800.0,39,10.85,4.615,6,0.3596,0,95,201.59,196.17,96.11939381344793
2409,18,79200.0,672,24.51,0.759,17,0.6262,0,55,74.27,86.03,53.58870343352518
2410,46,69500.0,20,25.84,4.5,3,0.3695,0,95,469.38,464.15,88.8373988208133
2411,40,50800.0,698,15.67,0.731,17,0.4625,0,55,51.36,64.9,55.098262105645304
2412,82,73200.0,108,13.88,1.667,6,0.4173,1,95,81.36,175.89,95.59346279948852
2413,26,74500.0,555,28.24,0.703,13,0.5633,0,55,79.05,82.78,53.69247345297927
2414,30,85100.0,434,23.86,1.106,16,0.5902,0,55,102.21,107.71,54.17591833062002
2415,74,66000.0,1099,23.44,0.71,26,0.6732,1,55,68.12,127.72,54.836133042328214
2416,78,35000.0,321,8.64,0.654,7,0.2673,0,55,19.27,21.56,54.5397178293595
2417,42,30000.0,640,7.91,0.703,15,0.3242,0,55,32.44,53.97,54.889804895743
2418,44,55900.0,509,20.46,0.766,13,0.4353,1,55,62.14,128.43,54.36765144703324
2419,65,30000.0,80,19.64,0.375,1,0.1929,0,95,37.35,11.79,94.75150269066431
2420,18,95300.0,389,18.65,0.848,11,0.6364,1,55,55.64,108.56,52.5894628417973
2421,23,71100.0,213,20.16,0.563,4,0.4367,0,55,43.15,58.02,53.45590015160061
2422,50,50700.0,288,9.67,1.042,10,0.34,0,55,35.39,27.26,55.228704106269724
2423,81,46900.0,108,13.53,1.944,7,0.2727,0,95,108.36,108.41,94.77439124441058
2424,48,85200.0,27,21.49,1.111,1,0.4652,0,95,86.02,86.82,94.7979572732633
2425,57,42000.0,144,18.74,2.083,10,0.258,0,95,142.47,158.39,94.79867827438433
2426,74,47400.0,465,6.58,0.968,15,0.3719,0,55,20.47,10.01,55.65346687797723
2427,90,55900.0,61,24.99,3.934,8,0.3062,0,95,397.73,388.7,84.24403872954827
2428,45,65400.0,98,18.96,0.612,2,0.3686,0,95,39.94,44.99,95.97365504259508
2429,55,78000.0,1028,28.17,0.613,21,0.717,1,55,71.2,129.64,54.14584893017351
2430,86,96200.0,1100,27.92,0.682,25,0.8126,1,55,70.99,131.21,53.42427102891964
2431,29,81700.0,174,26.52,0.517,3,0.4894,0,95,40.82,44.04,93.7681980395898
2432,72,68400.0,90,30.36,0.333,1,0.3836,1,95,47.26,141.07,95.20734955576698
2433,38,83000.0,118,18.54,0.254,1,0.48,0,95,24.03,29.63,94.21151862658567
2434,57,51300.0,554,18.37,0.921,17,0.4213,0,55,67.36,69.41,54.777928508083875
2435,51,30000.0,9,9.55,3.333,1,0.1795,0,95,127.66,125.17,92.03469063463471
2436,39,47700.0,482,16.64,0.934,15,0.3786,1,55,60.51,114.87,54.815389635386715
2437,38,44700.0,377,20.31,1.273,16,0.3318,0,55,95.16,89.76,54.54186511393319
2438,60,52700.0,28,23.54,1.071,1,0.2814,0,95,111.29,104.21,95.3784930839356
2439,72,48300.0,1059,15.33,0.793,28,0.5591,1,55,47.82,108.4,54.64584661139432
2440,53,54900.0,242,12.21,0.62,5,0.3504,1,55,33.17,75.11,53.846119359217916
2441,56,78200.0,153,22.1,1.176,6,0.4614,0,95,99.97,106.86,94.52217132376661
2442,65,103000.0,142,21.19,0.211,1,0.6087,0,75,21.43,18.79,93.60692219573072
2443,38,30000.0,386,11.61,0.699,9,0.2591,0,55,41.62,40.59,54.17757565758393
2444,68,40600.0,1100,19.45,0.845,31,0.5247,1,55,67.07,120.3,54.31981707026524
2445,69,51200.0,483,20.11,0.745,12,0.3993,1,55,62.81,122.84,54.765166240680145
2446,90,88100.0,200,27.39,0.15,1,0.5368,1,55,23.46,93.26,54.55935023614332
2447,49,59500.0,373,17.24,1.046,13,0.4156,0,55,77.79,95.83,55.291596697135205
2448,47,48200.0,100,22.27,0.3,1,0.2771,1,95,35.08,140.55,94.50127007700418
2449,68,82700.0,967,22.48,0.745,24,0.725,0,55,69.56,70.34,53.26295218298582
2450,69,87900.0,1100,21.76,0.791,29,0.7795,1,55,71.41,134.41,53.68895212723978
2451,46,62800.0,330,13.93,0.818,9,0.4223,1,55,47.49,82.27,54.197956360881555
2452,48,46500.0,132,6.53,2.5,11,0.2767,0,95,72.22,78.3,91.99805792140789
2453,64,72500.0,73,13.06,1.644,4,0.4026,0,95,82.43,86.33,96.12141850588719
2454,41,57300.0,1100,19.67,0.736,27,0.6248,0,55,62.15,46.71,54.74782859274992
2455,48,58500.0,908,14.24,0.826,25,0.5746,0,55,65.43,59.62,54.406345752276174
2456,57,54600.0,1046,9.96,0.774,27,0.593,1,55,33.71,91.48,54.781932139515305
2457,72,87800.0,3,21.07,5.0,1,0.4737,0,95,411.82,415.64,93.54298446935476
2458,45,68200.0,315,21.63,0.857,9,0.4504,0,55,71.83,81.4,54.01570294950498
2459,24,80500.0,457,24.15,0.656,10,0.5696,0,55,68.34,85.03,53.24600856037838
2460,22,86500.0,944,22.83,0.763,24,0.7377,1,55,64.31,117.82,53.23330842997752
2461,34,70400.0,716,20.26,0.67,16,0.5876,1,55,46.47,90.09,54.66120342842854
2462,33,50000.0,91,14.81,0.33,1,0.2838,0,95,8.52,16.73,94.4312580617164
2463,52,86200.0,599,26.1,0.902,18,0.645,0,55,92.5,105.38,53.743887380854794
2464,35,70800.0,269,19.74,0.558,5,0.4521,0,55,56.95,69.63,53.99509148534394
2465,43,117300.0,1015,27.21,0.768,26,0.8676,0,35,79.34,84.05,50.965920018945724
2466,42,68900.0,101,25.52,0.297,1,0.3898,0,95,37.32,57.32,95.63494750224952
2467,48,78300.0,731,25.7,0.657,16,0.6381,0,55,65.31,62.57,54.30367761978872
2468,77,75500.0,10,20.4,3.0,1,0.4015,0,95,241.7,257.7,86.10564820419049
2469,66,65100.0,456,18.13,0.921,14,0.4751,0,55,70.93,59.32,54.859623564631406
2470,55,59600.0,1100,17.27,0.845,31,0.638,0,55,46.1,23.44,54.78605085534867
2471,47,69600.0,1000,10.33,0.75,25,0.6655,1,55,44.34,87.58,54.97726191092692
2472,48,74500.0,2,26.66,5.0,1,0.3932,0,95,537.5,531.75,94.60077393041328
2473,61,90400.0,1100,20.14,0.6,22,0.7899,0,55,56.75,56.75,53.863970602905596
2474,65,73500.0,390,25.3,0.923,12,0.5062,1,55,91.34,137.02,54.487584926677336
2475,40,52300.0,77,18.05,0.39,1,0.2918,1,95,32.13,128.41,94.74187086619843
2476,56,58300.0,104,25.7,0.288,1,0.3306,0,95,37.07,43.54,94.61304748339388
2477,20,30200.0,335,17.18,0.716,8,0.248,1,55,48.48,107.0,54.1158197447805
2478,59,100700.0,111,29.67,0.541,2,0.5858,0,75,57.22,55.84,94.75720048610644
2479,68,56200.0,956,15.47,0.596,19,0.5753,1,55,29.34,96.36,55.28586653550115
2480,50,84300.0,516,16.22,0.523,9,0.61,1,55,30.55,77.55,54.66220708163189
2481,86,77000.0,1100,22.29,0.791,29,0.73,1,55,72.34,124.93,54.577256627286964
2482,40,68400.0,403,10.67,0.596,8,0.4789,0,55,24.13,18.63,54.10792313902102
2483,59,63300.0,577,17.16,0.832,16,0.5016,1,55,53.19,114.72,54.84159797091436
2484,54,48300.0,138,11.3,0.87,4,0.2872,0,95,44.75,40.49,96.00890925091865
2485,53,44300.0,145,12.45,1.448,7,0.2692,0,95,68.42,72.42,94.51234889468257
2486,53,100900.0,150,28.11,0.2,1,0.5987,0,75,17.71,25.87,94.66938308309159
2487,57,67800.0,69,22.82,0.87,2,0.374,1,95,86.93,176.86,96.49032591084114
2488,69,91400.0,70,22.9,1.714,4,0.5167,1,95,161.41,240.42,94.37814017191162
2489,78,98700.0,516,26.41,0.64,11,0.6903,1,55,57.81,110.56,49.061343879123754
2490,55,56400.0,66,15.76,2.273,5,0.3102,1,95,132.64,219.69,93.82423684284647
2491,69,76700.0,132,33.64,0.227,1,0.4458,0,95,21.68,15.26,95.02060962201426
2492,43,63500.0,449,21.03,0.601,9,0.4631,1,55,50.31,80.6,54.062483428697945
2493,68,43300.0,47,13.54,0.638,1,0.2413,0,95,43.98,27.78,94.16353077996176
2494,42,58500.0,210,23.15,0.429,3,0.3616,0,55,51.3,59.3,53.601702801137975
2495,74,81100.0,23,28.37,1.304,1,0.439,0,95,153.98,144.61,95.0471354926817
2496,90,61500.0,364,15.35,0.989,12,0.4248,0,55,76.03,87.59,55.6501853214828
2497,53,57800.0,15,11.58,2.0,1,0.304,0,95,94.25,87.1,97.16291258384092
2498,18,54000.0,1,12.0,5.0,1,0.281,0,95,248.87,253.74,95.14395794425042
2499,46,107500.0,356,22.78,0.337,4,0.694,1,35,26.14,58.61,46.296024008118216
2500,76,30700.0,679,14.33,0.574,13,0.3388,0,55,20.45,26.95,55.9797879625129
2501,64,77300.0,30,13.45,2.0,2,0.4182,0,95,105.13,102.6,95.31072433491076
2502,59,60500.0,577,16.98,0.884,17,0.4844,0,55,59.04,61.17,54.616472636817406
2503,72,54900.0,500,17.2,0.66,11,0.4265,0,55,66.09,78.4,55.20379532738255
2504,63,60800.0,109,20.74,1.651,6,0.3458,0,95,136.96,141.67,95.65097762370566
2505,76,83200.0,163,25.54,0.184,1,0.4952,1,95,10.65,98.77,93.31406465082266
2506,71,83400.0,702,24.52,0.684,16,0.6585,1,55,74.8,111.07,55.12391770172359
2507,81,74100.0,1100,30.08,0.736,27,0.7157,1,55,82.48,136.39,54.396677692721106
2508,61,89100.0,575,28.84,0.991,19,0.6545,0,55,115.47,119.77,54.70409634068504
2509,70,94600.0,392,25.3,0.765,10,0.6333,0,55,84.44,85.98,53.51081766139193
2510,50,81100.0,784,17.31,0.536,14,0.6687,1,55,29.66,75.88,54.588222171068374
2511,45,51500.0,370,14.35,0.973,12,0.3678,1,55,67.99,124.51,55.31465433318076
2512,84,81200.0,154,15.04,1.753,9,0.4801,1,95,114.47,216.07,94.81275277448465
2513,59,76300.0,465,22.21,0.71,11,0.5466,0,55,65.9,79.84,53.583634938181035
2514,69,50700.0,686,19.26,0.612,14,0.4581,1,55,61.16,113.9,56.03067569323712
2515,57,32400.0,9,19.32,5.0,3,0.1883,0,95,383.34,407.91,93.63061805106926
2516,45,30000.0,604,15.84,1.043,21,0.3145,1,55,72.44,141.97,55.581416919136856
2517,55,66500.0,773,25.24,0.854,22,0.5816,1,55,88.45,145.13,54.30981092981225
2518,79,76100.0,425,26.79,0.424,6,0.533,0,55,40.33,42.95,54.1901447099095
2519,64,42000.0,888,11.16,0.811,24,0.4675,0,55,31.34,45.23,54.48368917968807
2520,26,81200.0,766,19.59,0.783,20,0.6642,0,55,77.6,67.97,54.11642856115041
2521,51,67400.0,506,20.05,0.593,10,0.5047,0,55,56.03,48.01,54.8433723669958
2522,85,99300.0,190,21.36,1.421,9,0.6012,1,55,128.53,170.65,49.322007556014036
2523,51,72000.0,8,19.58,5.0,2,0.3804,0,95,386.6,384.05,93.48090616216838
2524,24,36400.0,628,16.97,0.955,20,0.3562,1,55,70.49,116.89,55.542109879324
2525,87,81000.0,104,21.53,0.288,1,0.4634,1,95,21.86,113.31,94.17263232328597
2526,67,81500.0,494,22.23,0.85,14,0.5869,0,55,89.17,88.82,54.12461538869767
2527,54,53300.0,804,13.28,0.634,17,0.5108,0,55,43.38,29.6,55.02765368037139
2528,49,33500.0,205,17.56,0.878,6,0.2333,0,55,69.03,82.69,54.78718242786055
2529,73,70700.0,59,22.77,3.051,6,0.3879,1,95,284.43,391.35,86.24965006097918
2530,46,42200.0,153,12.52,0.196,1,0.2611,0,95,9.11,4.51,93.93323043417742
2531,75,92500.0,503,17.41,0.477,8,0.6531,1,55,37.12,106.93,54.4695078380405
2532,64,58200.0,137,24.88,1.314,6,0.3392,0,95,143.1,146.98,95.38484192170121
2533,59,102000.0,56,34.04,0.536,1,0.5769,0,75,76.72,87.71,94.73875955725839
2534,57,30000.0,109,15.67,1.651,6,0.1986,0,95,96.76,83.19,94.71500066276397
2535,52,67200.0,645,18.27,0.651,14,0.5466,0,55,57.61,54.25,55.30348714064804
2536,73,98600.0,157,30.02,0.764,4,0.5871,1,95,86.31,187.59,94.72755797126494
2537,40,43300.0,243,18.85,0.988,8,0.2888,0,55,74.26,72.62,55.898637064866065
2538,27,56100.0,142,17.36,0.845,4,0.3291,0,95,54.89,53.13,94.07550988953626
2539,65,58500.0,497,23.62,0.423,7,0.4474,0,55,19.09,17.99,54.73811405170861
2540,66,52800.0,473,13.87,1.268,20,0.4058,1,55,71.75,130.49,55.11057019147369
2541,63,71700.0,65,17.3,0.923,2,0.3955,1,95,81.25,177.37,96.16157282863713
2542,62,39200.0,127,17.7,0.236,1,0.2411,1,95,19.27,129.85,94.37323573579546
2543,50,61700.0,7,19.83,4.286,1,0.3225,0,95,363.67,353.78,86.38824289703498
2544,68,78400.0,387,24.95,0.853,11,0.5353,0,55,83.9,84.85,54.27362552167366
2545,54,60300.0,782,25.01,0.882,23,0.5468,0,55,90.01,97.05,54.27717452655284
2546,47,42400.0,670,8.6,0.896,20,0.4033,0,55,29.99,17.55,54.780956567790184
2547,50,85600.0,387,23.03,0.698,9,0.579,1,55,64.78,116.35,53.72224565311903
2548,89,87100.0,359,32.57,0.334,4,0.5795,0,55,46.47,48.21,53.94269418436518
2549,26,37300.0,1100,12.61,0.791,29,0.5045,1,55,51.98,122.01,54.626223529656095
2550,63,39400.0,34,12.34,0.882,1,0.2214,0,95,36.82,38.19,94.55114860702254
2551,26,39200.0,122,4.68,1.721,7,0.24,0,95,32.29,39.87,96.82773832915227
2552,53,76100.0,634,21.92,0.662,14,0.5969,1,55,62.97,126.2,54.18863586121868
2553,48,69400.0,567,23.31,0.847,16,0.536,0,55,89.21,61.66,53.73777118561654
2554,20,74600.0,314,24.08,0.573,6,0.4893,0,55,37.93,38.73,53.36832323347206
2555,62,59600.0,170,13.75,0.529,3,0.3564,0,95,17.91,13.55,94.526010865841
2556,49,44400.0,429,16.62,0.559,8,0.3446,0,55,37.49,52.52,54.420942775526
2557,19,77100.0,494,22.67,0.85,14,0.5604,0,55,86.03,93.02,53.17066986700659
2558,69,56200.0,167,18.69,0.359,2,0.3366,0,95,22.99,31.74,94.15782175905765
2559,79,73700.0,470,15.58,0.894,14,0.5323,0,55,61.07,66.26,54.12531114642568
2560,80,37500.0,325,16.01,0.554,6,0.2805,0,55,51.3,52.35,54.555355777412245
2561,61,54200.0,373,14.06,0.724,9,0.3843,0,55,40.8,49.16,53.98085480718422
2562,56,86400.0,199,13.6,0.754,5,0.526,1,55,39.19,93.98,53.709819022513365
2563,78,54600.0,560,21.6,0.75,14,0.4431,0,55,68.57,81.42,54.699739171775185
2564,84,87900.0,344,23.89,0.523,6,0.5797,1,55,51.42,95.73,54.03410112480125
2565,74,30000.0,84,17.46,1.429,4,0.1937,0,95,101.84,112.22,95.11579156202866
2566,39,50100.0,250,14.84,0.6,5,0.3262,0,55,34.17,30.54,54.05308785095325
2567,58,62000.0,171,22.43,1.053,6,0.3703,0,95,92.42,99.21,95.28933747119335
2568,62,103000.0,1,30.56,5.0,1,0.5662,1,75,603.16,662.45,96.93236626690268
2569,24,34200.0,582,23.9,0.825,16,0.3311,0,55,83.78,86.47,54.15832171714778
2570,63,80700.0,120,26.17,0.5,2,0.4665,0,95,44.02,42.51,93.51273988786774
2571,90,94200.0,159,26.05,0.377,2,0.5613,1,95,32.75,127.29,92.94023201827018
2572,66,52000.0,54,10.9,1.667,3,0.2844,1,95,63.1,140.42,97.70588094832857
2573,80,62200.0,177,18.8,0.508,3,0.3732,0,95,35.59,35.92,93.8676940165141
2574,58,68600.0,269,13.18,1.227,11,0.4387,1,55,64.89,121.19,54.91094412305842
2575,54,33700.0,364,10.96,0.742,9,0.2715,0,55,23.73,5.92,54.34313533861146
2576,61,56600.0,366,28.27,0.41,5,0.3963,1,55,44.23,87.73,54.18592940960987
2577,41,89000.0,420,18.23,0.643,9,0.6091,1,55,48.18,104.76,53.823513406814556
2578,39,72800.0,81,9.21,0.37,1,0.4068,0,95,1.08,5.15,98.55931080349768
2579,77,66100.0,431,23.98,0.974,14,0.4734,0,55,87.35,86.84,55.93342161476249
2580,78,72000.0,569,17.43,0.896,17,0.5525,0,55,76.91,77.36,54.652551785310635
2581,38,73800.0,158,24.91,0.759,4,0.4362,1,95,69.96,165.23,94.88458242127957
2582,71,84400.0,210,16.81,0.857,6,0.5172,0,55,63.29,57.84,54.149819173047725
2583,54,53100.0,748,15.84,0.722,18,0.4921,0,55,41.69,39.9,55.33556233716736
2584,61,98400.0,535,30.74,0.897,16,0.6938,1,55,111.9,152.88,49.405833189193814
2585,63,94200.0,1100,17.52,0.791,29,0.805,1,55,49.05,98.21,53.909505242746334
2586,72,82600.0,594,21.54,0.859,17,0.623,1,55,58.8,113.37,54.39476117961039
2587,56,47500.0,6,18.58,5.0,1,0.2511,0,95,368.07,380.43,93.39869975677851
2588,79,48400.0,65,13.66,0.462,1,0.2694,0,95,28.78,27.56,94.77707440699047
2589,60,59100.0,543,20.07,0.884,16,0.4653,0,55,76.39,97.01,54.461559417981334
2590,66,68500.0,36,20.35,5.0,6,0.3684,0,95,408.14,427.44,93.4180910066755
2591,41,30000.0,53,17.17,2.83,5,0.1877,1,95,188.15,283.84,86.0690641672816
2592,90,82400.0,163,31.57,1.656,9,0.4903,1,95,216.48,307.34,94.7489966672669
2593,63,93600.0,453,37.42,0.795,12,0.6451,1,55,113.22,190.88,53.72382454713855
2594,67,79500.0,518,24.24,0.579,10,0.5822,0,55,50.85,58.31,54.53130855653635
2595,28,45400.0,175,16.26,0.343,2,0.2821,1,95,14.47,113.85,93.30160039797472
2596,41,45500.0,171,19.03,1.404,8,0.2815,0,95,103.49,96.27,94.72546749023014
2597,76,75500.0,9,20.16,3.333,1,0.4012,1,95,266.41,357.13,85.89551543213571
2598,60,62800.0,620,11.48,0.968,20,0.5119,0,55,46.8,36.79,55.67842177518803
2599,22,67700.0,44,19.92,0.682,1,0.3662,1,95,43.52,153.4,96.37322164045392
2600,73,81200.0,360,27.59,1.25,15,0.5441,1,55,134.27,194.28,54.82432634507219
2601,46,86100.0,155,15.59,0.774,4,0.5105,1,95,41.86,133.76,94.19778290233299
2602,79,46000.0,750,11.98,0.84,21,0.4492,0,55,43.67,38.95,55.50479218066004
2603,54,69500.0,93,17.52,2.903,9,0.3909,0,95,205.86,195.95,86.29030881409415
2604,58,58000.0,668,20.56,0.719,16,0.4973,0,55,50.89,50.2,54.98876421464517
2605,75,66900.0,130,31.92,0.462,2,0.3867,0,95,62.93,64.63,95.3713308446801
2606,40,80200.0,735,17.98,0.653,16,0.65,1,55,46.54,78.79,54.84058894897856
2607,38,82000.0,224,22.76,0.402,3,0.5068,1,55,42.94,88.3,53.427464439236715
2608,52,93800.0,164,24.1,0.549,3,0.5604,0,95,47.75,40.99,93.53120054661143
2609,69,76700.0,7,20.0,4.286,1,0.4077,0,95,347.6,358.46,86.4807885156805
2610,32,58100.0,127,18.48,0.236,1,0.3359,0,95,24.36,18.83,94.1739889519664
2611,27,54100.0,43,15.79,0.698,1,0.2922,0,95,44.64,26.69,94.70597864532544
2612,69,31400.0,439,28.42,0.82,12,0.2789,1,55,110.0,153.99,54.656510582593306
2613,45,91100.0,394,27.41,0.533,7,0.6136,1,55,62.37,134.61,53.68877795670853
2614,48,56800.0,235,16.24,0.638,5,0.3591,0,55,55.55,51.82,54.15351605564467
2615,23,69200.0,100,26.3,2.1,7,0.3912,1,95,241.09,325.71,95.42907277183916
2616,43,76900.0,85,22.82,0.353,1,0.4326,0,95,18.84,2.1,95.01464091891336
2617,55,38800.0,1100,16.11,0.9,33,0.5137,0,55,67.21,67.45,54.591752866733025
2618,71,48800.0,679,16.41,0.663,15,0.4444,0,55,47.65,48.95,55.90690214466082
2619,42,94900.0,516,22.98,0.814,14,0.67,1,55,76.77,136.18,52.96862506709582
2620,83,76700.0,140,15.41,1.5,7,0.4482,0,95,87.17,114.44,94.82360635543027
2621,43,50400.0,124,9.19,1.935,8,0.2943,1,95,64.0,146.64,97.3954489795602
2622,43,59900.0,180,20.84,1.0,6,0.3609,0,55,74.93,71.24,57.46247764152644
2623,81,93000.0,1100,22.99,0.682,25,0.8003,1,55,80.5,138.43,53.55430990124498
2624,59,85400.0,322,27.2,0.559,6,0.5579,0,55,64.72,60.34,53.51261584075791
2625,46,32400.0,151,10.41,0.397,2,0.2169,0,95,5.66,0.0,96.21579995773263
2626,52,98700.0,22,19.32,5.0,6,0.5465,1,95,377.98,478.09,93.4946074385702
2627,78,89900.0,644,27.37,0.699,15,0.6779,1,55,60.33,109.01,54.42412083089965
2628,80,66800.0,460,18.54,0.783,12,0.4867,1,55,67.6,111.96,54.737520817376854
2629,41,37200.0,411,19.86,0.511,7,0.3011,0,55,40.96,32.02,54.48943509360061
2630,54,86900.0,188,23.2,0.16,1,0.5257,1,55,18.92,89.43,54.54961272132462
2631,57,75400.0,201,30.7,0.746,5,0.4591,0,55,91.63,104.62,53.652912211005
2632,38,31000.0,245,18.43,0.612,5,0.2312,1,55,52.7,96.79,54.101781484105466
2633,54,59900.0,724,21.03,0.704,17,0.5264,1,55,56.05,93.73,54.78860680892824
2634,55,120000.0,10,32.0,3.0,1,0.6672,1,75,386.36,470.35,91.89893841186753
2635,74,69100.0,69,19.0,0.87,2,0.3815,1,95,68.31,183.89,96.09313471556732
2636,76,53600.0,801,9.83,0.936,25,0.5117,0,55,27.52,50.85,54.89383496749211
2637,49,42600.0,151,18.19,0.199,1,0.2625,1,95,8.69,89.54,93.9706720739151
2638,51,101400.0,113,34.92,1.593,6,0.5906,0,75,220.09,233.67,94.56398669119115
2639,66,85000.0,268,11.3,0.112,1,0.5389,0,55,7.63,7.58,55.510034263076285
2640,45,92600.0,29,26.24,1.034,1,0.5113,0,95,119.64,100.34,93.48808501465747
2641,65,72200.0,254,13.15,0.118,1,0.456,0,55,7.13,0.0,55.41964672483071
2642,54,91100.0,316,23.55,1.139,12,0.5904,0,55,106.59,98.73,54.53139724008575
2643,39,44000.0,285,17.0,1.053,10,0.3033,0,55,74.08,78.84,55.472675929627734
2644,39,65200.0,114,23.51,0.263,1,0.3721,0,95,23.48,9.81,95.72876990555343
2645,80,76000.0,335,22.45,0.806,9,0.5044,1,55,72.2,136.64,54.381715936444365
2646,52,93400.0,695,30.88,0.906,21,0.7097,1,55,124.04,183.79,53.580754201649825
2647,83,77300.0,1058,27.43,0.879,31,0.7211,1,55,94.66,159.86,54.207438617268075
2648,46,50100.0,1,16.53,5.0,1,0.2621,0,95,332.7,326.09,93.39512347893762
2649,60,67300.0,390,25.57,0.231,3,0.4681,0,55,18.47,22.43,55.269427978671814
2650,90,36800.0,659,13.96,0.637,14,0.3674,1,55,45.66,90.3,55.923181828926246
2651,37,30000.0,34,12.08,2.647,3,0.1841,0,95,120.61,127.38,86.95505674899022
2652,23,76100.0,494,15.39,1.154,19,0.5543,1,55,70.47,123.09,54.096880310431175
2653,77,61500.0,856,25.78,0.736,21,0.5768,1,55,83.76,137.36,54.55990584053148
2654,41,56700.0,108,17.0,0.278,1,0.3231,1,95,11.98,106.65,94.41841066142274
2655,55,82400.0,521,10.25,1.152,20,0.6003,0,55,54.18,36.76,54.570343616576935
2656,45,92300.0,1100,26.56,0.791,29,0.7975,1,55,67.64,134.54,53.421961794806144
2657,60,77200.0,149,19.41,0.201,1,0.4541,1,95,6.87,102.7,94.3134106338229
2658,39,102300.0,30,23.85,1.0,1,0.5708,1,75,94.65,181.59,94.06094607540001
2659,52,75000.0,265,20.08,1.132,10,0.4765,0,55,110.2,121.4,54.79616366746288
2660,63,72900.0,636,19.25,0.755,16,0.5784,1,55,59.3,106.17,54.54458670135857
2661,38,66600.0,42,33.63,2.143,3,0.3593,1,95,289.61,381.91,95.27286557012012
2662,43,35600.0,611,23.65,0.491,10,0.3469,1,55,55.63,95.12,54.45536370324423
2663,49,83900.0,1100,26.08,0.627,23,0.7621,1,55,56.72,123.98,53.292484292565746
2664,31,30000.0,1100,15.71,0.682,25,0.4597,0,55,18.59,21.84,54.92716641388617
2665,48,51300.0,891,23.34,0.707,21,0.5255,1,55,79.88,136.89,54.36626912445264
2666,57,65900.0,710,21.1,0.803,19,0.5587,1,55,72.61,124.85,54.43623911776869
2667,48,47000.0,73,21.13,1.644,4,0.2647,0,95,135.39,125.69,95.13092041930467
2668,50,54500.0,453,20.97,1.258,19,0.4099,1,55,105.98,173.81,54.660357723587566
2669,55,103600.0,85,26.18,0.353,1,0.5952,0,75,45.38,65.44,93.22485723739518
2670,44,86000.0,395,27.6,0.684,9,0.5838,1,55,74.48,142.69,53.84920411220597
2671,67,53000.0,127,15.85,0.236,1,0.3085,1,95,16.12,109.45,94.36039483649031
2672,79,59900.0,90,19.28,1.667,5,0.3355,0,95,144.84,148.74,95.94931222832757
2673,47,36600.0,1100,10.59,0.845,31,0.5002,1,55,25.85,91.55,54.56829934657048
2674,63,81400.0,354,17.89,0.678,8,0.5434,1,55,52.66,108.6,53.98145226827326
2675,51,59000.0,324,6.2,1.296,14,0.3979,1,55,22.36,96.81,54.492337139512465
2676,61,30000.0,422,16.78,0.569,8,0.2678,0,55,50.7,63.18,54.58979560796567
2677,82,72500.0,578,24.53,0.934,18,0.5583,1,55,93.99,176.84,54.789795301514275
2678,64,76000.0,116,26.83,1.81,7,0.4366,0,95,188.75,190.7,94.3418020188762
2679,25,79200.0,500,16.37,0.48,8,0.5749,0,55,19.43,0.0,54.15582847712929
2680,63,65100.0,781,21.96,0.807,21,0.5756,1,55,68.09,123.8,54.70995493486646
2681,76,61400.0,102,19.21,0.294,1,0.3472,1,95,24.08,115.28,94.90785231124498
2682,51,105900.0,513,29.57,0.877,15,0.7261,0,35,113.0,114.73,45.634674924061045
2683,72,68500.0,235,17.02,0.383,3,0.4277,1,55,17.33,90.16,54.53306635423907
2684,43,77700.0,290,19.97,0.931,9,0.5009,1,55,67.77,117.35,54.86625430198225
2685,30,48700.0,149,9.54,1.208,6,0.292,0,95,42.12,33.81,96.91733600398956
2686,57,79900.0,168,18.4,1.429,8,0.4765,0,95,98.97,92.5,94.53635804031792
2687,25,30000.0,103,14.52,1.456,5,0.1974,0,95,80.45,101.99,94.58200878786236
2688,51,54500.0,74,19.05,0.811,2,0.3023,1,95,54.24,144.63,94.7633029832086
2689,77,44000.0,484,8.17,0.682,11,0.358,0,55,25.62,28.22,54.91587562272907
2690,23,45900.0,270,14.33,0.778,7,0.3092,0,55,40.73,59.2,54.44825306274771
2691,33,86900.0,22,23.84,1.364,1,0.4741,0,95,130.16,136.79,94.44568796665772
2692,37,48500.0,178,24.32,0.674,4,0.2985,0,95,68.0,45.46,91.7222732303661
2693,54,79900.0,368,17.76,0.652,8,0.5386,1,55,35.28,85.45,53.8904546533556
2694,49,95700.0,162,26.81,0.37,2,0.5713,0,95,44.43,37.9,93.63392933191689
2695,79,69200.0,1100,17.57,0.6,22,0.6906,1,55,43.84,81.42,55.43201631011425
2696,71,89100.0,658,21.14,0.593,13,0.6775,1,55,51.83,102.07,55.19412726916104
2697,63,77800.0,891,17.28,0.438,13,0.6801,1,55,29.21,56.99,54.45354669496728
2698,57,67800.0,553,14.95,0.705,13,0.5218,0,55,40.0,43.25,54.90918447852637
2699,62,82200.0,277,19.96,0.866,8,0.5245,1,55,69.57,124.65,54.44301899205201
2700,40,100600.0,399,30.33,0.15,2,0.6688,0,35,18.96,11.88,47.043627326027995
2701,70,54600.0,422,14.42,0.782,11,0.4012,0,55,35.66,17.57,54.50201603888475
2702,36,41100.0,204,11.61,0.735,5,0.2682,0,55,46.74,60.68,54.21847521932714
2703,69,46400.0,150,18.01,0.2,1,0.2807,0,95,8.84,3.16,94.0555592316841
2704,75,89900.0,105,23.51,0.286,1,0.5183,0,95,27.43,38.4,93.54031611128067
2705,59,89500.0,731,23.08,0.862,21,0.6991,1,55,88.9,142.64,54.025788512224935
2706,52,53100.0,180,19.23,0.333,2,0.3233,0,55,22.88,37.47,57.026288802472834
2707,62,30000.0,156,9.45,0.769,4,0.208,0,95,30.96,36.81,96.09854413554068
2708,18,43400.0,414,12.02,0.797,11,0.3349,0,55,20.79,21.9,54.08469447940727
2709,60,77500.0,60,26.56,0.5,1,0.4286,0,95,37.27,28.87,94.12589581046066
2710,53,63200.0,170,18.75,1.235,7,0.3769,0,95,92.42,105.41,95.54169403244747
2711,54,68600.0,384,23.27,0.859,11,0.4742,1,55,81.47,134.42,53.89075921302696
2712,67,56400.0,795,24.58,0.717,19,0.527,0,55,79.34,71.2,54.83663973349811
2713,54,86100.0,3,27.14,5.0,7,0.4633,1,95,549.21,642.64,95.81796671538181
2714,36,68400.0,572,13.41,0.892,17,0.5314,1,55,35.11,89.65,54.055030966212925
2715,53,76900.0,123,20.95,0.244,1,0.4442,0,95,30.59,39.33,94.58993774605793
2716,56,68500.0,799,25.48,0.713,19,0.6013,0,55,63.14,44.32,54.37333567851663
2717,57,76400.0,99,24.07,3.03,10,0.4338,0,95,298.63,322.46,86.18404395945875
2718,58,75200.0,440,22.2,0.545,8,0.5321,1,55,44.78,104.42,53.63387486302803
2719,73,49100.0,469,9.17,0.768,12,0.3829,1,55,49.9,104.74,54.79919690189231
2720,37,69200.0,454,17.3,0.991,15,0.4996,1,55,63.85,123.29,55.13151695895472
2721,58,82200.0,426,22.68,0.915,13,0.5704,1,55,82.42,122.1,53.90239442653547
2722,77,93700.0,572,16.93,0.892,17,0.6788,1,55,61.67,117.91,54.38042718997255
2723,26,67900.0,628,24.15,0.86,18,0.5457,0,55,81.14,87.64,53.436908000931474
2724,58,45300.0,473,16.21,0.761,12,0.3622,0,55,41.37,38.42,54.30513793935778
2725,45,46000.0,317,7.0,0.568,6,0.3224,1,55,33.54,93.77,54.49962732339513
2726,49,54700.0,184,15.37,0.978,6,0.3331,0,55,55.24,63.17,55.1881240576764
2727,40,66000.0,226,18.47,0.531,4,0.41,0,55,34.06,26.77,53.83740567960464
2728,52,61800.0,24,18.62,1.25,1,0.3277,0,95,92.22,104.71,96.27424718352773
2729,86,47600.0,155,24.24,1.548,8,0.288,0,95,151.64,151.04,95.04292145927376
2730,34,37100.0,353,18.46,0.68,8,0.2856,0,55,44.73,63.8,54.063878385833675
2731,35,30000.0,414,7.67,1.087,15,0.2659,0,55,40.98,54.07,54.45968461460249
2732,33,30000.0,701,7.05,0.77,18,0.3411,1,55,22.94,82.0,54.92944737312282
2733,84,68000.0,47,18.87,0.638,1,0.3687,0,95,48.32,40.2,95.85410369795441
2734,47,112100.0,833,27.45,0.54,15,0.8214,1,35,63.76,97.64,47.78656192579016
2735,55,102700.0,202,30.37,1.634,11,0.6246,1,35,191.71,236.79,46.521515208155826
2736,48,43100.0,154,25.11,0.779,4,0.2656,0,95,73.56,67.97,94.0276562158695
2737,39,64900.0,348,28.66,0.172,2,0.4405,1,55,19.54,78.88,55.10556803993506
2738,51,33400.0,1100,12.8,0.818,30,0.4805,0,55,49.32,54.79,54.55613467588361
2739,90,44400.0,189,21.33,0.794,5,0.2806,0,55,65.79,64.67,54.15104437932013
2740,79,44700.0,405,18.83,0.519,7,0.3396,1,55,36.55,83.34,54.51086307345573
2741,41,57500.0,964,13.17,0.84,27,0.5855,1,55,27.38,98.36,54.65130192656837
2742,66,63400.0,16,10.07,1.875,1,0.3342,1,95,69.98,169.73,98.67222179849222
2743,41,67500.0,241,20.85,0.498,4,0.4235,1,55,28.33,80.31,53.41795700194624
2744,25,72900.0,208,13.46,0.577,4,0.446,0,55,19.85,11.95,53.71810428187567
2745,72,61300.0,489,14.94,0.92,15,0.462,0,55,57.91,66.89,55.04524313182116
2746,75,69800.0,796,17.05,1.018,27,0.608,1,55,95.98,150.28,54.878025437605494
2747,73,45600.0,366,17.93,0.656,8,0.3337,1,55,48.6,113.38,54.29955767371928
2748,47,35200.0,1100,21.68,0.791,29,0.4916,1,55,71.26,117.04,54.38161718762192
2749,52,32900.0,1079,15.0,0.973,35,0.4709,1,55,52.3,110.32,54.49531937342668
2750,68,81200.0,386,19.49,0.777,10,0.5521,0,55,52.19,47.39,54.42502407618725
2751,62,59300.0,263,8.55,0.913,8,0.3816,1,55,47.67,120.09,54.70967176628914
2752,48,30000.0,121,16.79,0.248,1,0.2009,0,95,10.21,13.89,94.11257360551983
2753,27,58100.0,8,18.86,5.0,6,0.3037,0,95,361.2,351.24,93.20126129185789
2754,57,39200.0,333,13.13,0.541,6,0.2911,0,55,30.38,39.73,54.36865206866671
2755,73,103500.0,752,31.36,0.798,20,0.7709,0,35,96.66,109.01,46.55437904068972
2756,35,48800.0,64,11.37,0.938,2,0.2711,1,95,47.43,139.06,96.24375788788112
2757,66,81500.0,244,18.8,0.738,6,0.5099,0,55,68.04,59.94,54.030732882027344
2758,61,89100.0,28,22.14,1.071,1,0.4895,1,95,97.8,170.77,94.2514291228369
2759,68,47500.0,731,14.31,0.78,19,0.4525,1,55,46.46,112.47,55.717018386449986
2760,70,69600.0,551,23.19,1.034,19,0.5322,1,55,101.19,138.66,55.53020096031615
2761,43,74200.0,31,23.45,5.0,8,0.4001,0,95,490.64,490.15,93.37534903054306
2762,28,62000.0,2,24.55,5.0,1,0.3227,1,95,509.23,586.98,93.19141666393418
2763,46,70800.0,91,23.13,0.33,1,0.398,1,95,28.0,141.01,96.11636634543181
2764,70,40100.0,881,15.44,0.681,20,0.4537,0,55,49.66,63.0,55.159148771451264
2765,46,74800.0,1100,19.52,0.982,36,0.7192,1,55,90.96,148.96,54.80308022455226
2766,43,52400.0,164,20.14,0.732,4,0.3152,0,95,64.52,74.99,93.8137710719253
2767,24,66100.0,483,18.96,0.932,15,0.4896,1,55,70.15,123.83,54.45708531318807
2768,85,90300.0,551,23.78,0.871,16,0.6544,0,55,78.87,70.62,54.29901424247705
2769,69,81800.0,300,24.82,1.4,14,0.5292,0,55,139.78,123.02,54.941401703977476
2770,68,74900.0,129,21.93,0.465,2,0.4339,0,95,31.67,39.59,94.40164997098658
2771,71,81700.0,75,23.8,0.4,1,0.4587,0,95,45.24,35.15,94.23136230875296
2772,65,81500.0,307,18.27,1.27,13,0.5295,1,55,103.94,184.2,55.06140300156648
2773,51,95600.0,258,31.09,1.047,9,0.5997,1,55,127.03,170.91,53.61617176515174
2774,52,63700.0,65,14.02,1.385,3,0.3496,0,95,74.07,84.19,96.39608583133824
2775,48,67000.0,857,22.25,0.91,26,0.6097,1,55,72.54,140.3,54.10288109565366
2776,90,91600.0,18,21.31,3.333,2,0.5017,1,95,287.84,369.44,85.95620693081305
2777,64,56500.0,11,23.89,5.0,5,0.2962,0,95,477.71,473.22,93.17787739304477
2778,47,35400.0,49,19.73,1.224,2,0.208,0,95,85.05,82.75,95.06739018755123
2779,63,77000.0,597,21.54,0.905,18,0.5911,0,55,101.29,136.12,53.785591646732094
2780,38,57300.0,57,26.37,1.579,3,0.3125,0,95,152.33,149.87,95.18108072788796
2781,81,44800.0,34,15.78,0.882,1,0.2452,1,95,44.15,127.77,94.37528226410414
2782,44,73300.0,5,25.4,5.0,1,0.3871,0,95,515.52,520.43,93.24920286268366
2783,64,96900.0,3,20.9,5.0,1,0.5296,0,95,423.26,412.78,93.54298446935476
2784,73,34400.0,223,17.18,0.807,6,0.2414,0,55,49.74,49.13,54.592574570702645
2785,62,87900.0,121,18.52,0.496,2,0.511,1,95,30.51,120.96,93.87547678372677
2786,57,30000.0,845,14.6,0.781,22,0.3825,0,55,49.27,54.45,54.51412710931976
2787,55,56600.0,118,18.23,1.017,4,0.3253,1,95,77.18,166.57,94.6997152007465
2788,54,103500.0,232,29.92,0.776,6,0.6379,0,35,87.24,80.28,46.004875949397515
2789,45,56100.0,872,15.06,0.757,22,0.549,1,55,53.55,119.34,54.385031591956825
2790,47,65300.0,295,35.16,0.61,6,0.4267,1,55,90.37,148.26,53.716501893640356
2791,80,86000.0,442,15.99,0.679,10,0.598,1,55,54.12,109.4,54.300856507066364
2792,53,30000.0,1100,15.66,0.6,22,0.4597,1,55,37.19,72.94,54.95882082718096
2793,42,63900.0,379,21.02,0.712,9,0.4439,0,55,66.35,72.56,53.780455363697314
2794,46,64500.0,107,22.37,0.28,1,0.3661,0,95,23.23,18.52,95.7835096380725
2795,74,107900.0,53,23.61,1.132,2,0.611,1,75,111.23,189.02,93.75977208146128
2796,66,41200.0,21,17.39,1.429,1,0.2263,0,95,102.26,83.82,95.10598941075071
2797,65,59000.0,41,16.03,0.732,1,0.3172,0,95,53.72,56.49,95.61861979350459
2798,51,44700.0,434,26.07,1.244,18,0.3477,0,55,133.88,135.81,54.6798922437967
2799,65,45300.0,220,13.62,0.682,5,0.293,0,55,22.04,19.75,54.04898348571533
2800,44,86500.0,50,22.23,3.6,6,0.4803,0,95,315.1,306.24,85.73000522299259
2801,51,64800.0,140,16.4,0.429,2,0.3774,0,95,28.81,40.47,95.38278126593072
2802,71,56500.0,245,14.47,1.347,11,0.3603,0,55,81.7,74.23,54.9392401400054
2803,70,57100.0,195,11.56,0.154,1,0.3494,0,55,13.72,22.82,55.25504624147983
2804,38,49800.0,289,20.83,0.83,8,0.3353,0,55,73.55,84.02,54.172595747357455
2805,40,52100.0,30,14.45,1.0,1,0.2789,0,95,52.16,43.84,94.67530029370424
2806,57,38800.0,1100,11.83,0.955,35,0.5137,1,55,52.54,115.02,54.56552684340734
2807,84,65400.0,699,14.99,0.73,17,0.5523,1,55,37.3,88.0,55.9517098078874
2808,22,50900.0,393,19.16,0.916,12,0.3711,0,55,80.31,86.69,53.91643421581135
2809,60,50100.0,590,17.62,0.814,16,0.4251,0,55,68.01,58.65,54.686258419486975
2810,32,63700.0,1100,19.69,0.736,27,0.6609,1,55,57.89,111.74,54.88518315472464
2811,44,67800.0,205,16.36,1.024,7,0.4144,0,55,61.83,62.6,55.37619145942337
2812,49,52100.0,24,19.99,5.0,5,0.2774,1,95,394.23,488.94,93.28575422166816
2813,48,60600.0,231,15.78,1.039,8,0.3797,0,55,56.83,60.64,55.370383114504904
2814,46,108500.0,265,26.63,0.792,7,0.6748,1,35,76.98,103.89,45.64769185869274
2815,55,109500.0,563,25.73,0.853,16,0.755,0,35,86.35,80.82,45.51893405188172
2816,46,41100.0,18,7.72,5.0,6,0.2252,0,95,149.92,157.06,98.52102123420158
2817,30,40800.0,984,26.26,0.701,23,0.4899,0,55,60.75,56.63,54.26239895790691
2818,68,45400.0,496,19.68,0.423,7,0.3694,0,55,29.43,24.46,54.95263395130677
2819,68,89800.0,589,24.37,0.56,11,0.6623,0,55,55.33,46.91,54.67449781305754
2820,69,59400.0,311,20.6,0.482,5,0.3964,0,55,37.0,32.4,54.5116201473964
2821,29,64800.0,79,29.98,0.38,1,0.3597,0,95,38.41,28.14,95.38605916666094
2822,60,107900.0,164,31.87,0.366,2,0.6433,1,75,27.53,109.82,94.72741626052591
2823,66,67000.0,55,21.79,0.545,1,0.3653,0,95,56.67,52.18,96.06444809042398
2824,37,76200.0,475,17.89,0.821,13,0.5491,1,55,58.43,102.6,53.44540019253672
2825,55,75900.0,318,18.63,0.849,9,0.4985,1,55,65.83,118.8,54.19384788369966
2826,53,52200.0,378,8.81,0.556,7,0.3742,0,55,21.04,7.08,54.28436843017748
2827,86,93400.0,286,22.17,1.049,10,0.595,0,55,97.0,88.45,54.96004991785744
2828,88,53800.0,1007,21.38,0.804,27,0.5764,0,55,70.68,84.23,54.31737927488255
2829,27,87500.0,437,26.29,1.098,16,0.6053,1,55,116.25,160.37,54.229730819893646
2830,90,59700.0,1100,22.04,0.818,30,0.6385,1,55,78.22,131.79,54.522108792645156
2831,39,51800.0,11,15.19,2.727,1,0.2727,0,95,173.52,195.58,86.10164240141489
2832,72,45500.0,413,19.58,1.017,14,0.3462,1,55,90.72,148.21,55.926777051403405
2833,71,48800.0,1,21.44,5.0,1,0.2559,0,95,422.14,417.04,93.39790067398135
2834,38,52600.0,129,6.76,1.395,6,0.3069,0,95,39.72,19.84,97.36711132153498
2835,63,30000.0,521,16.02,0.864,15,0.2927,0,55,42.52,44.19,54.91957062699995
2836,53,59700.0,1100,29.36,0.736,27,0.6385,1,55,82.58,129.91,54.468359361683696
2837,64,56100.0,617,16.96,0.778,16,0.4698,0,55,51.2,56.78,55.06004375436891
2838,59,82400.0,1100,9.75,0.736,27,0.7554,1,55,34.63,82.87,53.965133318354354
2839,75,77900.0,539,17.62,0.612,11,0.5789,0,55,42.19,44.96,54.949536846974034
2840,56,50300.0,882,8.47,0.544,16,0.5166,0,55,23.81,38.28,54.87496042147483
2841,52,54800.0,495,15.05,0.606,10,0.4244,1,55,33.72,95.43,54.78702855815427
2842,74,63900.0,1100,13.46,0.764,28,0.662,1,55,36.51,78.33,55.05658979481129
2843,65,98200.0,1012,29.38,0.86,29,0.8032,1,55,94.65,150.54,53.02988738813199
2844,67,50100.0,462,21.41,0.909,14,0.3867,0,55,83.37,93.01,54.66182432685337
2845,44,47700.0,434,18.87,0.691,10,0.3646,0,55,49.13,33.93,54.26700826951108
2846,37,37700.0,145,21.79,0.414,2,0.2385,1,95,16.67,128.54,93.96652389616025
2847,45,31900.0,277,11.96,0.65,6,0.2424,0,55,36.18,37.59,54.84107305223152
2848,44,69200.0,154,20.75,0.195,1,0.4074,0,95,8.75,14.52,95.5671659088209
2849,68,71900.0,108,31.76,0.278,1,0.4096,1,95,36.86,128.42,95.12936948262163
2850,72,95300.0,396,27.22,0.379,5,0.6384,1,55,32.23,87.7,53.01638495793496
2851,52,86300.0,72,25.86,2.5,6,0.4859,1,95,258.72,344.77,87.05459586842414
2852,79,120000.0,607,24.16,1.038,21,0.8083,1,35,77.35,127.82,47.14919457323429
2853,78,68000.0,646,18.12,0.836,18,0.5518,0,55,60.32,78.25,55.13620307131969
2854,59,60300.0,306,14.03,0.686,7,0.4002,1,55,31.5,107.96,54.49097770228846
2855,41,34900.0,27,23.64,1.111,1,0.2015,0,95,94.91,77.26,94.96169823521575
2856,82,85000.0,879,14.96,0.717,21,0.7143,1,55,49.02,107.31,53.57015542432059
2857,54,67300.0,13,24.67,4.615,2,0.355,0,95,454.46,458.78,89.00754412551375
2858,57,79100.0,340,24.77,0.971,11,0.525,0,55,94.25,87.2,55.18114562579241
2859,49,39900.0,62,7.97,1.935,4,0.2297,0,95,55.89,59.62,97.00465038786703
2860,40,69400.0,29,26.12,4.138,4,0.3715,1,95,439.49,520.13,86.53645721169187
2861,30,64300.0,294,18.35,1.327,13,0.4204,1,55,93.92,163.64,54.94312243283465
2862,66,70100.0,44,13.91,0.682,1,0.38,0,95,49.85,34.52,95.857921973159
2863,42,48100.0,991,19.04,0.999,33,0.5369,1,55,85.92,143.42,54.31296996861458
2864,90,97000.0,1100,20.44,0.573,21,0.8156,1,55,58.25,121.14,53.89696251706515
2865,37,104500.0,787,24.65,0.648,17,0.7827,1,35,71.64,100.64,47.208401566389796
2866,34,37500.0,480,13.1,0.812,13,0.321,0,55,37.7,51.42,54.41693787272986
2867,64,81900.0,55,17.89,1.636,3,0.4537,0,95,117.49,99.24,95.20572298947364
2868,81,30000.0,1100,8.56,0.736,27,0.4597,0,55,23.58,23.27,54.816243617302135
2869,56,79200.0,100,25.86,0.3,1,0.4511,0,95,37.74,20.87,93.78669973648176
2870,65,30000.0,133,16.12,2.256,10,0.2034,0,95,145.38,137.65,92.64859862311683
2871,24,47800.0,371,18.47,0.647,8,0.3472,0,55,45.85,40.92,53.87413767405823
2872,43,35000.0,230,13.43,0.391,3,0.2457,0,55,34.27,28.72,54.57837795617905
2873,37,56900.0,624,18.79,1.01,21,0.4769,1,55,73.29,141.0,55.25453170456901
2874,23,76200.0,540,17.75,0.889,16,0.569,1,55,58.12,101.4,53.64367979400761
2875,57,30000.0,486,10.73,0.926,15,0.2837,0,55,36.53,20.99,54.89219524218695
2876,18,50100.0,1100,26.07,0.764,28,0.5824,0,55,88.24,83.93,54.322990812029204
2877,33,49800.0,702,21.89,0.556,13,0.4576,1,55,50.19,106.32,54.825528905875835
2878,46,96400.0,111,21.65,0.811,3,0.5599,1,95,73.9,173.93,93.93769301470519
2879,41,71300.0,882,13.21,0.612,18,0.6418,0,55,34.23,45.76,54.26955444404255
2880,62,41700.0,640,7.75,0.797,17,0.3902,0,55,7.16,0.0,55.12047934558475
2881,60,56100.0,36,15.24,2.5,3,0.3007,1,95,143.85,255.74,86.4562952866713
2882,70,100700.0,1040,25.64,0.837,29,0.818,1,35,83.61,110.43,51.2085002250666
2883,68,82600.0,303,22.98,0.693,7,0.535,1,55,66.22,118.43,54.10824852498396
2884,74,49500.0,429,18.17,0.909,13,0.3735,1,55,58.19,113.42,54.73887460670448
2885,55,59400.0,58,20.58,0.517,1,0.324,0,95,34.44,12.73,95.42949155719923
2886,60,61100.0,1100,13.97,0.818,30,0.6464,1,55,43.21,93.89,54.86010592044638
2887,64,55500.0,166,25.86,1.084,6,0.3325,1,95,122.74,227.66,94.9828098559887
2888,57,30000.0,313,13.51,0.479,5,0.2421,0,55,8.66,14.98,54.38784597562923
2889,48,49400.0,370,18.88,0.892,11,0.3559,0,55,46.15,41.15,54.13320674674778
2890,49,93000.0,354,20.67,1.017,12,0.6129,1,55,97.97,155.1,55.04242379500654
2891,41,54200.0,119,19.69,0.756,3,0.3127,1,95,47.3,146.91,93.96090834817416
2892,62,64200.0,23,30.01,1.304,1,0.3405,1,95,153.29,245.7,95.58235303942834
2893,53,67600.0,495,15.19,0.788,13,0.5026,1,55,35.87,95.8,54.38661881275111
2894,44,109400.0,53,20.83,1.698,3,0.6197,1,75,139.06,206.05,94.7405937996625
2895,44,63000.0,188,15.13,0.319,2,0.381,0,55,18.22,8.76,55.18061130898152
2896,34,83800.0,668,20.9,0.629,14,0.6512,1,55,65.47,117.5,54.47042453184353
2897,72,55800.0,287,15.76,0.941,9,0.3684,0,55,65.09,40.94,55.4839403556065
2898,56,59800.0,100,13.77,1.5,5,0.3377,0,95,72.36,79.29,95.67141859164175
2899,40,62300.0,121,19.1,2.231,9,0.3576,1,95,155.18,251.02,94.68181706455513
2900,69,51500.0,308,25.53,0.974,10,0.3501,1,55,103.46,156.24,55.6573324375124
2901,45,58700.0,478,18.06,0.502,8,0.4428,0,55,32.11,40.07,54.54412287011166
2902,31,78800.0,189,21.34,1.746,11,0.4762,0,55,143.25,147.12,54.47525124343392
2903,72,51600.0,1100,19.45,0.845,31,0.5914,0,55,75.22,85.86,54.36975862178772
2904,46,63200.0,393,22.72,0.305,4,0.444,0,55,13.67,29.47,55.16030424154643
2905,48,78500.0,530,28.64,0.566,10,0.5798,1,55,61.91,120.22,54.042890399922356
2906,56,47900.0,625,18.39,0.672,14,0.4225,0,55,54.48,47.28,55.02341613730266
2907,74,91800.0,542,23.76,0.886,16,0.6602,1,55,74.76,137.01,54.25931171329005
2908,55,66500.0,85,15.02,0.353,1,0.3712,0,95,31.59,24.43,95.95652504385247
2909,35,57500.0,464,22.32,0.711,11,0.4312,1,55,55.38,102.76,53.81611296693986
2910,64,30000.0,986,10.28,0.822,27,0.4247,0,55,33.24,30.31,54.50985072626601
2911,47,55600.0,793,13.96,0.416,11,0.5215,1,55,17.68,84.26,54.917817997247994
2912,87,79200.0,31,22.85,2.903,3,0.43,0,95,243.41,250.92,86.1905925089446
2913,55,101700.0,100,32.96,1.5,5,0.5884,0,75,194.4,203.25,94.57057647053918
2914,18,69500.0,13,24.06,2.308,1,0.3675,1,95,228.46,324.69,93.85236182791728
2915,61,89900.0,767,23.3,0.626,16,0.7104,1,55,50.07,110.76,54.59239501842343
2916,88,46200.0,137,12.02,0.219,1,0.2765,0,95,5.5,11.51,94.78724387452836
2917,82,67700.0,227,27.77,0.132,1,0.4204,0,55,10.53,3.65,54.89991555766103
2918,86,96800.0,873,24.24,0.722,21,0.7684,1,55,74.29,135.18,52.793971229196316
2919,38,43000.0,216,15.0,0.833,6,0.2804,0,55,47.1,47.06,54.60060968712301
2920,71,88500.0,277,26.05,0.325,3,0.5629,1,55,34.05,85.0,54.67289519967339
2921,43,78000.0,135,19.46,1.333,6,0.4546,1,95,104.05,195.48,94.75118902636623
2922,59,71600.0,662,16.97,0.77,17,0.5785,0,55,48.08,42.56,54.745215975538635
2923,33,53700.0,651,14.77,0.783,17,0.4657,1,55,59.78,111.97,54.488103652101174
2924,44,42100.0,370,13.02,0.649,8,0.3159,0,55,25.6,25.52,54.4612745144491
2925,44,100100.0,50,19.38,1.8,3,0.5636,0,75,145.16,151.81,94.89399553427471
2926,70,81300.0,119,16.0,1.765,7,0.4698,1,95,123.17,233.26,94.86030755290088
2927,69,75000.0,54,26.11,0.556,1,0.4118,0,95,56.96,62.65,94.19608769828271
2928,60,57300.0,789,21.94,0.837,22,0.5307,1,55,73.94,130.11,54.53435312189694
2929,32,61200.0,442,15.07,0.882,13,0.4469,1,55,57.41,92.41,53.69068046818965
2930,50,67500.0,478,24.57,0.816,13,0.4967,1,55,77.23,156.42,53.90370411121842
2931,42,70800.0,1100,22.17,0.9,33,0.6989,0,55,64.64,57.56,54.801778127166855
2932,70,83400.0,420,20.89,0.571,8,0.5758,1,55,45.72,93.96,54.199927119759415
2933,75,52600.0,15,11.76,2.0,1,0.2776,1,95,107.25,214.89,96.62504000114212
2934,73,37800.0,327,17.38,0.55,6,0.2825,0,55,42.79,31.77,54.59740626095285
2935,42,64200.0,385,28.96,0.935,12,0.4476,1,55,108.93,167.65,54.39344607748777
2936,18,30000.0,664,14.57,0.723,16,0.3308,0,55,48.19,43.56,54.96773170826035
2937,25,52200.0,519,22.82,0.636,11,0.4161,0,55,56.9,54.37,54.22513090629239
2938,79,59100.0,106,17.81,2.264,8,0.3356,0,95,161.52,162.02,93.85674398197251
2939,48,73900.0,189,25.69,1.587,10,0.4463,1,55,159.63,202.69,54.41824755469544
2940,42,104000.0,46,24.85,0.652,1,0.5858,1,75,68.63,142.39,93.64188915455924
2941,83,30000.0,40,2.47,0.75,1,0.1852,0,95,3.12,13.38,96.59029290867515
2942,77,117200.0,301,23.97,1.296,13,0.7289,1,35,121.74,155.99,46.66697941018572
2943,55,60100.0,212,19.68,0.991,7,0.3713,0,55,85.04,120.03,55.17902160710176
2944,50,71300.0,71,26.11,1.268,3,0.3949,0,95,130.88,131.79,96.02382866955291
2945,53,34900.0,173,14.47,0.867,5,0.2323,0,95,54.7,42.74,93.74180467997424
2946,59,86700.0,316,23.15,0.475,5,0.564,0,55,49.17,43.95,53.54504921188562
2947,82,71300.0,140,17.76,0.429,2,0.4156,1,95,29.86,105.52,95.00099106645142
2948,62,65100.0,429,27.57,0.909,13,0.4667,0,55,97.45,108.22,54.51514214245165
2949,67,30000.0,929,22.0,0.71,22,0.4074,1,55,51.92,122.98,54.57571241628211
2950,75,70500.0,1100,17.19,0.791,29,0.6973,0,55,45.62,54.05,55.02830459148119
2951,35,78800.0,41,14.24,0.732,1,0.4306,0,95,46.57,38.17,95.09160651652479
2952,68,62600.0,1088,10.35,0.662,24,0.6514,1,55,32.13,78.41,55.34488933979249
2953,50,88700.0,113,26.32,2.124,8,0.5135,1,95,215.7,318.06,93.35977564492217
2954,18,81400.0,893,22.89,0.806,24,0.6996,1,55,76.97,126.76,52.8880080217173
2955,19,44300.0,766,12.74,0.783,20,0.4438,1,55,41.63,88.03,54.77533913709249
2956,38,95100.0,895,25.62,0.804,24,0.7658,1,55,89.88,135.15,52.631958974540424
2957,64,67800.0,1100,14.02,0.6,22,0.6831,1,55,50.97,124.66,55.4667963973679
2958,57,66400.0,419,23.93,0.644,9,0.4716,0,55,66.24,61.6,54.20573535894901
2959,58,67700.0,57,18.24,0.526,1,0.3699,0,95,32.85,41.17,96.2000352486885
2960,88,73100.0,16,15.56,1.875,1,0.3892,1,95,122.65,223.14,95.97236701511946
2961,33,30000.0,541,12.66,0.832,15,0.2978,1,55,33.8,80.31,54.6193690193444
2962,55,61100.0,295,17.16,0.814,8,0.4016,1,55,73.64,129.05,54.64310296363879
2963,60,37400.0,34,17.44,3.529,4,0.213,0,95,236.37,226.36,85.73559716173342
2964,42,96600.0,134,30.32,0.224,1,0.5682,0,95,30.67,45.15,94.73314657651943
2965,55,98300.0,1024,30.32,0.674,23,0.806,0,55,81.76,72.65,53.07182079912557
2966,28,77500.0,16,22.42,3.75,2,0.4152,1,95,332.99,431.64,84.8668935322268
2967,79,64800.0,782,18.78,0.767,20,0.5741,0,55,53.8,48.86,55.40531142992371
2968,43,41400.0,230,13.37,0.261,2,0.276,0,55,24.85,15.6,55.65693464600663
2969,90,58200.0,323,9.89,1.115,12,0.3929,0,55,48.64,59.41,54.59555873781949
2970,54,105600.0,251,25.74,1.315,11,0.6551,1,35,134.17,163.96,46.796436686519215
2971,72,53900.0,576,13.83,0.833,16,0.4437,1,55,59.94,96.64,55.13503113581595
2972,54,30000.0,767,20.59,0.587,15,0.3598,0,55,47.4,51.64,55.170698536578264
2973,54,86400.0,57,21.96,1.053,2,0.4819,1,95,98.37,186.3,94.47760392528775
2974,45,94500.0,260,27.91,0.923,8,0.5938,1,55,92.32,148.9,53.6087306378143
2975,57,100200.0,681,22.62,0.705,16,0.7396,1,35,53.49,97.05,46.376498352558286
2976,60,87800.0,352,19.79,1.108,13,0.5816,0,55,93.39,96.95,54.653230067876706
2977,42,87600.0,449,26.16,0.735,11,0.6095,1,55,79.37,143.26,53.52916509907859
2978,53,65700.0,350,21.24,1.286,15,0.446,0,55,126.43,113.45,54.49299679983319
2979,45,30000.0,217,16.11,1.106,8,0.2208,0,55,65.63,77.61,55.15573694615442
2980,90,72600.0,364,20.42,0.824,10,0.4925,1,55,72.71,124.74,54.434454829834486
2981,53,77700.0,144,25.6,1.25,6,0.4556,0,95,126.03,111.77,94.31222784567484
2982,81,67400.0,602,23.33,0.997,20,0.5346,1,55,99.83,130.28,55.679205392009465
2983,52,60600.0,645,8.21,0.884,19,0.5062,0,55,35.18,32.1,54.350335295251945
2984,59,45600.0,64,15.55,0.469,1,0.2559,0,95,28.95,21.09,94.50402321611047
2985,33,39600.0,409,21.01,0.587,8,0.3131,0,55,43.41,35.7,54.24129598683432
2986,47,102000.0,78,20.2,0.385,1,0.5836,0,75,28.39,31.74,94.31036816796924
2987,59,105200.0,498,17.32,0.301,5,0.7189,0,35,11.95,29.15,47.36391890962255
2988,82,70300.0,194,19.85,0.773,5,0.426,0,55,64.29,55.28,53.9830986970853
2989,59,71700.0,1100,23.36,0.709,26,0.7035,0,55,43.78,44.7,54.71604424210047
2990,79,49200.0,333,15.08,0.631,7,0.3443,1,55,33.41,82.74,54.23681353008322
2991,66,80700.0,13,28.57,5.0,3,0.4335,0,95,578.63,568.76,96.92086525988907
2992,83,107600.0,270,35.36,0.667,6,0.6713,1,35,101.38,126.22,45.7435520767968
2993,54,32700.0,617,5.28,1.021,21,0.3326,1,55,8.67,80.09,55.23789380793893
2994,90,81700.0,87,20.34,0.345,1,0.4624,1,95,32.73,127.87,94.46816127103565
2995,47,74700.0,252,9.8,0.357,3,0.4706,1,55,4.86,57.96,54.48787924139794
2996,42,73500.0,21,24.33,1.429,1,0.393,0,95,136.04,129.19,96.16227301895856
2997,34,95300.0,409,20.9,0.88,12,0.6421,1,55,79.7,135.37,52.53562440821419
2998,90,114800.0,107,24.84,1.682,6,0.6656,1,75,159.32,227.94,93.40975915430823
2999,69,62900.0,25,25.18,1.2,1,0.3339,0,95,132.28,151.58,96.11070229224839
3000,49,77900.0,680,15.04,0.618,14,0.621,0,55,39.23,41.75,54.95928009844258
3001,76,71000.0,1100,12.75,0.873,32,0.6999,1,55,48.22,104.62,54.95167847150119
3002,67,54100.0,1100,6.73,0.627,23,0.6062,1,55,25.5,81.66,55.08487681221674
3003,88,77300.0,90,27.95,1.667,5,0.4365,0,95,193.49,206.57,94.87888696140357
3004,29,73900.0,667,26.28,0.675,15,0.5937,0,55,77.38,77.16,53.85853573919132
3005,50,68600.0,310,18.82,0.871,9,0.4513,0,55,60.31,55.54,54.64612073117464
3006,47,44900.0,97,10.36,1.856,6,0.2604,0,95,68.03,69.64,97.11831020613043
3007,21,48500.0,470,21.45,0.83,13,0.3797,0,55,68.96,76.87,53.77743182309919
3008,73,59000.0,658,32.62,0.729,16,0.5004,0,55,98.92,110.74,54.10618328569067
3009,50,46300.0,577,15.77,0.988,19,0.3985,1,55,52.04,109.19,55.593165232742706
3010,68,74200.0,83,15.12,1.084,3,0.4157,0,95,70.22,72.52,95.60116719237898
3011,90,80800.0,822,28.33,1.168,32,0.6774,1,55,135.35,200.28,53.28637378304952
3012,49,84400.0,223,17.0,0.135,1,0.5212,0,55,7.73,0.0,55.36186507434121
3013,48,45600.0,34,15.01,0.882,1,0.2488,0,95,53.45,54.33,94.37830845950985
3014,57,53300.0,2,4.8,5.0,3,0.2778,0,95,96.52,90.68,98.42244810783507
3015,72,101000.0,70,23.63,0.857,2,0.5752,1,75,84.54,160.12,93.71953703726693
3016,45,59500.0,238,12.53,1.008,8,0.3754,1,55,56.49,115.05,55.331105888708905
3017,44,63400.0,570,25.8,0.579,11,0.5001,0,55,82.72,95.17,54.24003329879825
3018,73,64900.0,61,14.85,0.984,2,0.3552,0,95,59.8,45.96,96.23078862400273
3019,61,90000.0,1073,27.4,0.783,28,0.7826,1,55,80.66,128.47,53.19918319947879
3020,20,82600.0,11,21.87,2.727,1,0.4444,0,95,223.31,214.41,86.19378826332587
3021,34,84200.0,529,23.26,0.794,14,0.6132,1,55,62.61,111.54,53.56968733782438
3022,81,70800.0,1100,23.23,0.627,23,0.6989,1,55,52.2,93.5,54.87196977645857
3023,62,48100.0,1100,16.95,0.791,29,0.5704,1,55,59.15,135.52,54.67404992589836
3024,42,102800.0,314,22.18,1.146,12,0.6572,1,35,98.51,142.22,46.66088037967631
3025,52,82400.0,260,18.3,0.346,3,0.5204,1,55,28.58,75.83,54.64694146540271
3026,55,55400.0,629,20.85,0.572,12,0.4693,0,55,41.85,42.0,54.64909600203854
3027,68,97500.0,570,15.12,0.947,18,0.6983,0,55,60.92,56.57,51.923008777836486
3028,32,49200.0,143,25.77,0.21,1,0.293,0,95,28.63,30.19,94.1611965182536
3029,41,91800.0,287,24.43,1.045,10,0.5858,0,55,98.9,91.22,54.88629844587986
3030,60,97000.0,186,22.86,0.806,5,0.5863,1,55,77.18,116.95,50.78002484217012
3031,53,45200.0,570,18.11,0.684,13,0.39,0,55,46.03,40.3,54.978794207986766
3032,65,79200.0,156,18.91,1.538,8,0.4684,1,95,106.48,215.29,94.66934102386942
3033,34,77200.0,1100,20.69,0.818,30,0.731,0,55,72.13,57.28,54.64723048108838
3034,61,120000.0,1100,22.34,0.764,28,0.8862,1,35,71.57,117.54,51.315583561998096
3035,74,53200.0,36,19.86,0.833,1,0.2859,0,95,70.92,76.52,95.18024192940553
3036,63,96700.0,51,24.11,1.765,3,0.5433,1,95,177.86,268.86,94.19328316025985
3037,57,65800.0,530,20.81,0.566,10,0.5024,1,55,45.12,107.62,54.464797346891146
3038,53,38500.0,56,23.19,0.536,1,0.2223,0,95,48.32,50.4,94.52277823997673
3039,41,59700.0,872,14.93,0.757,22,0.5708,1,55,42.93,76.55,54.33310819397251
3040,54,64900.0,318,19.09,1.321,14,0.4313,1,55,103.63,154.59,54.94533044185919
3041,76,47000.0,170,8.79,0.529,3,0.2888,0,95,17.49,13.74,96.17088830831806
3042,53,71200.0,73,23.43,0.411,1,0.395,1,95,39.53,148.98,96.09089578877072
3043,40,82100.0,241,22.23,1.245,10,0.5127,0,55,104.94,100.93,54.69215913865827
3044,47,68400.0,338,20.35,0.976,11,0.4587,0,55,71.23,69.12,55.571969527879894
3045,58,54200.0,334,17.34,0.988,11,0.3729,0,55,61.26,49.65,55.28871382792291
3046,49,60700.0,587,16.21,0.971,19,0.4888,1,55,66.29,120.66,55.62892750914958
3047,63,66500.0,64,32.46,3.281,7,0.3651,0,95,425.66,413.77,91.85752365741929
3048,64,71400.0,338,20.9,0.533,6,0.4771,0,55,40.61,51.47,53.862609874573764
3049,70,91300.0,53,25.18,0.566,1,0.5108,1,95,62.31,153.11,93.42846702502646
3050,79,75500.0,157,15.63,1.146,6,0.4462,0,95,83.31,71.4,94.7608568102355
3051,72,38900.0,142,20.26,0.634,3,0.2432,0,95,47.42,59.68,94.20683098096188
3052,39,50000.0,98,16.88,0.612,2,0.2856,0,95,32.65,19.59,94.28403932901388
3053,40,65500.0,67,22.05,0.448,1,0.3603,1,95,47.07,144.63,96.29541587289823
3054,54,88400.0,4,27.77,5.0,2,0.4777,1,95,555.52,635.65,96.88678423171804
3055,47,90700.0,753,23.09,0.797,20,0.7109,0,55,72.14,75.07,53.95011472122994
3056,36,98500.0,264,21.39,0.682,6,0.6184,0,55,66.49,77.17,48.76324349190979
3057,47,66100.0,39,8.28,0.769,1,0.3556,0,95,23.37,16.89,98.91255984859913
3058,47,79400.0,102,19.97,1.765,6,0.453,0,95,144.16,132.37,95.43597106851747
3059,44,32300.0,271,11.43,0.886,8,0.2429,0,55,41.79,30.3,55.12924242220627
3060,50,73000.0,2,15.23,5.0,3,0.3845,0,95,330.56,330.0,93.45238298539296
3061,75,46400.0,470,24.23,0.319,5,0.3676,1,55,29.84,104.12,55.162705232262056
3062,58,64300.0,39,24.56,0.769,1,0.3456,1,95,83.04,188.72,96.20421782674183
3063,90,120000.0,691,18.85,0.651,15,0.824,1,35,47.08,93.78,46.958756607292194
3064,58,72000.0,857,21.57,0.77,22,0.6386,1,55,70.04,114.34,53.81628922862014
3065,50,45900.0,1100,12.8,0.818,30,0.5571,1,55,40.31,106.28,54.57021392289254
3066,55,73600.0,713,22.87,0.799,19,0.6057,1,55,79.46,144.33,54.043241266258065
3067,59,54900.0,69,14.24,0.87,2,0.3031,0,95,48.79,51.84,95.1837265129639
3068,62,46200.0,743,14.24,0.767,19,0.4483,1,55,47.72,96.4,55.48333641529291
3069,90,116200.0,310,32.25,0.29,3,0.7262,1,35,31.36,76.08,47.034518316916575
3070,41,84600.0,507,26.79,0.592,10,0.6091,0,55,57.07,50.29,54.040469264719306
3071,70,75300.0,59,28.84,2.542,5,0.4151,0,95,278.19,284.76,91.8747802130895
3072,59,57600.0,67,17.55,0.448,1,0.3168,0,95,34.38,30.57,95.28124718205355
3073,28,53100.0,250,10.69,1.2,10,0.3427,0,55,46.12,36.26,54.74177433434612
3074,68,100000.0,387,29.61,0.93,12,0.6622,1,55,127.71,178.66,46.762456901522256
3075,77,75800.0,247,26.01,1.093,9,0.4758,1,55,109.94,184.62,54.57633907933444
3076,40,30000.0,230,17.64,0.913,7,0.2236,0,55,74.39,62.73,55.189245237656245
3077,55,115800.0,168,23.65,0.536,3,0.6876,1,75,59.86,144.78,93.5360426414983
3078,26,63000.0,79,14.1,0.759,2,0.3496,0,95,40.84,49.24,95.77374895196441
3079,34,68000.0,1100,22.88,0.791,29,0.6842,1,55,66.5,119.65,54.88070336138335
3080,73,91400.0,156,19.28,0.192,1,0.5433,1,95,13.73,103.21,93.64961957361194
3081,47,73200.0,218,19.44,1.239,9,0.451,1,55,105.42,147.94,54.89739967378163
3082,36,76900.0,54,36.07,0.556,1,0.4231,1,95,98.5,206.39,95.04839061744022
3083,59,56900.0,408,29.18,0.735,10,0.4106,0,55,75.91,64.01,54.18712922332938
3084,46,37400.0,10,19.57,3.0,1,0.2081,1,95,234.95,302.07,85.90727968459535
3085,47,69300.0,269,17.08,0.781,7,0.4429,0,55,48.52,51.6,54.56748332285058
3086,68,97700.0,72,21.04,0.417,1,0.5558,0,95,32.2,18.69,94.00220117549769
3087,35,47400.0,869,20.69,0.759,22,0.4947,1,55,76.47,130.37,54.14342716432597
3088,40,46700.0,359,24.49,0.919,11,0.3378,1,55,83.87,125.43,54.02090422312061
3089,58,91200.0,281,21.12,0.107,1,0.5804,1,55,0.0,49.19,55.07751354536984
3090,71,58600.0,639,16.51,0.563,12,0.492,1,55,38.8,94.49,55.806489370691864
3091,76,60600.0,408,19.53,0.956,13,0.4328,1,55,77.72,135.43,55.90804736615974
3092,44,55000.0,363,11.31,0.909,11,0.386,0,55,37.75,51.14,54.23660588015358
3093,71,66800.0,921,13.23,0.782,24,0.6273,1,55,35.93,90.95,54.60458630330357
3094,42,30000.0,3,8.62,5.0,1,0.1784,0,95,173.68,174.75,98.7282099971972
3095,86,59900.0,1100,21.72,0.818,30,0.6397,1,55,60.27,112.87,54.57770671740237
3096,36,66000.0,208,21.26,0.288,2,0.4046,1,55,27.87,92.11,55.03520575303552
3097,78,74300.0,793,26.83,0.719,19,0.6332,1,55,74.38,118.07,54.45388873683509
3098,44,87100.0,177,14.38,0.169,1,0.5235,1,95,20.82,111.44,93.67956118497058
3099,89,110400.0,206,18.98,0.728,5,0.669,0,35,57.82,57.8,46.2685351466457
3100,65,98800.0,124,27.1,0.242,1,0.5783,1,95,25.01,110.94,93.6511572783708
3101,38,80800.0,211,17.76,1.137,8,0.4954,0,55,78.93,92.89,54.72799218444332
3102,46,60100.0,218,15.02,0.963,7,0.3731,0,55,42.39,45.57,55.25934103319238
3103,68,54500.0,22,23.24,1.364,1,0.2889,1,95,125.8,208.55,95.57066506797568
3104,73,69000.0,71,17.59,2.113,5,0.3815,0,95,147.04,151.13,95.94746373577918
3105,54,77100.0,18,19.39,1.667,1,0.4134,0,95,129.7,142.8,95.67615080403219
3106,56,82500.0,762,21.12,0.748,19,0.6702,1,55,61.67,109.47,53.96416973867113
3107,68,80700.0,200,21.16,0.45,3,0.4913,0,55,49.51,63.13,53.54814752645922
3108,57,62900.0,182,22.86,1.154,7,0.3787,0,55,103.37,105.94,54.986596143602036
3109,33,77100.0,867,15.51,0.83,24,0.6697,1,55,44.74,101.76,53.92887996627074
3110,41,88700.0,290,22.36,1.138,11,0.5681,1,55,88.47,155.45,54.48173706574078
3111,59,84300.0,1100,28.46,0.764,28,0.7639,0,55,83.41,85.44,53.39355463644767
3112,76,68500.0,605,30.94,0.298,6,0.5422,0,55,28.5,32.41,54.59369824765214
3113,82,52900.0,62,11.15,0.484,1,0.291,1,95,11.2,107.13,97.44621379984822
3114,68,49600.0,2,19.1,5.0,5,0.2599,1,95,379.51,456.97,93.40918288706042
3115,60,51700.0,73,16.8,0.411,1,0.2878,0,95,36.73,40.84,94.9283764929687
3116,68,73000.0,719,20.46,0.501,12,0.6039,0,55,48.48,51.0,55.215417859739986
3117,44,73700.0,440,17.11,0.818,12,0.5229,1,55,45.73,96.93,53.43738446937226
3118,52,34700.0,55,18.98,1.636,3,0.2064,0,95,124.5,99.0,95.20244740082887
3119,41,51600.0,1100,21.26,0.682,25,0.5914,0,55,61.38,67.6,54.61817151423143
3120,34,65900.0,195,32.5,0.615,4,0.4001,0,55,84.63,76.02,53.41100503256064
3121,61,47300.0,104,10.49,0.288,1,0.2737,0,95,24.91,13.65,96.7095886397986
3122,58,74700.0,363,12.47,0.909,11,0.5051,1,55,35.98,78.76,53.78232782041327
3123,67,60900.0,564,29.41,0.745,14,0.4828,1,55,80.56,115.96,53.9114932179019
3124,64,51600.0,144,17.48,0.208,1,0.3057,0,95,9.24,13.86,94.34642947662812
3125,59,66900.0,372,17.75,0.726,9,0.4601,0,55,54.48,78.04,54.06597056019066
3126,64,75000.0,393,22.19,0.611,8,0.5163,0,55,32.46,26.66,54.11347449970312
3127,54,47000.0,411,10.08,1.095,15,0.3541,0,55,42.32,50.53,54.42793541741931
3128,62,61300.0,65,21.07,1.846,4,0.3363,0,95,141.32,140.39,96.32017337406079
3129,43,72400.0,147,20.46,0.612,3,0.4244,1,95,50.07,147.82,95.2685962144377
3130,61,50200.0,350,22.9,0.771,9,0.3547,0,55,87.18,86.52,53.97752813729795
3131,66,32400.0,138,19.15,1.304,6,0.2141,0,95,107.09,114.92,95.07319389987093
3132,44,30500.0,35,19.28,0.857,1,0.1862,0,95,56.28,44.2,94.572879000927
3133,56,56400.0,229,19.41,1.048,8,0.3552,0,55,78.02,79.01,55.12415346584716
3134,44,35100.0,845,23.29,0.923,26,0.4125,0,55,78.87,90.22,54.22315864614887
3135,46,55900.0,171,21.27,0.526,3,0.336,1,95,55.11,157.12,93.8888970104032
3136,36,96200.0,154,21.76,1.753,9,0.5718,0,95,134.97,138.23,94.29803853187137
3137,77,40400.0,2,12.01,5.0,4,0.2188,0,95,236.69,237.66,95.3211806497084
3138,73,62700.0,42,15.92,1.429,2,0.3375,0,95,85.43,81.82,96.22733152798835
3139,64,111600.0,173,29.68,0.52,3,0.6664,0,75,52.35,48.82,94.6828626149176
3140,89,80400.0,123,15.4,0.976,4,0.4656,0,95,73.39,57.86,94.4399975817197
3141,52,56700.0,345,19.28,0.696,8,0.3906,1,55,41.15,101.18,54.109461330626296
3142,90,68700.0,816,16.14,0.662,18,0.6075,0,55,33.18,46.83,55.40509799643376
3143,51,73200.0,688,14.71,0.828,19,0.5959,0,55,61.48,64.42,54.280138752849254
3144,59,101400.0,229,19.75,0.393,3,0.625,1,35,30.25,65.42,46.38946161046059
3145,48,52500.0,83,17.76,0.361,1,0.2944,0,95,24.24,30.23,94.84307667435318
3146,61,50300.0,419,21.36,0.644,9,0.3752,1,55,50.02,83.84,54.01465068317829
3147,69,38800.0,99,12.44,0.303,1,0.233,0,95,15.06,9.99,94.41535185836173
3148,53,66800.0,45,9.64,2.0,3,0.3613,0,95,73.69,72.95,98.86870541615104
3149,85,41500.0,356,32.0,0.674,8,0.309,0,55,80.4,63.33,53.9438655817278
3150,59,56100.0,103,24.0,1.748,6,0.3185,1,95,156.6,253.2,95.60385834263631
3151,60,46900.0,12,21.7,2.5,1,0.2497,0,95,217.32,198.81,85.83439867980118
3152,40,84600.0,232,30.83,0.647,5,0.5252,1,55,75.01,136.92,53.526675585175546
3153,62,55700.0,704,18.82,0.639,15,0.4944,1,55,44.35,101.61,55.80469754906067
3154,53,72900.0,164,20.26,0.732,4,0.4326,0,95,64.6,62.69,95.27381449000833
3155,45,30000.0,214,21.28,0.701,5,0.2202,0,55,55.62,63.24,53.8573954311204
3156,42,65200.0,52,26.53,2.308,4,0.3543,1,95,244.05,340.52,93.36985135992762
3157,90,46700.0,28,20.08,1.071,1,0.2525,1,95,99.41,199.17,95.00539744763405
3158,51,55300.0,117,22.71,2.308,9,0.318,1,95,212.73,310.56,92.6164318950537
3159,30,106400.0,98,19.77,1.224,4,0.6155,1,75,92.48,158.88,94.28898500358775
3160,43,82200.0,56,21.04,0.536,1,0.4559,1,95,36.33,147.02,94.98156969638497
3161,54,62100.0,717,27.83,0.628,15,0.5377,1,55,68.85,136.31,54.854944844136874
3162,64,120000.0,45,32.02,2.0,3,0.6768,0,75,262.46,266.75,94.6093705763288
3163,64,47600.0,451,9.83,0.532,8,0.369,0,55,16.2,17.7,54.412751609100475
3164,67,91900.0,101,21.13,1.188,4,0.5294,0,95,100.06,107.57,94.11645542809738
3165,44,30600.0,702,22.29,0.855,20,0.3447,0,55,71.31,83.91,54.700398072331566
3166,61,61100.0,199,21.44,1.206,8,0.3733,0,55,100.16,119.21,54.464703903944624
3167,40,33700.0,213,15.96,0.423,3,0.236,0,55,16.79,11.37,54.51939358623627
3168,44,68200.0,1010,21.29,0.832,28,0.6606,1,55,72.54,137.99,54.809028414392614
3169,39,63000.0,571,19.03,0.788,15,0.4979,0,55,60.65,59.78,54.47030359785073
3170,35,54500.0,61,15.55,0.492,1,0.2989,1,95,41.91,120.82,94.80544674903757
3171,73,91500.0,414,19.56,0.725,10,0.6218,1,55,57.07,120.45,54.23861306928362
3172,67,55500.0,34,23.38,1.765,2,0.2971,1,95,158.84,268.51,96.00030221630253
3173,72,75300.0,347,22.48,0.605,7,0.5039,0,55,65.5,75.23,54.342917549759164
3174,56,82400.0,157,25.9,0.955,5,0.4884,0,95,101.33,99.64,93.57409939352839
3175,68,36500.0,91,18.21,2.308,7,0.2213,1,95,169.1,267.98,91.09185546936112
3176,25,43300.0,110,23.54,1.636,6,0.256,0,95,153.4,160.39,94.9115559590121
3177,70,69100.0,188,22.64,0.798,5,0.417,0,55,72.95,78.68,53.885869285779634
3178,58,78800.0,523,25.94,0.803,14,0.5795,1,55,75.86,143.17,53.572864739689436
3179,66,97000.0,346,25.39,0.607,7,0.6337,0,55,60.42,69.85,50.66227142828537
3180,61,61700.0,274,14.52,0.547,5,0.3989,0,55,29.45,23.66,54.48685488993901
3181,38,55000.0,915,17.12,0.59,18,0.5555,1,55,42.69,97.95,54.833296056059
3182,30,41700.0,314,19.2,0.86,9,0.299,0,55,74.41,69.36,54.34956855705318
3183,43,69500.0,1100,23.81,0.818,30,0.6921,0,55,85.06,86.68,54.75061796363427
3184,65,60800.0,4,26.38,5.0,1,0.3169,1,95,531.12,607.43,94.18086305862765
3185,67,61600.0,34,16.94,0.882,1,0.3293,0,95,45.41,64.69,95.95553496711709
3186,32,58400.0,466,19.89,0.773,12,0.4373,0,55,57.45,49.65,53.94439522540597
3187,38,73200.0,122,20.33,1.721,7,0.4216,1,95,124.81,214.67,95.97444204046981
3188,43,50800.0,259,25.74,1.042,9,0.3325,1,55,115.37,171.2,55.222153650646106
3189,49,47600.0,27,19.02,1.111,1,0.2565,0,95,82.99,69.22,94.93783123538
3190,32,69500.0,88,22.4,2.727,8,0.3894,1,95,242.59,334.24,86.32313590960055
3191,31,30000.0,518,14.32,1.216,21,0.2919,0,55,63.6,65.28,54.74164189976098
3192,41,49500.0,72,16.3,0.417,1,0.2765,0,95,36.73,53.22,94.41932901159218
3193,56,41000.0,348,8.91,0.69,8,0.3042,0,55,24.84,26.26,54.11821419429913
3194,35,86300.0,725,16.64,0.828,20,0.6806,0,55,53.63,49.57,54.3922152933472
3195,53,55300.0,449,19.19,0.535,8,0.4135,1,55,41.5,85.24,54.3693189638296
3196,73,56800.0,231,18.79,1.039,8,0.358,0,55,79.14,100.52,55.5159129664719
3197,33,59600.0,3,19.86,5.0,1,0.3102,1,95,395.55,491.32,93.16992017174674
3198,51,51700.0,636,22.46,0.802,17,0.4488,0,55,81.58,82.41,54.07435009326309
3199,72,59900.0,34,19.45,0.882,1,0.3202,0,95,78.07,64.36,95.73384678067102
3200,48,65600.0,153,18.1,0.196,1,0.3859,1,95,14.37,114.62,95.24739753336704
3201,45,54100.0,207,17.07,0.145,1,0.3362,0,55,3.11,0.0,55.451769188971994
3202,75,60000.0,300,20.22,1.2,12,0.3966,1,55,99.1,168.82,55.23113040936068
3203,50,42800.0,100,14.52,1.5,5,0.2513,1,95,81.79,181.44,94.50157319387851
3204,74,44600.0,1100,22.01,0.818,30,0.5492,0,55,82.87,84.12,54.275209912694805
3205,62,67700.0,348,20.1,0.862,10,0.4575,1,55,81.3,123.08,54.353635594101114
3206,49,70200.0,588,21.79,0.408,8,0.5473,0,55,40.76,39.78,54.05645796853578
3207,63,36600.0,1100,11.41,0.682,25,0.5002,1,55,21.28,74.14,55.037241181854505
3208,60,82000.0,100,27.62,0.6,2,0.4682,1,95,62.0,158.23,94.61629030642375
3209,72,84400.0,335,29.85,0.448,5,0.5559,1,55,51.33,86.63,53.66212151689101
3210,46,83700.0,150,15.74,0.2,1,0.4942,1,95,5.31,91.21,94.3190043131281
3211,56,71500.0,382,22.73,0.55,7,0.4914,1,55,47.02,97.06,53.86510301422424
3212,54,78200.0,17,21.19,1.765,1,0.4197,0,95,150.9,155.91,95.65951078618455
3213,67,113300.0,9,28.42,3.333,1,0.6294,1,75,382.56,438.25,91.8038100608938
3214,38,55300.0,238,20.56,1.134,9,0.3515,0,55,103.01,116.82,54.730551093435636
3215,72,46400.0,92,5.79,2.609,8,0.2664,1,95,59.7,167.12,91.79754205434634
3216,63,34400.0,128,18.96,1.172,5,0.2204,0,95,85.93,75.99,95.04205132195754
3217,33,97500.0,13,30.19,2.308,1,0.5364,1,95,267.86,387.55,94.4119386956729
3218,76,106300.0,526,32.07,1.084,19,0.7312,0,35,141.28,143.67,46.363710758944514
3219,90,52600.0,1060,13.17,0.623,22,0.5853,0,55,28.65,27.56,55.14198658135139
3220,72,53100.0,293,17.81,0.102,1,0.3548,1,55,5.05,65.99,55.6929594786258
3221,79,63000.0,390,16.76,0.538,7,0.4419,0,55,31.0,35.18,54.66818457524186
3222,56,90900.0,229,14.06,1.048,8,0.5628,1,55,54.09,110.27,54.998314250295664
3223,27,32400.0,223,11.76,0.807,6,0.2325,0,55,43.16,32.31,54.52537175996811
3224,24,30000.0,238,9.08,0.378,3,0.2254,1,55,12.73,63.36,54.62373837818496
3225,59,111300.0,97,28.37,0.309,1,0.6433,1,75,47.02,125.59,94.6544593534016
3226,45,69600.0,207,12.28,0.145,1,0.4258,1,55,0.0,63.34,55.3102873638239
3227,39,71300.0,140,15.8,0.214,1,0.4156,1,95,22.99,132.38,95.3677606403617
3228,54,60500.0,558,16.48,1.022,19,0.4785,1,55,62.89,113.31,55.54481599993089
3229,65,76800.0,397,25.37,0.68,9,0.5286,1,55,68.02,123.82,54.056942472106556
3230,30,30000.0,264,28.39,1.364,12,0.2311,0,55,158.31,151.71,54.52420955341113
3231,47,45700.0,64,18.37,0.469,1,0.2563,0,95,42.14,53.07,94.60327157643667
3232,81,72400.0,296,15.7,0.912,9,0.4702,0,55,65.26,62.15,54.88282705667591
3233,37,30000.0,6,11.1,5.0,1,0.1789,0,95,229.83,223.95,98.72515747542262
3234,70,61600.0,284,22.53,1.056,10,0.4013,0,55,92.97,93.59,55.43435190900467
3235,47,55800.0,108,11.64,0.833,3,0.3182,0,95,52.75,36.02,95.72185823331203
3236,64,60400.0,92,24.54,1.63,5,0.3388,0,95,164.39,169.8,95.72939556808763
3237,74,57200.0,147,19.95,1.02,5,0.3365,0,95,57.32,54.22,94.91527060561654
3238,68,46700.0,92,16.38,0.326,1,0.2678,0,95,21.3,48.97,94.3006688769002
3239,70,30000.0,128,6.08,1.172,5,0.2023,0,95,25.13,18.95,96.86054655524399
3240,35,64000.0,140,24.2,0.643,3,0.3728,0,95,59.41,56.74,95.50194093094777
3241,74,62500.0,542,15.57,0.609,11,0.4858,1,55,42.7,107.87,55.70601281378739
3242,41,33300.0,82,15.76,1.463,4,0.2062,0,95,94.36,102.18,94.66165652413724
3243,59,67100.0,362,19.28,0.994,12,0.4582,0,55,70.93,81.29,55.40762535668721
3244,59,59600.0,664,11.02,0.678,15,0.5059,1,55,41.59,93.79,55.468838621118195
3245,63,56900.0,450,17.38,0.667,10,0.4233,0,55,35.77,24.3,54.46441368847246
3246,61,30000.0,1076,8.45,0.641,23,0.4522,1,55,10.52,92.21,54.97726814480568
3247,41,76500.0,301,18.21,0.199,2,0.4969,1,55,5.49,65.65,55.450782112615265
3248,32,34500.0,1100,17.34,0.736,27,0.4873,1,55,54.28,111.54,54.66446726434593
3249,70,69300.0,133,23.91,1.353,6,0.4017,1,95,132.02,235.08,95.86835362036646
3250,58,48600.0,247,17.2,0.486,4,0.3174,1,55,26.62,68.59,53.92561776677415
3251,75,60800.0,1056,14.7,0.881,31,0.6321,1,55,46.72,97.16,54.67717506695848
3252,54,89000.0,14,20.11,2.143,1,0.4845,1,95,172.03,256.6,94.53003597702798
3253,31,71400.0,57,17.39,0.526,1,0.3914,1,95,27.72,124.39,96.13020221764633
3254,71,91900.0,12,13.1,2.5,1,0.5017,0,95,137.07,123.29,86.91154645796095
3255,49,70700.0,1100,20.97,0.818,30,0.6984,1,55,80.82,142.56,54.94782921548673
3256,61,74500.0,362,12.84,0.497,6,0.5036,0,55,23.79,35.62,53.94114246040181
3257,44,30000.0,5,14.88,5.0,1,0.1788,0,95,300.05,311.52,93.68401585595439
3258,83,63900.0,25,12.29,1.2,1,0.3394,1,95,59.54,158.95,96.4427438389036
3259,40,57300.0,199,12.56,0.452,3,0.3517,0,55,33.33,35.25,54.008391649113506
3260,49,89500.0,366,26.77,0.738,9,0.5959,0,55,94.23,90.05,53.60599829034665
3261,57,54800.0,149,18.34,0.604,3,0.324,0,95,41.13,45.62,93.94432344394906
3262,36,66800.0,334,10.6,1.078,12,0.4477,0,55,45.65,44.55,54.43911154279754
3263,61,70900.0,351,17.84,0.769,9,0.4781,0,55,61.42,42.73,54.19217082148116
3264,82,94700.0,676,25.51,0.843,19,0.7114,1,55,88.46,137.29,53.790533594343614
3265,47,60600.0,243,15.99,0.864,7,0.3833,0,55,47.65,55.57,54.69642673162127
3266,62,83800.0,20,20.85,5.0,5,0.4545,1,95,402.21,485.95,93.34809549349849
3267,18,30000.0,52,15.72,0.577,1,0.1875,1,95,31.19,114.73,94.08527573436344
3268,54,30900.0,161,14.86,0.559,3,0.2127,1,95,35.53,128.54,93.79335195054233
3269,50,30000.0,304,9.54,0.987,10,0.24,0,55,34.19,12.51,55.373349142608916
3270,41,78700.0,413,21.92,0.654,9,0.5452,1,55,48.59,110.88,53.420749154166046
3271,73,82700.0,846,20.97,0.816,23,0.694,0,55,63.49,69.9,53.08224300646771
3272,49,82600.0,612,31.01,1.078,22,0.6283,0,55,148.04,157.52,53.47436113711861
3273,52,50200.0,111,17.01,0.27,1,0.2899,0,95,9.03,11.24,94.17468823396831
3274,49,52000.0,907,18.47,0.893,27,0.5348,1,55,63.14,109.61,54.2231059860362
3275,22,55900.0,1031,19.68,0.698,24,0.5962,1,55,50.5,93.2,54.724017980811475
3276,36,91500.0,41,22.11,3.659,5,0.5083,1,95,338.94,439.44,85.50890100627291
3277,71,103800.0,530,21.97,0.849,15,0.72,0,35,62.51,69.67,45.80674895958012
3278,19,74500.0,69,23.47,1.739,4,0.4133,0,95,156.66,145.49,96.15269619852893
3279,42,69400.0,950,22.75,0.726,23,0.6504,0,55,66.27,53.76,54.59375619567105
3280,48,91600.0,215,34.15,0.698,5,0.5627,1,55,96.38,151.19,53.56516447391672
3281,85,65600.0,176,23.55,0.341,2,0.3927,0,95,40.79,42.15,94.90025429743258
3282,68,59400.0,100,22.71,0.9,3,0.3355,0,95,89.6,98.94,95.21330083688412
3283,46,60500.0,293,22.66,0.717,7,0.3975,0,55,59.05,65.68,54.00070136504493
3284,77,48800.0,220,13.87,0.818,6,0.3112,0,55,47.58,46.78,54.43287598748335
3285,42,58700.0,254,12.52,0.236,2,0.3755,0,55,10.13,20.48,55.521131164624336
3286,72,44900.0,690,11.72,0.739,17,0.4242,0,55,30.68,27.18,55.91517603654761
3287,32,81900.0,58,25.72,2.586,5,0.4546,1,95,273.87,365.79,86.3753015658521
3288,73,80000.0,129,29.11,1.395,6,0.465,1,95,164.16,267.65,94.88092661352546
3289,48,93600.0,237,27.71,0.759,6,0.5815,1,55,96.58,161.15,53.613255097440316
3290,38,30000.0,280,13.67,1.607,15,0.2346,1,55,91.37,156.21,54.8724735676704
3291,51,104100.0,102,34.0,0.294,1,0.6032,1,75,47.1,120.3,94.74644004301095
3292,60,33000.0,201,12.73,0.746,5,0.2302,0,55,15.97,16.68,54.21049788055713
3293,47,38200.0,540,9.99,0.5,9,0.3414,0,55,20.4,11.74,54.908736370407205
3294,64,53800.0,1100,19.33,0.709,26,0.6044,0,55,57.99,66.99,54.76126743027522
3295,45,90500.0,6,30.03,5.0,6,0.4912,1,95,604.51,693.59,96.96805804326252
3296,66,71900.0,1100,16.57,0.709,26,0.7046,0,55,59.08,39.11,55.12731803014005
3297,63,61500.0,129,10.7,0.233,1,0.3554,0,95,14.64,10.23,97.54250955229503
3298,54,48200.0,253,17.42,1.067,9,0.3168,1,55,64.38,110.82,54.976533624001355
3299,47,34500.0,454,19.03,0.859,13,0.2984,1,55,69.43,97.36,54.42762398146624
3300,58,89400.0,584,8.59,0.873,17,0.6587,0,55,36.43,30.7,54.38996207630839
3301,64,83600.0,1100,27.43,0.736,27,0.7608,0,55,75.61,83.44,53.29324934150492
3302,90,100400.0,1100,18.23,0.655,24,0.8278,1,35,44.21,83.35,51.769088145076665
3303,71,76500.0,60,25.1,0.5,1,0.4226,1,95,56.24,155.36,94.3875943572288
3304,72,30000.0,71,4.52,1.268,3,0.1911,0,95,22.7,36.96,97.06381594677875
3305,90,45900.0,368,9.51,0.734,9,0.3359,1,55,36.43,85.65,54.537278575111834
3306,64,76600.0,83,24.58,1.084,3,0.4302,1,95,107.83,191.38,94.80887040475017
3307,63,58800.0,546,24.9,0.659,12,0.4644,0,55,47.95,52.89,54.88719306265602
3308,67,55700.0,1100,18.31,0.791,29,0.6155,1,55,58.18,116.75,54.563227904240804
3309,38,38400.0,87,27.74,0.69,2,0.2286,0,95,73.16,60.5,95.8801811774265
3310,47,83300.0,58,17.38,0.517,1,0.4632,0,95,40.66,38.89,94.87420158873472
3311,46,72800.0,181,15.74,0.829,5,0.4372,0,55,55.37,60.75,55.15675909371502
3312,66,77700.0,444,20.14,0.676,10,0.5487,0,55,46.71,49.46,53.91481828324816
3313,52,51100.0,1100,15.92,0.791,29,0.5884,0,55,51.75,59.07,54.638836051849395
3314,57,69100.0,98,21.78,1.531,5,0.3901,1,95,137.46,225.74,96.60865751051486
3315,73,40500.0,284,12.36,0.951,9,0.2851,0,55,50.36,36.18,55.669637114253916
3316,70,65300.0,826,22.63,0.581,16,0.5904,1,55,60.2,106.07,55.16098459194597
3317,52,30000.0,442,17.22,0.543,8,0.2727,1,55,29.02,92.66,54.59949547209343
3318,44,30000.0,712,22.57,0.674,16,0.3442,1,55,59.4,124.75,55.10249439549326
3319,74,62000.0,366,16.85,0.574,7,0.4285,0,55,20.66,18.98,54.668665575187596
3320,68,117500.0,47,29.31,0.638,1,0.6638,0,75,84.04,99.16,94.74801251261577
3321,28,30000.0,430,17.53,0.977,14,0.2698,0,55,69.28,67.66,55.41352706535457
3322,50,37900.0,81,15.65,1.481,4,0.2252,0,95,91.82,86.69,94.6193828986458
3323,58,70200.0,1100,19.47,0.709,26,0.6958,0,55,54.19,40.08,55.20461756295291
3324,68,104800.0,326,15.4,0.92,10,0.6715,0,35,60.51,59.76,46.138064465579966
3325,70,72200.0,76,21.25,1.184,3,0.4017,1,95,108.97,214.57,96.07714895030524
3326,60,80700.0,572,25.08,0.734,14,0.6055,1,55,71.31,138.99,53.91138255172444
3327,65,59900.0,577,18.7,0.936,18,0.4807,0,55,73.29,83.98,55.46933513605585
3328,56,54500.0,584,14.26,0.668,13,0.4498,0,55,41.29,46.28,55.017803159469
3329,44,64500.0,435,11.28,0.759,11,0.4649,0,55,16.66,32.63,54.14361757462366
3330,51,50400.0,604,19.83,0.596,12,0.4311,0,55,41.61,31.92,55.06204250108661
3331,55,80200.0,699,22.2,0.601,14,0.6397,0,55,56.85,68.7,54.53889712065967
3332,54,31100.0,615,21.61,0.537,11,0.3234,1,55,56.29,114.1,54.52926280629495
3333,23,77300.0,712,14.35,0.632,15,0.6269,0,55,47.15,49.26,54.759170270046305
3334,48,64400.0,30,17.31,1.0,1,0.3436,1,95,59.44,140.21,96.50781586521805
3335,56,60700.0,41,12.5,0.732,1,0.3264,0,95,44.6,48.01,95.83485290253847
3336,50,30000.0,916,19.63,0.721,22,0.4035,0,55,64.88,76.42,54.42915501866409
3337,51,43600.0,564,22.74,0.691,13,0.3789,1,55,66.16,99.87,54.310214710206495
3338,63,91800.0,576,33.38,1.042,20,0.6696,1,55,122.97,185.92,54.221625166805175
3339,37,57000.0,234,21.16,0.256,2,0.36,0,55,17.37,0.0,55.24357301333965
3340,27,65200.0,58,23.73,0.517,1,0.356,0,95,49.94,35.77,96.16432342320755
3341,49,45300.0,807,18.98,0.669,18,0.4626,1,55,48.9,102.96,54.76679047559718
3342,68,67000.0,521,22.92,0.749,13,0.507,0,55,51.32,67.15,54.896813543833936
3343,84,42000.0,786,16.55,0.802,21,0.436,0,55,51.0,49.72,55.294720324988944
3344,68,69700.0,893,23.55,0.806,24,0.6358,1,55,68.48,128.18,54.19368480304554
3345,30,67800.0,208,30.87,1.154,8,0.4153,1,55,147.22,193.12,54.16407264065855
3346,51,70900.0,1100,21.73,0.736,27,0.6994,0,55,67.81,65.87,54.65424791025214
3347,59,46800.0,130,17.14,0.462,2,0.2777,0,95,35.86,35.31,93.86407987431352
3348,58,58400.0,210,19.75,1.429,10,0.361,0,55,109.94,126.23,54.75118689028678
3349,64,78100.0,597,20.97,0.352,7,0.5976,0,55,29.69,22.22,54.40199849778391
3350,39,57400.0,424,19.84,0.778,11,0.4185,1,55,61.07,109.48,53.99965969897023
3351,56,59200.0,69,17.97,1.304,3,0.3259,0,95,101.04,111.81,95.70422369334662
3352,62,106400.0,62,31.68,3.387,7,0.6049,1,75,424.93,497.47,91.93590673673114
3353,69,47800.0,597,22.39,0.503,10,0.4134,1,55,38.99,95.12,54.74520358125765
3354,41,84900.0,231,33.56,0.649,5,0.5268,0,55,94.81,99.17,53.52028291440417
3355,49,39600.0,297,15.82,0.303,3,0.2839,0,55,25.74,19.38,55.94856686776065
3356,18,71400.0,35,22.15,0.857,1,0.3849,0,95,79.66,59.13,96.5367540082466
3357,44,77700.0,1100,22.89,0.736,27,0.7334,1,55,80.02,145.77,54.22392706833212
3358,46,52500.0,31,18.87,2.903,3,0.2811,0,95,235.83,236.99,86.23432014260979
3359,38,36000.0,75,21.05,2.0,5,0.2158,0,95,178.25,165.48,94.92142118302209
3360,58,30000.0,38,6.38,0.789,1,0.1849,0,95,14.16,21.94,96.57084853944481
3361,54,51900.0,75,20.09,1.6,4,0.2893,1,95,135.22,250.32,95.33758047806552
3362,18,68700.0,53,30.28,0.566,1,0.3745,0,95,69.44,81.36,95.29039524653555
3363,59,43200.0,93,23.29,1.29,4,0.2515,1,95,115.68,231.49,95.11076627940734
3364,39,63800.0,410,25.81,1.024,14,0.4529,0,55,99.79,87.51,55.23685661845875
3365,63,35600.0,145,19.55,0.621,3,0.2292,0,95,50.72,53.21,94.2924161789695
3366,33,55700.0,180,15.38,1.333,8,0.3375,1,55,88.54,147.09,57.09630021383617
3367,56,41100.0,17,12.42,1.765,1,0.225,0,95,98.72,97.55,95.10924473624344
3368,50,62400.0,413,15.65,0.872,12,0.4453,0,55,59.98,56.7,54.1028515174801
3369,60,55500.0,971,12.63,0.834,27,0.5757,1,55,46.73,72.13,54.567319782929516
3370,57,40400.0,567,20.79,0.899,17,0.3614,0,55,73.11,90.04,54.34746040854188
3371,51,50400.0,130,24.9,0.231,1,0.2958,0,95,24.74,8.57,94.14949736799899
3372,29,40200.0,362,18.2,0.663,8,0.3038,1,55,36.31,100.34,54.05620616878294
3373,30,32400.0,548,18.88,0.821,15,0.3122,1,55,66.52,121.63,54.696069605223414
3374,45,85700.0,502,24.32,0.837,14,0.614,1,55,84.88,139.57,53.729460358791926
3375,55,57400.0,661,21.45,0.772,17,0.4915,0,55,81.55,79.5,54.38497978667634
3376,45,30000.0,26,3.91,5.0,5,0.1826,0,95,77.88,79.87,98.63975919849291
3377,66,54100.0,657,19.69,0.594,13,0.47,1,55,56.31,117.72,55.88031164693689
3378,50,83200.0,255,20.35,0.706,6,0.5238,1,55,53.67,118.19,53.743113487811314
3379,39,45800.0,98,16.67,0.306,1,0.265,0,95,33.98,32.72,94.087837120593
3380,50,95500.0,593,25.45,0.86,17,0.6939,1,55,99.14,142.09,52.66068885918728
3381,59,47800.0,381,13.59,0.866,11,0.3501,1,55,56.13,98.73,53.91996263219306
3382,61,76800.0,1100,16.14,1.036,38,0.729,1,55,67.37,132.76,54.82429969343091
3383,87,93200.0,257,20.25,1.167,10,0.5851,1,55,92.75,145.04,54.63872454118434
3384,44,72300.0,1100,13.6,0.764,28,0.7066,1,55,38.59,83.35,54.870711764207535
3385,54,35900.0,168,9.61,0.893,5,0.2356,0,95,26.55,19.13,96.09934910225032
3386,62,46600.0,26,11.9,1.154,1,0.2516,0,95,58.67,57.73,95.73958861891614
3387,55,89600.0,872,16.26,0.757,22,0.7351,1,55,47.25,89.41,53.09559243690775
3388,46,46300.0,668,19.59,0.808,18,0.4259,0,55,66.38,66.06,54.822974106908305
3389,29,80300.0,1100,17.54,0.6,22,0.7457,1,55,43.45,110.99,54.08053148234005
3390,46,54200.0,301,8.81,0.797,8,0.3633,0,55,19.5,18.31,54.405607485661236
3391,37,64400.0,481,17.65,0.748,12,0.4785,1,55,61.3,98.62,54.136186614534346
3392,26,30100.0,19,8.95,5.0,6,0.1817,0,95,179.77,188.45,98.63975919849291
3393,41,49400.0,1100,24.71,0.736,27,0.5782,1,55,79.64,145.75,54.32903832330147
3394,37,43000.0,30,17.11,1.0,1,0.2362,0,95,59.12,70.75,94.09645836551724
3395,65,71700.0,474,13.4,0.823,13,0.5212,1,55,38.0,93.59,54.13764446269535
3396,65,69000.0,48,23.19,0.625,1,0.3748,0,95,54.84,78.15,95.96225053302004
3397,40,71700.0,1100,21.18,0.736,27,0.7035,0,55,64.3,71.66,54.73496325720245
3398,51,53900.0,1100,16.89,0.655,24,0.605,1,55,43.42,128.32,54.92769660251054
3399,23,39100.0,51,23.74,0.588,1,0.2238,0,95,66.75,80.27,94.29928573753448
3400,47,67200.0,55,15.2,0.545,1,0.3665,1,95,41.41,148.4,96.21617695598835
3401,62,44800.0,110,21.9,0.545,2,0.2631,1,95,41.89,130.67,94.19524692037388
3402,69,90400.0,1071,21.51,0.812,29,0.7838,1,55,93.43,138.95,53.65346707675149
3403,43,60200.0,111,18.94,0.27,1,0.343,0,95,19.78,20.93,94.27783688604616
3404,73,61800.0,359,15.52,0.669,8,0.4251,0,55,51.86,49.94,54.49086378837013
3405,29,69500.0,380,16.99,0.868,11,0.4785,0,55,56.71,51.34,53.56893024203398
3406,34,59200.0,8,16.7,3.75,1,0.3095,0,95,255.5,254.2,84.86457534792319
3407,67,32600.0,72,5.39,4.167,10,0.2014,0,95,97.44,95.46,93.0125905006189
3408,83,48300.0,329,18.98,0.821,9,0.3382,1,55,50.3,98.89,54.48942208284593
3409,63,88800.0,112,23.89,0.268,1,0.5138,1,95,39.59,141.16,93.51651792035264
3410,54,66600.0,99,12.5,0.303,1,0.3758,1,95,8.9,96.38,95.94423097197465
3411,18,30000.0,16,17.8,1.875,1,0.1808,0,95,130.71,130.28,95.26975877591305
3412,21,65600.0,131,27.13,0.229,1,0.3794,0,95,20.01,7.87,94.59102523285216
3413,57,53700.0,178,14.73,1.011,6,0.326,0,95,55.03,56.03,92.17749022083993
3414,49,45400.0,15,12.89,2.0,1,0.2435,0,95,98.96,100.97,94.90217150244632
3415,36,37200.0,336,21.15,0.625,7,0.2818,0,55,43.32,33.71,53.87127174050486
3416,56,86200.0,238,24.95,1.134,9,0.5369,0,55,119.26,119.97,54.2539959885044
3417,57,30000.0,57,13.82,0.526,1,0.1885,0,95,30.0,29.02,94.45104075580122
3418,71,50600.0,409,21.66,0.88,12,0.374,0,55,75.14,70.53,54.55970072206862
3419,57,67900.0,608,21.56,0.493,10,0.5395,1,55,50.65,101.13,54.291233124832445
3420,76,102300.0,296,32.49,0.608,6,0.6494,0,35,93.15,97.63,45.67111913593005
3421,55,76600.0,82,21.41,0.366,1,0.4298,0,95,18.86,19.15,94.93886807076522
3422,53,46800.0,409,19.15,0.807,11,0.3524,0,55,74.8,84.38,53.84898231018842
3423,73,100700.0,419,30.6,0.501,7,0.6748,0,35,61.14,50.77,45.702811264631784
3424,38,33100.0,42,2.73,5.0,7,0.1974,0,95,43.79,41.92,98.63975919849291
3425,90,77600.0,70,27.31,0.429,1,0.4322,0,95,50.17,44.02,94.51589701297624
3426,61,76400.0,7,18.93,5.0,4,0.4059,1,95,377.66,473.27,93.42466026236707
3427,61,47700.0,57,19.65,2.105,4,0.2641,0,95,172.34,175.03,94.8829526386591
3428,64,81400.0,87,30.53,1.034,3,0.4605,1,95,127.44,210.62,95.10576662000125
3429,87,60600.0,218,17.56,0.826,6,0.3759,0,55,60.87,66.8,54.53105467777245
3430,68,82200.0,1100,20.05,0.9,33,0.7545,0,55,68.7,90.33,53.750781815174356
3431,28,30000.0,100,14.23,3.0,10,0.1968,0,95,162.53,164.24,86.04415133597848
3432,79,76800.0,301,14.26,0.698,7,0.4988,0,55,45.75,37.07,54.406420091125106
3433,49,55100.0,612,29.26,0.784,16,0.4622,1,55,87.56,139.64,53.73124620695799
3434,57,89500.0,1,23.21,5.0,1,0.4835,0,95,467.42,464.18,93.48889350769032
3435,33,59700.0,765,27.18,0.627,16,0.5379,0,55,80.05,73.38,54.59278375369355
3436,64,93000.0,132,22.28,1.136,5,0.5457,1,95,99.96,202.19,93.79684020320889
3437,44,73500.0,339,21.2,0.796,9,0.4903,0,55,73.1,54.87,53.5999917693512
3438,57,62700.0,841,24.13,0.571,16,0.5794,0,55,54.87,57.59,54.62780135286018
3439,50,80500.0,77,16.56,1.169,3,0.452,0,95,74.52,87.42,95.02570204580083
3440,88,88300.0,167,22.73,0.898,5,0.5278,1,95,69.15,176.41,93.71374464744939
3441,89,81700.0,27,26.79,1.111,1,0.4439,1,95,118.74,223.98,94.23196890765378
3442,56,30000.0,419,13.43,0.573,8,0.2671,0,55,29.47,22.87,54.48578094916225
3443,56,44600.0,292,14.27,0.925,9,0.3082,0,55,45.83,60.41,54.85759046308053
3444,49,92900.0,294,29.51,1.224,12,0.5945,1,55,128.2,186.87,54.10847797886678
3445,74,42400.0,245,23.37,0.857,7,0.2848,0,55,66.75,80.98,54.41523102756988
3446,49,82300.0,60,30.15,2.0,4,0.4577,1,95,255.48,361.3,94.9240791657795
3447,48,78400.0,83,18.39,0.361,1,0.441,1,95,26.86,125.0,95.00645739769902
3448,72,53200.0,657,15.08,0.685,15,0.4645,1,55,29.83,82.38,55.70276456382945
3449,46,30000.0,301,12.14,0.897,9,0.2393,1,55,38.74,117.38,54.9499583392487
3450,54,52900.0,731,21.53,0.575,14,0.4856,0,55,49.6,31.8,55.05219988359467
3451,28,103200.0,181,19.5,0.829,5,0.6213,1,35,68.25,101.52,47.45729454343594
3452,67,49300.0,933,11.69,0.804,25,0.5263,0,55,35.73,21.68,54.6223732250125
3453,88,54900.0,280,14.66,0.75,7,0.3613,0,55,60.15,61.32,54.58378468455956
3454,67,46500.0,189,12.28,0.952,6,0.2911,0,55,63.31,66.88,55.02910131457312
3455,80,95500.0,171,28.75,0.702,4,0.5728,1,95,83.79,172.36,94.72755797126494
3456,41,57100.0,421,22.65,0.641,9,0.4158,1,55,55.14,104.47,54.143892830718784
3457,59,52700.0,8,15.5,3.75,1,0.2764,0,95,235.56,222.35,84.98797763227716
3458,39,91500.0,422,22.76,0.711,10,0.6242,0,55,54.1,58.62,53.494707611162916
3459,51,76400.0,29,8.76,5.0,5,0.4126,0,95,183.2,178.53,98.35242557612173
3460,68,48300.0,504,14.96,0.952,16,0.3886,1,55,58.34,117.57,55.838381242224244
3461,57,39700.0,1100,22.17,0.709,26,0.5192,1,55,53.22,102.98,54.514937421923875
3462,31,84500.0,150,20.12,0.6,3,0.4991,1,95,43.61,141.09,94.02147591270653
3463,33,61000.0,267,13.69,0.562,5,0.3927,0,55,35.36,42.76,54.15878182089383
3464,32,30000.0,1002,21.38,0.719,24,0.4295,0,55,48.17,52.95,54.42402911235863
3465,63,30000.0,65,8.93,0.923,2,0.19,1,95,25.82,122.93,96.47461769782217
3466,90,48600.0,1100,25.02,0.845,31,0.5734,1,55,80.84,134.81,54.13880645780364
3467,78,43600.0,841,30.98,0.999,28,0.4627,0,55,131.6,136.37,53.74353216605572
3468,23,30000.0,150,13.95,0.2,1,0.2068,0,95,24.87,18.85,93.95563373854144
3469,79,46700.0,302,23.22,0.993,10,0.3221,0,55,95.26,93.3,55.72251094471252
3470,71,48900.0,282,8.99,0.957,9,0.3285,1,55,9.13,67.6,55.39677247569121
3471,29,50100.0,745,8.95,0.725,18,0.4727,0,55,17.02,32.39,54.78902835497298
3472,50,99600.0,223,20.96,0.269,2,0.6128,1,55,50.52,99.4,49.46490591611216
3473,74,63200.0,377,23.59,0.796,10,0.4391,0,55,76.37,67.52,54.87615877347591
3474,64,63300.0,54,19.5,4.444,8,0.3442,0,95,325.78,328.63,87.4283279110075
3475,33,71300.0,470,19.76,0.83,13,0.5175,0,55,84.59,96.66,53.342605133913445
3476,65,62000.0,128,12.85,0.234,1,0.3579,1,95,1.34,104.46,94.97116422329933
3477,19,66200.0,267,19.29,0.674,6,0.4236,0,55,56.59,56.81,54.203609582976625
3478,51,70100.0,322,17.3,0.466,5,0.4642,1,55,23.08,90.33,54.315843267356996
3479,74,71400.0,11,16.1,2.727,1,0.3778,1,95,193.24,270.13,86.25827373601528
3480,55,120000.0,116,22.96,1.293,5,0.6959,1,75,107.41,192.53,93.99980041996605
3481,47,82500.0,878,23.33,0.683,20,0.7013,1,55,59.06,110.91,53.14925646565547
3482,70,45300.0,203,13.19,0.148,1,0.2887,1,55,16.2,77.5,55.340911546568165
3483,72,76200.0,327,21.4,0.826,9,0.5032,1,55,66.28,131.36,54.33001619672439
3484,77,52800.0,34,9.07,0.882,1,0.2834,0,95,35.89,37.83,97.45891539062389
3485,70,77400.0,1100,24.13,0.682,25,0.7319,1,55,72.47,128.17,54.458698730480364
3486,73,39700.0,1100,17.16,0.682,25,0.5192,1,55,48.23,99.31,55.01025491513234
3487,67,44100.0,275,15.46,0.873,8,0.3012,1,55,45.1,117.01,55.04729655829905
3488,60,73200.0,12,21.79,2.5,1,0.3886,0,95,211.6,215.05,86.63733116797917
3489,57,86400.0,706,27.63,0.85,20,0.676,0,55,90.87,93.1,54.01745229321398
3490,51,74800.0,199,13.98,1.206,8,0.4548,0,55,72.14,87.23,54.66067297972275
3491,34,78700.0,117,22.14,0.513,2,0.4533,0,95,51.92,46.9,94.49438356893057
3492,39,69700.0,284,13.93,0.634,6,0.45,0,55,36.97,34.47,54.36467469199663
3493,50,67600.0,1100,20.58,0.764,28,0.6821,0,55,68.51,77.88,54.94357390579631
3494,59,55200.0,164,16.99,0.732,4,0.3303,0,95,37.01,54.76,94.30838789785275
3495,79,86900.0,84,22.91,0.357,1,0.4934,0,95,35.1,35.54,93.97393534922378
3496,54,86300.0,822,27.19,0.949,26,0.7063,1,55,102.69,161.56,53.16514953739939
3497,72,67100.0,272,24.16,0.993,9,0.4305,1,55,99.93,139.04,55.72016212744443
3498,73,66100.0,180,25.35,0.5,3,0.3968,0,55,56.72,69.54,55.9266524731568
3499,51,97600.0,271,22.66,0.111,1,0.6153,0,55,1.65,0.0,52.115884748689915
3500,65,66600.0,162,23.51,0.741,4,0.3944,0,95,68.8,63.41,95.5407506916013
3501,51,65800.0,242,22.4,0.496,4,0.4136,0,55,55.12,57.0,53.26432109240671
3502,77,79600.0,550,20.08,0.764,14,0.5924,1,55,63.8,112.31,54.5648850647233
3503,66,65100.0,84,20.35,0.357,1,0.3629,0,95,28.26,8.86,95.91898276631956
3504,35,43800.0,162,15.91,0.556,3,0.2709,1,95,25.64,108.28,93.4155266224429
3505,58,73500.0,561,28.0,0.695,13,0.5591,0,55,82.18,83.17,54.01253940901143
3506,83,69800.0,186,24.52,0.645,4,0.4206,1,55,52.14,122.1,53.36432151553778
3507,52,103100.0,535,23.79,0.729,13,0.7178,0,35,67.94,82.1,45.691514620340016
3508,63,83200.0,51,20.45,0.588,1,0.4604,1,95,44.17,142.99,94.70793207788275
3509,64,54300.0,278,22.93,1.295,12,0.3573,0,55,121.92,123.49,54.76048615725356
3510,37,76700.0,25,28.2,1.2,1,0.4131,0,95,130.57,138.55,94.97847542329674
3511,64,73300.0,297,22.57,0.505,5,0.476,1,55,42.96,111.22,53.7142696382876
3512,31,87700.0,29,26.45,1.034,1,0.4812,1,95,102.11,198.28,93.80232047714529
3513,44,51800.0,201,24.29,0.448,3,0.322,1,55,41.54,98.05,53.53572751920682
3514,73,72600.0,436,20.02,0.482,7,0.5149,0,55,40.32,42.35,54.08934841624375
3515,61,64100.0,282,20.03,1.064,10,0.4156,0,55,82.47,92.56,55.20192327627333
3516,50,65200.0,415,22.21,0.723,10,0.463,1,55,61.72,103.04,53.919598426370605
3517,63,48000.0,226,15.06,1.062,8,0.3086,0,55,65.29,65.45,54.94740883386033
3518,54,76900.0,26,30.03,5.0,5,0.4146,1,95,608.61,707.61,96.89474814348489
3519,55,73800.0,1079,18.88,0.667,24,0.7088,0,55,56.33,37.4,54.756679748155705
3520,66,94200.0,19,24.44,1.579,1,0.518,1,95,144.01,248.18,93.78510249666374
3521,43,62400.0,275,28.94,1.2,11,0.4033,1,55,145.05,210.81,54.5465710892789
3522,56,56600.0,652,9.18,0.782,17,0.4838,0,55,39.66,20.2,54.84469592685889
3523,50,80600.0,68,23.17,1.324,3,0.4498,0,95,128.35,124.22,94.97416098105589
3524,28,42900.0,813,13.13,0.849,23,0.4498,1,55,25.28,76.48,54.200559236289365
3525,39,84600.0,122,22.69,1.475,6,0.491,1,95,135.99,222.1,94.39441800620135
3526,82,93100.0,22,17.94,2.727,2,0.5122,0,95,206.76,199.25,86.36700190840935
3527,62,92800.0,3,22.07,5.0,4,0.5044,1,95,437.81,527.59,93.54298446935476
3528,32,68300.0,54,20.37,0.556,1,0.3725,0,95,68.5,74.6,96.4382581739485
3529,29,49600.0,612,18.63,0.833,17,0.4287,0,55,44.63,57.11,54.43907207919544
3530,53,66900.0,242,24.51,0.744,6,0.4202,1,55,74.11,134.63,53.45244390687372
3531,82,78400.0,285,10.14,1.053,10,0.5036,0,55,48.5,39.36,55.22280911951421
3532,52,52600.0,231,17.26,0.519,4,0.3346,0,55,37.21,45.12,53.973016474853836
3533,77,97400.0,307,23.74,0.293,3,0.6247,1,55,29.06,90.1,52.13794529189762
3534,61,78400.0,59,21.44,1.525,3,0.4337,1,95,122.46,188.13,95.35536986848287
3535,63,47900.0,83,17.35,0.361,1,0.2714,0,95,20.45,32.85,94.88627962127151
3536,32,99900.0,663,20.83,0.588,13,0.7338,1,55,53.58,109.92,47.4027182228223
3537,71,70200.0,101,12.8,1.782,6,0.3974,1,95,74.33,171.04,96.1088062301446
3538,49,40800.0,69,17.21,2.174,5,0.2352,0,95,156.9,139.47,94.04339999332912
3539,70,50600.0,626,12.62,0.719,15,0.4391,0,55,35.38,51.52,55.44965353611204
3540,41,93400.0,491,26.02,0.183,3,0.6548,0,55,23.46,26.83,54.65649920628838
3541,58,103900.0,615,20.9,0.829,17,0.7413,1,35,76.08,118.83,45.88022987484803
3542,61,87400.0,31,26.57,2.903,3,0.48,0,95,338.37,325.14,87.73124729706645
3543,52,92100.0,46,23.54,1.957,3,0.5135,0,95,195.46,200.58,94.55735951922537
3544,62,91900.0,349,23.86,0.86,10,0.605,1,55,72.46,132.78,53.81269296667857
3545,50,75700.0,258,20.12,0.698,6,0.4786,1,55,73.47,126.91,53.87800387298829
3546,44,69700.0,175,18.42,0.514,3,0.4167,0,95,16.16,3.23,95.06628877945502
3547,82,81700.0,414,21.09,0.507,7,0.5637,1,55,39.22,93.61,54.20523401182242
3548,73,84100.0,832,28.52,0.685,19,0.6976,1,55,79.53,124.98,53.73851931710298
3549,42,46800.0,417,9.35,0.791,11,0.3547,1,55,26.99,75.01,54.1532672154152
3550,65,82400.0,1095,19.12,0.767,28,0.7542,0,55,60.91,72.51,53.67673279427395
3551,42,93000.0,113,29.23,1.327,5,0.5398,1,95,153.8,249.67,94.99476785715586
3552,35,56700.0,85,22.6,0.353,1,0.3168,1,95,42.19,136.38,94.84907457063284
3553,73,62000.0,61,26.02,0.492,1,0.339,1,95,47.35,130.59,95.0236684560307
3554,26,69200.0,589,20.08,0.713,14,0.5416,0,55,56.34,55.89,54.34269767989886
3555,71,54600.0,896,11.6,0.636,19,0.5473,0,55,43.68,42.18,55.06116099169251
3556,51,36500.0,420,9.94,0.786,11,0.2998,0,55,39.0,29.18,54.2909545390945
3557,51,88300.0,24,21.75,1.25,1,0.4833,1,95,107.39,213.24,94.46019215182342
3558,62,56900.0,98,22.34,1.837,6,0.3214,1,95,167.93,273.3,95.81791639321808
3559,65,67400.0,10,18.84,3.0,1,0.3547,1,95,241.06,328.32,86.15703689340664
3560,41,49400.0,1100,15.75,0.873,32,0.5782,1,55,43.92,102.88,54.634581226939915
3561,67,94200.0,158,26.11,1.139,6,0.561,1,95,110.26,186.73,93.26466650623202
3562,57,83300.0,40,22.63,0.75,1,0.4576,1,95,63.29,161.48,94.53363449245536
3563,34,55700.0,387,16.15,1.24,16,0.3972,0,55,81.84,89.65,54.37096675555599
3564,52,39600.0,102,10.93,0.882,3,0.2372,0,95,46.31,35.08,96.21946761933204
3565,78,62300.0,1100,24.08,0.764,28,0.6532,0,55,67.47,67.62,54.64456391558457
3566,84,82800.0,388,27.66,0.773,10,0.5624,0,55,77.99,79.27,54.49950464453169
3567,67,71400.0,435,15.42,0.828,12,0.5073,0,55,40.58,69.47,54.19441009024152
3568,35,63300.0,303,17.48,0.891,9,0.4171,0,55,54.76,80.57,54.578632879298205
3569,63,71000.0,62,23.98,0.484,1,0.3905,0,95,41.18,44.4,95.93223023797745
3570,69,83700.0,31,16.87,0.968,1,0.4573,0,95,48.01,41.38,94.71270662325998
3571,67,66500.0,198,21.8,0.758,5,0.4045,1,55,61.61,119.05,53.75011769334725
3572,68,77100.0,991,19.93,0.817,27,0.703,1,55,56.74,123.0,54.35223978344807
3573,61,45500.0,4,10.74,5.0,2,0.2415,1,95,213.49,291.75,98.46032316044837
3574,54,118400.0,1100,36.65,0.764,28,0.8822,1,35,125.59,139.67,51.072878667289416
3575,45,57000.0,355,16.84,0.592,7,0.3954,0,55,27.13,15.67,54.49447564487586
3576,23,62900.0,108,22.06,0.278,1,0.3573,1,95,32.64,135.27,95.18797300621415
3577,61,78100.0,455,16.11,0.527,8,0.5545,0,55,47.3,55.51,53.72019602535284
3578,58,57000.0,125,26.31,1.2,5,0.3293,0,95,134.01,138.43,95.16575644205653
3579,64,67000.0,38,29.79,0.789,1,0.3604,0,95,96.76,107.86,95.36347165955324
3580,32,60300.0,190,11.53,0.632,4,0.3661,0,55,39.66,37.84,53.69295640752621
3581,66,48000.0,107,16.38,0.841,3,0.2779,1,95,60.17,152.46,94.43450145742538
3582,90,81200.0,1100,28.82,0.764,28,0.7499,1,55,96.96,155.81,53.43248450682442
3583,56,30600.0,121,12.25,0.744,3,0.2033,0,95,37.41,54.52,94.17802800127096
3584,54,101600.0,127,27.29,0.236,1,0.596,1,75,17.28,96.39,93.76218140995464
3585,60,82700.0,150,14.0,1.0,5,0.4881,0,95,65.31,64.35,94.40384246405887
3586,90,85400.0,386,18.87,0.699,9,0.5775,0,55,73.64,77.67,54.434917186741174
3587,38,30000.0,337,16.03,0.712,8,0.2476,0,55,42.93,57.16,54.26875169096415
3588,58,49000.0,868,14.4,0.864,25,0.5042,0,55,49.95,46.35,54.30595050941995
3589,41,91400.0,483,21.91,0.87,14,0.6413,1,55,77.14,127.66,53.50066559496729
3590,46,120000.0,33,20.42,0.909,1,0.6736,1,75,62.49,132.75,94.49969421151361
3591,54,89900.0,1017,26.76,0.737,25,0.7701,1,55,72.1,135.26,53.189017287404674
3592,78,91400.0,28,17.01,5.0,5,0.5036,0,95,342.64,334.84,93.4427806402707
3593,86,82200.0,62,30.03,0.484,1,0.4577,0,95,57.39,63.79,94.96272023851583
3594,63,48800.0,59,13.91,1.017,2,0.2699,0,95,56.72,42.01,94.6573499292526
3595,49,84700.0,740,26.71,0.811,20,0.6761,1,55,86.86,139.26,53.92406430115457
3596,90,48900.0,663,20.85,0.769,17,0.4401,1,55,63.2,117.62,54.97059479931165
3597,48,38200.0,562,10.8,0.694,13,0.3476,0,55,23.86,41.73,55.02644081559272
3598,45,36300.0,1100,12.57,0.682,25,0.4983,0,55,37.77,47.47,54.888262018196166
3599,25,79500.0,52,19.64,0.577,1,0.4382,1,95,47.96,139.4,95.2416016498837
3600,79,68600.0,5,18.34,5.0,2,0.3601,0,95,359.76,354.57,93.42877492636353
3601,71,70300.0,35,14.06,4.286,5,0.3785,0,95,244.36,237.62,86.51514167754394
3602,90,71700.0,97,23.42,0.309,1,0.4051,0,95,23.96,12.74,95.44154419076301
3603,31,36600.0,396,12.05,1.136,15,0.2941,0,55,59.98,76.14,54.476104677710744
3604,80,55900.0,442,17.81,0.679,10,0.4149,0,55,48.03,40.47,54.676208158688056
3605,56,52200.0,7,22.86,5.0,3,0.2737,0,95,460.35,477.56,93.37110202873536
3606,69,38300.0,611,18.6,0.638,13,0.3621,0,55,48.88,49.87,55.88961842054185
3607,27,48800.0,514,14.21,0.467,8,0.3944,1,55,26.09,80.27,54.703758932788254
3608,80,47300.0,112,22.3,0.268,1,0.2757,0,95,26.52,27.5,94.1636713361947
3609,68,79700.0,968,25.28,0.713,23,0.7103,1,55,78.84,145.94,53.60647128148703
3610,54,78700.0,617,18.28,0.827,17,0.6071,1,55,61.43,107.89,53.954263953336465
3611,66,40000.0,128,13.43,0.703,3,0.245,0,95,38.6,43.68,93.97554894279253
3612,42,56200.0,27,23.43,1.111,1,0.2988,0,95,101.29,100.9,95.50307975245231
3613,45,102000.0,211,29.19,1.28,9,0.6232,1,35,134.9,173.94,46.46940544708646
3614,47,42800.0,310,8.91,0.774,8,0.3036,0,55,27.86,25.81,54.59588532364008
3615,24,67800.0,49,15.14,1.224,2,0.3682,1,95,63.99,155.39,96.50741033893264
3616,70,70200.0,197,24.01,2.132,14,0.4263,1,55,200.23,260.48,54.40286227774886
3617,75,92000.0,699,17.93,0.73,17,0.7036,0,55,45.43,31.62,55.446032582684666
3618,43,68800.0,283,24.34,0.53,5,0.4442,1,55,45.86,114.8,53.52673279876212
3619,61,57100.0,661,28.24,0.817,18,0.4896,1,55,87.05,143.13,54.17973089326064
3620,50,65400.0,146,21.68,1.233,6,0.3826,0,95,110.81,105.32,96.20034140401597
3621,61,67900.0,713,15.57,0.799,19,0.5717,1,55,52.42,111.11,55.27414997865503
3622,44,60900.0,146,20.02,0.822,4,0.3569,0,95,66.71,59.77,94.45057724134466
3623,40,34300.0,681,20.32,0.925,21,0.3595,1,55,84.86,140.65,54.98147038689036
3624,73,94700.0,339,24.7,1.15,13,0.6184,1,55,138.09,193.94,54.27577396054174
3625,54,87200.0,40,25.5,0.75,1,0.4815,1,95,80.56,188.14,93.54032024723601
3626,89,49900.0,172,13.49,0.349,2,0.3042,0,95,26.1,28.88,94.10080791223552
3627,56,58900.0,594,15.22,0.808,16,0.4799,0,55,51.43,40.24,54.63310385169646
3628,39,57100.0,97,23.1,0.309,1,0.3222,0,95,33.74,39.55,94.67063130442043
3629,76,44900.0,613,13.17,0.881,18,0.401,1,55,33.42,95.63,55.044638733807055
3630,66,30000.0,41,2.0,1.463,2,0.1854,0,95,0.0,0.0,97.0675051235088
3631,67,53300.0,40,16.46,5.0,9,0.2874,0,95,312.29,300.41,93.26378770191577
3632,75,61500.0,226,20.8,1.327,10,0.3835,1,55,105.41,180.51,54.78875645535418
3633,44,32500.0,392,20.17,0.536,7,0.2726,0,55,54.18,50.86,54.3790754398599
3634,53,68300.0,677,28.47,0.665,15,0.5632,1,55,77.77,129.69,54.61598508415259
3635,52,88800.0,507,23.74,0.414,7,0.6334,0,55,36.19,35.84,53.924614639840826
3636,33,78300.0,458,25.04,0.328,5,0.5566,0,55,37.41,31.0,53.84721239448946
3637,51,61500.0,422,19.83,0.782,11,0.4426,0,55,64.85,47.13,54.14337479756685
3638,78,31000.0,124,16.42,0.242,1,0.2055,0,95,5.05,0.0,94.1509892243216
3639,59,80800.0,671,21.19,0.984,22,0.6351,1,55,87.15,135.77,54.6745841018171
3640,32,63500.0,157,21.46,1.338,7,0.3749,0,95,121.51,116.48,95.99085953462148
3641,29,68700.0,246,16.66,0.61,5,0.4323,0,55,57.46,49.76,53.96530520273842
3642,83,111300.0,625,36.6,0.72,15,0.7768,0,35,104.77,89.85,45.97893017163444
3643,53,47300.0,81,5.14,2.222,6,0.268,0,95,59.23,53.7,97.14130840366424
3644,44,30000.0,160,17.35,1.688,9,0.2089,1,95,113.91,220.06,94.91677031561379
3645,50,41900.0,133,17.88,0.226,1,0.2549,0,95,34.78,28.06,94.06987870187668
3646,30,70200.0,1100,22.39,0.655,24,0.6958,1,55,53.9,107.08,54.769331695377865
3647,79,70400.0,491,14.65,0.672,11,0.5185,0,55,44.52,58.96,54.68487959690123
3648,48,38100.0,128,7.32,0.938,4,0.2364,0,95,29.76,22.88,95.90686029610194
3649,78,39800.0,78,19.0,0.385,1,0.2328,0,95,41.18,71.75,94.54516533084518
3650,56,57800.0,103,25.38,1.165,4,0.3276,0,95,129.11,138.03,95.53714644701816
3651,79,43600.0,600,17.64,1.05,21,0.3895,1,55,65.75,121.52,55.580737791608094
3652,59,76700.0,175,25.53,0.171,1,0.459,1,95,14.77,107.29,93.70414827132342
3653,70,59400.0,91,16.62,0.33,1,0.333,1,95,38.95,147.37,95.26814172594734
3654,67,54200.0,671,19.79,0.581,13,0.4749,0,55,46.78,39.85,55.90994197897704
3655,66,51300.0,266,23.82,0.451,4,0.3372,1,55,49.48,100.16,53.772023549835446
3656,61,71700.0,566,19.19,0.689,13,0.5497,1,55,44.32,115.4,54.74372397689668
3657,51,65100.0,622,25.69,0.627,13,0.5267,1,55,62.46,113.71,54.51315741664937
3658,88,75800.0,269,13.2,0.892,8,0.4827,0,55,41.43,36.76,54.76310180154865
3659,40,65800.0,753,16.8,0.757,19,0.5713,0,55,58.28,51.65,54.894914533341016
3660,55,63500.0,116,22.25,1.034,4,0.363,0,95,97.93,78.6,96.02216201466044
3661,55,43300.0,13,26.01,2.308,1,0.2337,0,95,249.91,260.06,92.25789040946754
3662,62,51100.0,176,17.74,0.682,4,0.3116,0,95,39.71,39.28,93.71434135836932
3663,48,55300.0,199,13.13,0.603,4,0.3405,0,55,36.06,46.76,53.87117989126071
3664,60,109400.0,397,35.81,0.68,9,0.7144,1,35,97.56,130.88,45.691879374858786
3665,52,36100.0,292,14.78,0.925,9,0.2655,0,55,35.13,30.91,55.168909404902855
3666,28,50800.0,848,20.94,0.531,15,0.5091,0,55,48.18,41.55,54.45241926506977
3667,55,67100.0,1036,18.39,0.782,27,0.6618,1,55,67.86,129.7,54.79251671245396
3668,36,54800.0,348,18.93,0.517,6,0.3804,0,55,51.71,43.67,54.10653406475679
3669,26,81800.0,748,19.46,0.722,18,0.6625,1,55,55.92,114.76,54.46036697733961
3670,57,58900.0,1100,30.12,0.627,23,0.634,1,55,82.18,137.56,54.6701439229173
3671,63,61700.0,363,25.21,0.661,8,0.4257,0,55,71.02,60.59,54.25444806078876
3672,64,83900.0,190,31.43,0.947,6,0.5079,1,55,112.98,163.49,53.8868884923581
3673,65,105000.0,640,21.81,0.797,17,0.7523,1,35,62.36,97.46,46.0071434011781
3674,22,88000.0,761,14.07,0.591,15,0.6991,1,55,32.88,84.77,54.75865845816487
3675,32,57500.0,865,17.16,0.798,23,0.5554,0,55,52.89,71.84,54.373653455533734
3676,89,70800.0,39,33.2,3.077,4,0.3826,1,95,409.33,506.68,91.82049720084377
3677,37,62400.0,273,17.75,0.549,5,0.4027,0,55,35.64,33.68,54.35115033921961
3678,65,70100.0,228,25.77,0.789,6,0.4352,0,55,83.03,79.4,53.68361770295689
3679,43,44800.0,574,11.6,0.418,8,0.3888,1,55,10.86,63.57,54.86626043677863
3680,56,84900.0,272,18.59,0.441,4,0.5395,1,55,44.98,93.9,54.23434296623214
3681,44,67100.0,1100,19.67,0.764,28,0.6794,0,55,45.55,37.32,54.980222185008294
3682,65,66100.0,870,30.46,0.862,25,0.6083,0,55,104.38,110.36,53.87259353537613
3683,57,38700.0,4,21.31,5.0,1,0.2122,0,95,424.57,439.97,93.46545337690344
3684,47,64700.0,426,9.44,1.338,19,0.4633,0,55,49.44,44.93,54.49104768879376
3685,37,30000.0,234,17.83,0.897,7,0.2245,0,55,57.22,61.52,55.094506730228034
3686,60,53800.0,129,12.33,0.233,1,0.3133,0,95,0.0,0.0,94.48976145556497
3687,34,49000.0,578,13.94,0.934,18,0.4148,0,55,54.0,55.04,54.78807267340481
3688,62,72400.0,201,23.41,0.149,1,0.4409,1,55,12.31,54.23,54.675032676190035
3689,90,111500.0,218,33.72,0.826,6,0.6782,0,35,114.49,105.95,45.99763499474231
3690,78,81600.0,236,28.99,0.381,3,0.5081,0,55,30.98,22.09,53.89818945421766
3691,67,97800.0,573,26.33,0.524,10,0.7006,1,55,68.92,122.47,50.7876082306171
3692,54,78300.0,254,23.47,1.063,9,0.4934,1,55,99.16,142.46,54.500380795722336
3693,22,82000.0,20,29.03,1.5,1,0.4435,1,95,149.85,222.44,94.7916189268305
3694,33,99600.0,589,17.06,1.019,20,0.7139,1,55,71.05,112.35,48.38924732100163
3695,77,54000.0,406,27.24,0.517,7,0.3929,1,55,52.56,105.81,54.45252291359901
3696,42,45700.0,57,13.18,0.526,1,0.2547,1,95,18.66,105.74,94.27143430811674
3697,43,76600.0,147,22.79,0.408,2,0.4498,0,95,47.05,41.26,94.33709027032695
3698,52,64300.0,273,17.16,1.648,15,0.414,1,55,120.56,178.2,54.923730181177476
3699,37,66000.0,603,14.12,0.896,18,0.5263,0,55,53.34,45.13,54.13576927786413
3700,34,55600.0,107,20.65,1.121,4,0.3169,0,95,93.21,92.41,94.99559380723446
3701,54,52300.0,1100,19.03,0.791,29,0.5955,1,55,64.25,140.62,54.46214589369873
3702,40,96000.0,103,23.87,0.291,1,0.555,1,95,15.16,106.35,93.7764841713777
3703,42,39300.0,86,15.13,3.488,10,0.2323,1,95,212.63,305.57,85.80012468423152
3704,42,76800.0,1076,29.15,0.781,28,0.7231,1,55,100.97,159.77,54.17727074325535
3705,64,77800.0,911,32.63,0.79,24,0.6855,1,55,111.43,158.25,53.32701709448643
3706,51,31000.0,110,20.91,1.636,6,0.2027,0,95,128.43,122.51,95.10388987702002
3707,52,47000.0,360,18.44,0.417,5,0.3397,0,55,32.24,31.29,54.08476892623059
3708,65,53100.0,592,9.78,0.608,12,0.4438,0,55,14.8,16.74,55.31148927772436
3709,53,76500.0,9,24.61,3.333,1,0.4071,0,95,329.36,320.05,85.72281999769598
3710,50,56300.0,259,21.8,1.042,9,0.3632,1,55,84.84,145.43,55.20022293056632
3711,63,64800.0,531,23.58,0.508,9,0.4965,1,55,40.95,111.42,54.605519460460535
3712,66,36600.0,1100,9.79,0.736,27,0.5002,0,55,31.69,12.56,54.834183433219884
3713,52,113200.0,432,31.23,0.694,10,0.7415,0,35,80.89,84.8,45.687472095520164
3714,56,66700.0,68,27.81,0.441,1,0.3674,0,95,42.7,41.79,95.34368043395747
3715,42,72900.0,2,16.02,5.0,1,0.3839,0,95,323.21,320.24,93.45238298539296
3716,40,50600.0,57,21.01,1.579,3,0.2782,0,95,120.85,124.11,95.37680834301275
3717,68,53900.0,607,14.03,0.544,11,0.4533,1,55,27.95,96.75,55.35310076900647
3718,63,106800.0,339,25.5,1.15,13,0.6858,1,35,105.0,142.57,46.5346802272391
3719,63,30000.0,284,9.76,0.951,9,0.2355,1,55,26.29,90.88,55.34250765269213
3720,60,71900.0,722,19.03,0.789,19,0.5984,0,55,69.42,69.03,54.73549418158682
3721,56,39800.0,296,14.26,0.709,7,0.2847,0,55,37.11,40.76,54.48710476869454
3722,67,58900.0,34,20.9,0.882,1,0.3148,1,95,68.0,157.56,95.83815279565685
3723,71,54800.0,270,22.67,0.556,5,0.3578,1,55,57.23,112.6,53.95337149638364
3724,70,47300.0,944,23.18,0.794,25,0.5174,1,55,86.55,138.83,54.422377865209015
3725,53,65300.0,46,16.54,0.652,1,0.3531,1,95,45.15,141.22,96.05440585874997
3726,79,30000.0,1100,16.3,0.764,28,0.4597,1,55,57.98,96.43,54.719474286066955
3727,59,59200.0,743,13.39,0.646,16,0.528,1,55,30.19,74.04,55.622473006626436
3728,66,65300.0,75,19.24,1.2,3,0.3614,0,95,92.79,104.67,96.52175804860182
3729,60,37500.0,58,15.84,1.552,3,0.2185,0,95,98.39,112.33,94.77664755971412
3730,59,97600.0,672,20.03,0.536,12,0.7248,0,55,45.54,28.22,51.768670410740086
3731,42,49900.0,1100,20.28,0.764,28,0.5812,1,55,69.69,119.02,54.50048201920055
3732,67,62400.0,2,18.58,5.0,1,0.3249,0,95,359.84,352.37,93.4037427029776
3733,90,59600.0,368,19.71,0.326,4,0.4147,0,55,18.58,21.11,55.522273402855724
3734,49,62100.0,259,25.44,0.579,5,0.3968,0,55,55.04,54.2,53.125059229933505
3735,56,92700.0,138,21.77,2.609,12,0.5457,0,95,219.43,226.23,86.33546046298822
3736,47,115300.0,100,31.55,1.5,5,0.6664,0,75,191.14,177.63,94.61066513114885
3737,47,79100.0,50,29.08,3.0,5,0.4352,0,95,350.7,354.2,91.93138490387837
3738,81,93000.0,168,30.86,1.071,6,0.5568,1,95,132.67,224.33,94.98563781778353
3739,44,98800.0,744,23.88,0.766,19,0.748,1,55,69.95,117.57,49.45273337555284
3740,47,68600.0,39,15.43,3.077,4,0.3699,1,95,200.69,300.11,86.27066122250552
3741,28,92600.0,996,20.34,0.693,23,0.7771,1,55,58.12,110.64,53.54073423932441
3742,42,79000.0,416,13.92,0.865,12,0.5479,1,55,46.96,100.95,53.62219251807969
3743,26,62200.0,25,22.76,4.8,4,0.3301,0,95,437.52,450.89,92.13291293352006
3744,66,74600.0,531,24.93,0.847,15,0.5566,1,55,90.42,146.13,54.08442587718685
3745,90,33800.0,156,15.66,1.538,8,0.2239,0,95,98.05,117.5,94.73986683858368
3746,49,69900.0,190,13.6,0.789,5,0.4224,0,55,36.01,12.71,54.04339669943408
3747,27,30000.0,371,12.67,1.132,14,0.2556,0,55,71.47,71.38,54.33704224329274
3748,70,33900.0,339,21.99,0.708,8,0.2664,0,55,65.97,54.86,54.43756157730795
3749,43,66700.0,1100,23.05,0.927,34,0.6773,1,55,76.25,121.97,54.76702596870356
3750,77,46000.0,562,20.82,0.854,16,0.3923,1,55,56.59,105.04,54.54362258513936
3751,50,63900.0,266,36.13,0.564,5,0.4095,0,55,87.02,96.25,53.41718244443081
3752,44,65700.0,206,21.5,0.291,2,0.4022,0,55,35.37,31.3,55.01865853974325
3753,52,68200.0,145,9.44,0.207,1,0.3987,0,95,11.43,0.02,98.31537304818198
3754,68,48600.0,10,11.78,3.0,1,0.2571,0,95,146.26,152.86,87.34572720856139
3755,51,83100.0,698,23.99,0.731,17,0.6557,1,55,75.25,118.43,54.21266914560922
3756,47,61500.0,154,19.32,0.195,1,0.3625,0,95,15.11,31.83,94.38575073948282
3757,52,73700.0,452,20.2,0.996,15,0.5267,0,55,67.02,54.11,55.14090030782295
3758,33,35500.0,264,14.55,0.795,7,0.256,0,55,40.68,37.8,54.6222722817917
3759,62,62700.0,555,15.48,0.757,14,0.4911,1,55,53.23,127.47,55.11720747215014
3760,25,82000.0,183,24.17,0.164,1,0.494,1,55,20.54,72.3,54.740953837192194
3761,47,83800.0,801,29.54,0.674,18,0.6878,1,55,78.07,137.31,53.37108811740758
3762,68,50900.0,241,26.3,0.124,1,0.3281,1,55,8.66,62.56,54.881992279275096
3763,60,54500.0,25,26.69,5.0,5,0.2896,0,95,535.19,535.18,94.78034699823093
3764,65,46200.0,142,12.15,0.211,1,0.2777,0,95,7.51,0.0,94.17222823500644
3765,54,51000.0,283,17.55,0.318,3,0.3403,0,55,21.69,26.22,55.70824396172691
3766,75,39600.0,816,14.37,0.919,25,0.4307,1,55,53.88,122.16,54.81145346305961
3767,71,65300.0,229,22.75,0.917,7,0.4067,0,55,77.23,57.81,54.615394319732765
3768,63,79900.0,18,21.57,1.667,1,0.4302,0,95,150.23,140.99,95.3010764645172
3769,71,51700.0,257,16.63,0.817,7,0.3369,1,55,53.03,102.5,54.63324262169875
3770,68,65700.0,312,27.13,1.058,11,0.4343,1,55,118.71,164.84,55.27746236183898
3771,48,59000.0,261,19.34,0.805,7,0.3793,1,55,62.78,124.21,54.56499345778717
3772,32,82600.0,1100,23.01,0.627,23,0.7563,1,55,70.05,118.99,53.47942089232019
3773,62,53600.0,197,20.11,1.066,7,0.3307,0,55,90.09,90.9,54.69842641060627
3774,64,54700.0,568,21.59,0.792,15,0.4461,0,55,71.66,86.57,54.28889831311506
3775,74,51000.0,491,21.06,0.978,16,0.4006,0,55,85.36,67.41,55.862653625289745
3776,39,37900.0,154,23.45,0.195,1,0.2414,0,95,34.96,38.13,94.13983996792493
3777,40,73100.0,24,14.54,1.25,1,0.3916,1,95,72.35,166.12,96.04148381283613
3778,63,63800.0,449,21.19,0.802,12,0.4649,0,55,69.29,68.09,54.10567489179874
3779,54,66000.0,525,19.39,0.571,10,0.5021,1,55,45.13,91.07,55.06601548229496
3780,23,85400.0,418,21.31,0.215,3,0.5872,1,55,2.6,53.79,54.91386788120298
3781,61,94200.0,324,27.92,0.833,9,0.6111,1,55,93.77,148.69,53.492190404634066
3782,24,30000.0,735,20.98,0.857,21,0.3507,1,55,80.05,133.21,54.5218217481332
3783,39,75400.0,199,18.35,0.754,5,0.4585,0,55,59.46,66.43,53.99095272675506
3784,78,74300.0,107,29.58,1.121,4,0.4236,1,95,144.73,228.79,95.27675874967765
3785,86,61500.0,238,12.07,0.882,7,0.387,0,55,48.87,34.9,54.7043891061217
3786,34,67700.0,910,23.11,0.758,23,0.6293,1,55,74.09,109.02,54.21875799644658
3787,49,30000.0,376,10.05,0.798,10,0.2567,0,55,39.19,40.6,54.399045768996395
3788,56,95900.0,77,21.18,2.338,6,0.5464,1,95,200.99,303.56,92.40041615782326
3789,85,81800.0,79,22.57,0.38,1,0.4605,1,95,32.06,115.33,94.25271776784088
3790,47,45200.0,317,14.79,0.946,10,0.3181,1,55,54.94,97.31,55.40503368807762
3791,47,51100.0,216,3.35,0.278,2,0.3223,0,55,0.0,18.89,55.38411291379443
3792,81,34400.0,49,18.22,0.612,1,0.204,1,95,57.36,165.14,94.66031711333177
3793,49,57200.0,436,22.48,0.963,14,0.4209,1,55,85.01,153.34,55.56150173158954
3794,67,57300.0,758,17.79,0.594,15,0.521,1,55,33.92,92.41,55.987454467820456
3795,30,32200.0,119,13.63,0.504,2,0.2094,1,95,24.55,126.6,93.78577197619127
3796,52,80700.0,314,20.24,1.433,15,0.5268,0,55,130.07,127.2,54.79076416539915
3797,27,86200.0,18,14.37,5.0,4,0.4686,1,95,287.97,368.74,93.50486294117344
3798,37,60800.0,117,10.03,0.256,1,0.3481,0,95,12.33,0.0,97.48974669780661
3799,69,61400.0,1100,23.23,0.709,26,0.6481,1,55,82.57,137.6,54.80162948730299
3800,54,73900.0,551,26.41,0.708,13,0.5585,0,55,81.48,90.73,53.84474007363646
3801,50,63600.0,47,22.52,3.191,5,0.3439,1,95,285.14,378.47,86.07808278616014
3802,42,39700.0,614,17.85,0.586,12,0.371,1,55,28.24,89.33,55.39124417583531
3803,51,50500.0,442,21.49,0.543,8,0.3831,1,55,51.79,105.89,53.95523278424632
3804,60,59800.0,283,22.55,0.954,9,0.3904,1,55,80.62,138.67,55.410378031939466
3805,72,73600.0,257,17.11,0.117,1,0.4654,0,55,13.29,21.0,55.39968921250452
3806,18,57800.0,203,19.78,0.296,2,0.3556,0,55,23.03,36.34,55.14704740776587
3807,41,66600.0,37,18.51,0.811,1,0.3579,0,95,63.32,66.17,96.4064515437448
3808,58,33600.0,697,13.63,0.732,17,0.3601,0,55,47.08,66.47,55.40170224405021
3809,53,78600.0,394,27.49,0.457,6,0.5387,1,55,36.42,89.09,53.775016455032045
3810,62,66500.0,123,27.85,0.976,4,0.3823,0,95,109.76,122.99,95.75473880597987
3811,60,119600.0,13,16.21,4.615,2,0.6659,1,75,299.09,379.92,89.54406407424435
3812,50,55900.0,16,17.11,1.875,1,0.2944,0,95,130.63,112.32,95.87669148271122
3813,46,70000.0,23,18.96,5.0,6,0.3733,0,95,383.24,397.37,93.37666016804461
3814,51,120000.0,211,33.81,0.853,6,0.7203,1,35,116.58,142.39,45.95132469621963
3815,75,73100.0,555,13.71,0.595,11,0.5548,1,55,27.45,79.96,55.129040363892805
3816,43,61200.0,135,4.23,1.778,8,0.3554,0,95,21.05,29.78,98.02069863744825
3817,54,44100.0,494,20.72,0.668,11,0.3614,1,55,42.66,90.22,54.20494784746491
3818,58,97700.0,2,29.47,5.0,1,0.5342,1,95,590.36,684.65,96.93236626690268
3819,82,46100.0,160,7.99,0.562,3,0.2818,0,95,22.18,28.75,96.12668736218059
3820,50,73000.0,1100,20.33,0.791,29,0.7102,1,55,61.59,108.37,54.834535453552
3821,71,58300.0,276,26.4,0.543,5,0.3796,0,55,63.99,61.63,53.87128414306711
3822,76,65200.0,225,14.39,0.533,4,0.4049,1,55,29.76,81.23,53.873100172602086
3823,54,34900.0,855,15.74,0.737,21,0.4143,1,55,45.72,110.36,54.66402892302194
3824,51,92400.0,106,26.4,0.283,1,0.534,1,95,18.38,129.06,93.26640547888661
3825,49,58000.0,29,11.56,4.138,4,0.3087,0,95,187.79,176.79,88.69194987891889
3826,51,38700.0,396,12.99,0.455,6,0.3049,1,55,31.01,86.78,54.47285078041965
3827,70,94300.0,512,15.69,0.762,13,0.6656,0,55,59.0,53.76,54.283495863523086
3828,59,55200.0,318,17.46,0.755,8,0.374,0,55,51.21,51.52,54.40347428973571
3829,59,72800.0,122,16.97,0.738,3,0.4192,1,95,57.03,169.7,95.39096416911399
3830,36,78900.0,346,22.87,1.04,12,0.5257,0,55,106.45,110.25,54.956679344083845
3831,39,71800.0,372,23.94,0.403,5,0.4901,0,55,31.09,25.46,53.58752876096018
3832,90,30000.0,219,21.44,0.959,7,0.2212,0,55,84.78,71.1,55.250532025149425
3833,52,79000.0,34,33.51,0.882,1,0.4297,1,95,119.75,224.74,95.11346930822361
3834,42,60300.0,828,20.08,0.688,19,0.561,1,55,63.86,114.27,54.69686418696545
3835,79,62900.0,1058,17.85,0.624,22,0.6446,0,55,37.87,30.11,55.29698967091626
3836,60,63700.0,956,17.68,0.722,23,0.6197,0,55,53.59,56.63,54.89593292249537
3837,65,33200.0,345,10.16,0.609,7,0.2645,0,55,22.68,28.47,54.50437427244032
3838,53,68600.0,88,22.53,2.386,7,0.3842,0,95,218.43,214.74,92.72546905189589
3839,50,35300.0,306,12.82,0.784,8,0.2651,0,55,49.97,40.52,54.5804623538824
3840,52,58400.0,107,21.35,1.121,4,0.332,0,95,107.55,121.24,95.28722782404836
3841,31,63500.0,446,14.86,0.538,8,0.4622,0,55,41.82,48.66,54.20820418152999
3842,54,87400.0,114,20.78,1.316,5,0.5058,1,95,101.46,206.34,94.38502017107815
3843,60,48800.0,588,19.48,1.02,20,0.4167,0,55,75.69,72.13,55.721736355042914
3844,86,101700.0,124,24.63,1.452,6,0.5956,1,75,151.1,217.81,93.40421333432215
3845,56,85100.0,99,13.16,0.303,1,0.487,1,95,20.79,110.46,94.4621289425337
3846,18,48600.0,209,17.21,0.574,4,0.3072,1,55,37.41,77.18,53.94273656448931
3847,53,41300.0,321,12.19,0.748,8,0.2987,0,55,29.14,25.8,54.50519054770901
3848,90,41700.0,906,22.16,0.695,21,0.4712,1,55,30.35,78.6,54.536080399188755
3849,70,73700.0,116,25.91,2.586,10,0.4228,1,95,255.26,349.48,87.02443730905607
3850,41,46700.0,879,5.59,0.717,21,0.4935,0,55,13.59,14.08,54.46775427912049
3851,65,92200.0,451,27.84,0.732,11,0.6366,0,55,79.19,80.1,53.96390586811757
3852,42,48100.0,383,19.16,0.627,8,0.3523,0,55,51.34,45.49,54.181128211010204
3853,32,41500.0,627,8.8,0.766,16,0.3852,0,55,31.78,19.89,54.50372523298443
3854,49,68700.0,117,24.7,1.795,7,0.3933,0,95,195.42,181.0,96.13137455399766
3855,57,51000.0,167,11.25,0.898,5,0.3086,1,95,34.25,131.21,96.31570129576872
3856,23,58800.0,9,24.55,3.333,1,0.3076,1,95,311.69,408.04,85.67070278355865
3857,35,81700.0,523,19.02,0.574,10,0.5968,0,55,36.24,22.32,54.480683994906244
3858,55,67500.0,41,12.53,3.659,5,0.3642,0,95,196.8,211.07,85.65900828356091
3859,48,66100.0,757,30.52,0.713,18,0.5743,0,55,87.15,95.49,53.86094918203411
3860,62,70700.0,342,12.87,0.702,8,0.474,0,55,44.24,34.02,54.125341462335015
3861,34,30000.0,569,10.47,0.369,7,0.3052,0,55,10.95,13.61,55.03945283008099
3862,67,75600.0,222,18.29,0.676,5,0.4669,0,55,45.44,44.08,54.00087076462303
3863,35,64400.0,409,17.38,0.66,9,0.4562,0,55,32.17,34.81,54.17159329609228
3864,83,89400.0,1,26.9,5.0,1,0.4829,1,95,535.35,632.07,95.23078307753792
3865,26,71900.0,20,21.07,4.5,3,0.3834,1,95,379.35,481.06,88.54705833701736
3866,36,57000.0,420,23.57,0.643,9,0.4149,1,55,67.56,137.35,54.045526301785735
3867,62,88100.0,362,25.07,1.243,15,0.5864,0,55,129.14,132.13,54.666499050969556
3868,83,64500.0,274,11.31,1.204,11,0.4155,1,55,70.37,130.7,55.135087891119724
3869,60,71200.0,901,23.43,0.666,20,0.6466,0,55,61.19,75.84,54.14540676202319
3870,65,60500.0,63,20.24,2.857,6,0.3313,1,95,233.24,322.86,86.12535336868633
3871,55,74700.0,450,18.08,1.067,16,0.5322,1,55,77.04,122.71,54.39555820602281
3872,38,53700.0,237,28.42,0.506,4,0.3423,0,55,51.96,58.68,53.697013234435175
3873,47,98000.0,525,27.74,0.571,10,0.689,1,55,66.64,109.41,50.1285269100521
3874,34,103200.0,291,30.19,0.103,1,0.653,1,35,10.23,37.16,47.133035257605194
3875,33,79000.0,491,26.73,0.794,13,0.5709,0,55,98.2,113.25,53.2762765927664
3876,62,98800.0,211,22.72,0.284,2,0.6045,0,55,19.49,2.32,50.75763180495531
3877,36,30000.0,291,17.67,0.928,9,0.2371,1,55,62.87,120.9,55.34520066939528
3878,60,36200.0,458,17.01,0.655,10,0.3082,0,55,34.62,20.19,54.72172465828458
3879,33,53800.0,104,15.28,0.288,1,0.3066,0,95,20.31,24.41,94.34897651894029
3880,60,66900.0,266,13.93,0.564,5,0.4275,1,55,20.81,94.13,54.24708758353334
3881,47,59200.0,718,19.0,0.585,14,0.5203,0,55,44.4,34.27,55.686062297342644
3882,79,35300.0,309,18.23,0.583,6,0.2658,0,55,33.16,12.13,54.869992584501595
3883,61,90400.0,31,23.64,0.968,1,0.4984,1,95,83.67,182.23,93.99788283731746
3884,76,114400.0,128,26.25,0.703,3,0.6692,0,75,67.7,61.42,92.93864707563692
3885,42,89300.0,944,23.53,0.763,24,0.7508,1,55,77.65,130.81,53.112621804011994
3886,56,88000.0,137,21.77,0.219,1,0.5166,1,95,18.31,116.96,93.78020029706737
3887,38,66300.0,331,27.69,1.088,12,0.4438,1,55,119.52,180.15,54.605461243882736
3888,48,45900.0,473,18.24,0.698,11,0.3656,1,55,55.43,116.15,54.401125797763264
3889,51,65700.0,449,17.42,1.069,16,0.4766,1,55,69.21,123.93,54.76018036192445
3890,43,106800.0,518,16.98,0.811,14,0.7317,0,35,39.36,43.71,46.01741021534206
3891,34,53400.0,388,17.02,0.773,10,0.3841,1,55,43.83,96.95,53.722155876090135
3892,31,50600.0,239,14.71,0.628,5,0.3259,0,55,34.66,31.37,53.95753785648453
3893,18,80900.0,10,19.07,5.0,2,0.4338,0,95,381.01,380.85,93.4482742018437
3894,37,86000.0,289,27.61,0.727,7,0.5514,0,55,84.76,90.53,53.73489544280864
3895,66,49400.0,224,17.81,1.071,8,0.3154,0,55,75.14,68.67,54.96818896791329
3896,28,54100.0,198,9.7,1.515,10,0.3337,0,55,66.92,69.07,54.518230460944494
3897,32,49900.0,405,20.58,0.593,8,0.3688,1,55,51.71,102.12,53.921228803620245
3898,85,72500.0,100,12.96,1.2,4,0.4107,1,95,50.94,138.58,95.66004690981289
3899,44,86000.0,68,26.37,1.324,3,0.4828,0,95,119.28,129.79,94.13864009942476
3900,60,49100.0,241,14.99,0.871,7,0.3184,0,55,44.17,47.88,54.591631908143235
3901,66,90100.0,146,23.95,0.411,2,0.5323,0,95,40.48,44.28,93.45428378151757
3902,66,69300.0,311,20.27,0.675,7,0.4559,0,55,57.7,48.24,54.603923745648125
3903,29,108700.0,295,25.56,0.61,6,0.684,1,35,61.52,94.06,45.581687787156326
3904,51,70900.0,313,21.68,0.575,6,0.4663,1,55,50.83,111.83,53.810624666632314
3905,27,57400.0,241,19.02,0.498,4,0.3643,1,55,48.45,107.17,53.86939784444548
3906,90,84100.0,67,31.96,0.448,1,0.4709,0,95,57.38,83.03,94.98296417245467
3907,28,52500.0,591,18.99,0.66,13,0.4399,1,55,52.93,110.13,54.9042807865442
3908,37,30000.0,22,15.74,2.727,2,0.1819,0,95,184.46,177.81,86.08023246938016
3909,37,56300.0,758,14.9,0.752,19,0.5149,1,55,30.33,80.98,54.76505272845667
3910,30,54600.0,651,20.09,0.783,17,0.4712,1,55,76.6,123.03,54.501068587372245
3911,78,36200.0,591,10.31,0.711,14,0.3446,0,55,8.85,2.38,55.50954717659542
3912,90,70500.0,512,26.33,0.762,13,0.5257,0,55,73.65,74.64,54.49401545819167
3913,47,30000.0,832,7.08,0.721,20,0.3786,0,55,15.95,11.31,54.72827289442624
3914,33,53300.0,923,13.78,0.813,25,0.5477,1,55,31.75,100.11,54.45307581583132
3915,18,62700.0,204,11.26,0.588,4,0.384,0,55,25.16,33.97,53.77968536882272
3916,51,66200.0,1100,22.03,0.791,29,0.6746,1,55,69.29,132.93,54.79972936569897
3917,50,55400.0,232,16.19,0.259,2,0.3504,0,55,22.69,20.17,55.63423754182872
3918,44,61000.0,78,22.58,1.538,4,0.3382,1,95,144.57,248.71,96.01664187555784
3919,59,49300.0,1007,12.52,0.685,23,0.5492,0,55,35.69,45.92,54.902235797343266
3920,62,66600.0,89,22.65,0.337,1,0.3729,0,95,39.48,55.44,95.93070350026545
3921,60,67200.0,40,22.98,0.75,1,0.3622,0,95,74.1,68.69,96.33394999416743
3922,50,45100.0,1086,17.82,0.635,23,0.5479,1,55,42.66,97.78,54.77287946480593
3923,36,66800.0,21,20.17,1.429,1,0.3545,0,95,116.24,108.74,97.07784546878663
3924,66,72700.0,613,21.59,0.979,20,0.5702,0,55,79.46,105.85,55.139691020521504
3925,55,61500.0,1100,14.67,0.709,26,0.6487,0,55,31.8,29.78,55.13213656807695
3926,70,118800.0,467,22.44,0.321,5,0.7747,1,35,32.24,79.99,46.79150927111201
3927,68,64600.0,506,22.41,0.83,14,0.4875,1,55,62.41,118.98,54.83344080548369
3928,31,54300.0,364,16.3,0.495,6,0.3822,0,55,30.77,39.57,54.13419538773628
3929,31,51300.0,198,19.96,1.061,7,0.3185,0,55,66.33,66.18,54.78701410375597
3930,42,42000.0,111,24.05,0.541,2,0.2502,0,95,52.61,61.84,93.93091676802685
3931,37,75800.0,1100,19.08,0.736,27,0.7241,1,55,50.36,108.12,54.58320287545388
3932,68,53200.0,810,14.98,0.889,24,0.512,1,55,57.81,129.87,54.883589802441186
3933,61,54300.0,343,16.52,0.875,10,0.3761,0,55,56.04,59.1,54.151934287165794
3934,74,57500.0,42,18.82,0.714,1,0.3096,0,95,52.73,45.5,95.35447501614723
3935,62,45700.0,18,19.93,1.667,1,0.2456,0,95,133.31,138.49,95.35725480169414
3936,59,30000.0,131,14.36,0.229,1,0.203,0,95,8.26,8.35,94.18020357145383
3937,75,59300.0,93,29.29,3.226,10,0.3331,0,95,373.43,363.56,91.90916125475827
3938,63,84900.0,1100,24.84,0.682,25,0.7666,1,55,63.23,122.03,53.39406345550929
3939,56,69300.0,545,24.3,0.936,17,0.5285,1,55,89.98,138.81,54.663405288491816
3940,80,102800.0,47,25.24,0.638,1,0.579,1,75,59.96,132.6,93.19768388182803
3941,57,81200.0,975,27.24,0.646,21,0.7196,1,55,73.99,129.4,53.468554445944456
3942,50,75000.0,405,20.22,0.741,10,0.5201,0,55,45.77,25.5,53.66816385962657
3943,41,101700.0,207,22.03,0.58,4,0.6203,1,35,39.12,69.8,46.047520376861314
3944,67,65400.0,103,24.34,1.456,5,0.3701,1,95,156.86,261.1,96.32081694402645
3945,76,70500.0,717,20.29,0.837,20,0.5885,1,55,64.46,117.53,55.07147809883187
3946,54,64600.0,431,20.92,0.626,9,0.4642,1,55,44.27,80.25,54.06359597193318
3947,77,101800.0,76,30.18,0.395,1,0.5818,1,75,47.48,121.66,94.84670655282507
3948,22,58500.0,726,19.47,0.62,15,0.5185,0,55,54.42,59.25,55.37064852474423
3949,54,51200.0,1100,16.93,0.573,21,0.589,1,55,43.93,95.95,55.011013938090194
3950,54,77100.0,80,18.89,0.375,1,0.4323,1,95,22.35,114.69,95.02121383281128
3951,43,45500.0,242,22.13,0.744,6,0.2998,0,55,61.76,57.29,53.99093156898453
3952,90,83200.0,81,20.77,0.37,1,0.4697,1,95,28.07,129.28,94.48567599010134
3953,54,73500.0,916,20.77,0.622,19,0.6636,1,55,54.17,100.95,54.112608867354695
3954,48,59600.0,74,20.37,0.811,2,0.3295,0,95,66.44,71.91,95.38340338495094
3955,55,76900.0,80,22.95,0.375,1,0.431,0,95,27.09,24.41,94.89850793944693
3956,21,30000.0,930,19.57,0.742,23,0.4077,0,55,54.01,66.54,54.35090951531079
3957,42,65800.0,189,19.52,0.635,4,0.3977,0,55,47.46,42.61,53.934555472007254
3958,72,58700.0,1054,25.69,0.769,27,0.6194,1,55,90.88,134.77,54.32777577452059
3959,44,120000.0,26,26.76,1.154,1,0.6716,1,75,122.11,203.29,93.80943235733028
3960,41,65500.0,539,21.68,0.668,12,0.5033,0,55,84.4,89.33,54.21491693702482
3961,77,56900.0,489,17.62,0.429,7,0.4352,0,55,28.08,32.2,54.94713273729396
3962,78,40700.0,111,26.57,0.811,3,0.2442,0,95,72.73,81.19,95.16907189716345
3963,64,94200.0,27,22.38,1.111,1,0.5205,0,95,102.27,92.25,93.99484276037967
3964,47,56000.0,4,17.1,5.0,1,0.2919,0,95,350.38,342.49,93.20541629085234
3965,51,47600.0,721,17.71,0.999,24,0.45,1,55,74.57,142.77,55.37414633766305
3966,41,69300.0,1022,19.06,0.763,26,0.67,1,55,59.74,119.1,54.84686125548526
3967,38,75200.0,328,22.85,0.732,8,0.4973,0,55,63.87,59.31,53.54746740478757
3968,37,74700.0,173,27.35,1.04,6,0.4462,1,95,111.5,188.86,94.50794455793095
3969,44,63200.0,28,20.22,5.0,7,0.3364,1,95,385.78,468.34,93.35179546842707
3970,37,64700.0,269,20.63,0.781,7,0.4152,0,55,71.32,61.75,54.052461357136494
3971,28,64500.0,1100,18.53,0.573,21,0.6653,1,55,39.44,88.83,55.089912386557806
3972,59,72900.0,787,18.41,0.801,21,0.6234,1,55,68.16,126.21,54.25443029950213
3973,59,74700.0,317,21.69,0.473,5,0.4908,1,55,36.78,78.12,53.60787897149953
3974,84,93800.0,41,24.11,0.732,1,0.5224,0,95,70.17,64.89,93.6591958648415
3975,44,64000.0,370,25.47,1.135,14,0.4418,1,55,125.63,167.99,54.431532998259975
3976,60,48800.0,42,12.52,3.571,5,0.2658,0,95,189.52,185.31,85.76440162402162
3977,60,63000.0,858,26.72,0.664,19,0.5864,1,55,77.7,156.54,54.45343419070376
3978,51,80000.0,709,21.27,0.635,15,0.6415,1,55,39.06,105.95,54.47255192851052
3979,68,30100.0,698,15.26,0.774,18,0.3408,1,55,37.03,97.76,55.9295576533157
3980,68,30200.0,3,9.21,5.0,1,0.1791,0,95,189.81,184.59,98.71950407658403
3981,61,85500.0,85,25.63,0.706,2,0.4851,1,95,66.79,151.02,93.5360549957255
3982,51,96100.0,710,19.61,0.676,16,0.7269,1,55,53.62,107.75,53.59853048777014
3983,49,37200.0,304,17.45,0.592,6,0.2738,0,55,42.98,27.45,54.8467677371182
3984,32,62500.0,390,20.75,0.462,6,0.4388,0,55,40.4,46.88,53.863433564034544
3985,41,53800.0,159,16.44,1.132,6,0.3214,1,95,65.99,159.01,94.44112177916857
3986,44,57300.0,583,8.27,0.926,18,0.4666,1,55,38.81,93.54,54.73553266460808
3987,36,67600.0,329,30.94,0.729,8,0.4511,0,55,86.03,69.38,53.781914850081066
3988,62,39200.0,434,10.61,0.76,11,0.3177,0,55,36.97,37.47,54.65823821474186
3989,75,45700.0,214,18.22,0.981,7,0.2935,0,55,69.84,67.45,55.38423654086138
3990,40,55700.0,123,14.71,0.732,3,0.3218,0,95,58.44,48.87,94.19408911381811
3991,60,62900.0,7,24.68,5.0,5,0.329,0,95,505.19,507.43,92.93538244365806
3992,37,37800.0,27,13.77,1.111,1,0.2132,0,95,78.25,74.26,94.43152465050444
3993,50,80600.0,68,18.33,1.765,4,0.4498,1,95,142.63,240.58,95.48062287885638
3994,43,53800.0,17,21.05,1.765,1,0.2841,0,95,147.54,153.72,95.9386470206458
3995,65,58100.0,609,12.36,0.591,12,0.4796,1,55,24.95,69.1,55.61776805629285
3996,43,68500.0,514,18.21,1.167,20,0.514,0,55,75.92,76.99,54.72156167928088
3997,72,65700.0,135,23.31,2.444,11,0.3812,0,95,230.01,230.89,89.29581775958664
3998,51,81800.0,343,29.8,0.7,8,0.5425,0,55,83.63,96.07,53.61809671918697
3999,44,43200.0,310,11.67,0.871,9,0.3057,1,55,40.31,103.72,54.812740631947264
4000,34,31500.0,867,11.67,0.692,20,0.3977,1,55,25.67,77.19,54.733040130523214
4001,59,59300.0,48,20.66,0.625,1,0.3207,0,95,54.54,50.28,95.42580182444622
4002,70,69300.0,1100,10.41,0.655,24,0.6911,0,55,24.22,25.72,55.37378871218939
4003,60,39900.0,7,22.77,4.286,1,0.2178,0,95,386.51,375.27,86.56790454689305
4004,90,42900.0,524,11.44,1.088,19,0.3632,0,55,51.1,41.36,55.339542399539766
4005,79,73600.0,41,18.85,0.732,1,0.3996,1,95,54.57,144.89,95.51024014143239
4006,50,48100.0,599,18.52,0.751,15,0.4158,1,55,44.22,75.41,54.6223920405069
4007,50,33500.0,90,15.28,0.333,1,0.2087,0,95,14.05,4.15,94.23383356857602
4008,63,86900.0,152,18.22,0.789,4,0.5145,1,95,61.76,153.44,93.94386098097634
4009,41,48900.0,947,25.94,0.602,19,0.5282,0,55,62.08,89.64,54.34270852177409
4010,75,93100.0,533,11.09,0.619,11,0.6648,1,55,11.92,60.48,55.205571133856026
4011,61,66800.0,400,14.41,0.45,6,0.4681,0,55,31.53,38.13,54.19467647187646
4012,59,72000.0,474,17.62,1.013,16,0.5231,1,55,71.0,124.02,55.054645400007885
4013,67,63000.0,258,14.7,0.116,1,0.4018,0,55,0.0,4.4,55.59165012099447
4014,84,30000.0,101,20.6,0.297,1,0.197,0,95,19.12,8.3,94.54494800682507
4015,58,41700.0,1098,7.96,0.574,21,0.5309,0,55,19.6,4.14,55.06210018293054
4016,53,62000.0,923,27.09,0.65,20,0.5999,1,55,52.76,121.54,54.3609944860957
4017,81,77900.0,725,20.29,0.703,17,0.6341,0,55,60.42,47.12,55.28344543077319
4018,71,30600.0,246,7.79,1.098,9,0.2297,0,55,42.11,56.94,54.79865815423914
4019,50,62900.0,457,8.93,0.722,11,0.4619,1,55,32.91,84.2,54.184292100820336
4020,55,41400.0,49,15.13,0.612,1,0.2333,0,95,46.27,38.0,94.14125122949181
4021,58,70500.0,170,17.07,0.882,5,0.4199,1,95,53.98,143.82,95.49601983494848
4022,61,65800.0,122,21.05,0.492,2,0.3779,1,95,49.7,160.72,95.59424576757411
4023,32,76000.0,392,19.15,1.301,17,0.5222,0,55,101.84,94.85,54.2865254297126
4024,29,82200.0,23,27.11,1.304,1,0.4457,0,95,134.72,130.9,94.48497658985694
4025,40,71600.0,192,20.03,0.938,6,0.4333,1,55,78.89,143.64,54.71324479809006
4026,39,79900.0,142,19.87,1.268,6,0.4684,0,95,104.27,109.01,94.7030676098017
4027,44,55400.0,97,23.18,0.309,1,0.3132,0,95,40.97,61.75,94.5075735300606
4028,66,120000.0,421,29.14,0.784,11,0.7698,0,35,100.96,112.61,45.61493154045643
4029,52,38800.0,139,19.69,0.432,2,0.242,0,95,28.5,21.54,94.13026745924695
4030,58,54500.0,711,23.92,0.802,19,0.4892,0,55,79.46,92.49,54.5079379505509
4031,34,79700.0,62,20.49,0.968,2,0.4425,1,95,81.98,157.75,95.17794620101523
4032,47,79200.0,20,22.07,1.5,1,0.4266,0,95,134.43,142.13,95.38253775721368
4033,65,77200.0,135,25.8,0.222,1,0.4497,1,95,20.47,108.92,93.66506895925492
4034,65,81200.0,42,9.93,5.0,7,0.4454,1,95,212.64,313.59,98.37299343504371
4035,43,30000.0,76,13.99,1.579,4,0.1921,0,95,83.38,103.01,94.78479219596649
4036,58,99000.0,1044,23.73,0.603,21,0.8125,1,55,70.57,108.86,53.09256260581066
4037,90,67700.0,58,22.03,0.517,1,0.3702,0,95,34.16,43.39,95.90572893579159
4038,55,91200.0,35,19.67,0.857,1,0.5046,0,95,64.38,72.78,94.49155445054295
4039,43,30000.0,192,19.98,1.094,7,0.2155,1,55,93.55,155.15,54.95327710777068
4040,52,69800.0,85,16.78,0.706,2,0.3903,0,95,38.96,29.16,96.04862296533277
4041,57,53600.0,993,15.74,0.755,25,0.5709,0,55,41.65,40.76,54.754314629100556
4042,52,76400.0,941,18.14,0.67,21,0.6861,1,55,52.89,98.26,54.401725197006115
4043,54,71500.0,943,26.87,0.732,23,0.6601,0,55,64.85,69.15,54.1200719447595
4044,30,67700.0,682,9.73,0.836,19,0.5611,1,55,41.38,83.33,54.23593109533771
4045,39,39600.0,151,24.87,1.391,7,0.2485,0,95,150.21,145.83,94.5330793349742
4046,52,63200.0,166,26.85,1.265,7,0.3758,0,95,148.03,154.33,95.53515498223696
4047,52,60600.0,401,16.27,0.374,5,0.4307,1,55,26.94,74.62,54.674946816550275
4048,45,73400.0,71,26.14,0.423,1,0.4074,0,95,40.81,36.84,95.21678740182014
4049,52,85200.0,150,23.43,1.0,5,0.5034,0,95,90.82,81.76,93.8965315060336
4050,56,68400.0,88,28.52,0.341,1,0.383,1,95,41.2,138.77,95.27143812766255
4051,70,41200.0,347,20.93,0.346,4,0.305,0,55,30.0,28.63,54.89506527447877
4052,53,66900.0,513,31.0,0.526,9,0.5039,1,55,62.18,109.86,53.92854265632428
4053,62,120000.0,140,20.19,1.714,8,0.7021,1,75,151.09,219.79,94.28654109297737
4054,46,97800.0,17,25.63,1.765,1,0.5395,0,95,178.98,180.56,93.51251800481708
4055,65,30000.0,178,5.88,0.843,5,0.2126,0,95,31.33,20.74,93.54453787344707
4056,61,67500.0,188,17.53,0.638,4,0.4075,1,55,45.54,100.09,53.90280088146542
4057,70,87600.0,1100,34.39,0.736,27,0.7782,1,55,101.55,156.88,53.33050560073777
4058,67,63600.0,197,21.88,0.609,4,0.3872,1,55,57.44,114.01,53.55643834613799
4059,65,57300.0,68,23.52,1.765,4,0.3155,0,95,170.09,164.79,95.94580176890508
4060,53,59000.0,115,21.42,0.783,3,0.3375,1,95,65.93,166.98,94.68593894700703
4061,59,77400.0,479,23.86,0.626,10,0.5576,1,55,64.26,128.88,53.86055477790997
4062,73,44500.0,394,14.06,0.761,10,0.3354,0,55,48.3,54.77,54.53643179277608
4063,44,87800.0,649,19.63,0.555,12,0.6679,0,55,56.8,58.9,54.77770657192016
4064,44,61600.0,187,16.49,0.963,6,0.3727,0,55,64.09,49.83,55.23195825122847
4065,58,46000.0,677,3.25,0.665,15,0.4269,1,55,2.4,74.15,55.32092249526502
4066,62,90000.0,253,23.09,0.474,4,0.5647,0,55,38.36,38.94,53.04324796981367
4067,41,30000.0,804,15.7,0.821,22,0.3705,0,55,70.5,73.62,54.674824357630875
4068,54,53100.0,1014,14.87,0.71,24,0.5743,1,55,27.19,75.14,54.88409946970017
4069,53,52600.0,1100,17.24,0.709,26,0.5973,0,55,39.37,37.23,54.89325495837527
4070,18,102600.0,109,28.02,1.651,6,0.5965,0,75,185.25,197.05,94.63847602840625
4071,51,49800.0,35,21.89,0.857,1,0.2689,1,95,70.12,172.94,95.03882451362865
4072,52,30000.0,61,8.51,1.475,3,0.1892,0,95,56.76,53.65,97.09459854949945
4073,52,52200.0,1100,13.86,0.818,30,0.595,0,55,51.2,66.48,54.59425746902719
4074,79,79400.0,158,25.67,1.329,7,0.4703,1,95,132.18,217.09,93.98432524172856
4075,34,77300.0,42,24.54,5.0,8,0.4219,0,95,502.83,486.02,93.17883577234899
4076,41,110000.0,162,33.22,0.37,2,0.6545,0,75,40.34,21.05,94.7493405157372
4077,18,87100.0,223,29.58,0.404,3,0.5378,0,55,41.9,49.85,53.40184933822639
4078,47,67300.0,1100,32.17,0.818,30,0.6805,0,55,117.84,110.88,54.673387701710446
4079,48,44900.0,254,15.27,1.063,9,0.2998,1,55,54.48,108.08,55.22316156334387
4080,46,97300.0,234,32.49,0.385,3,0.6025,1,55,52.81,118.75,50.97391471907581
4081,74,61100.0,354,14.56,0.847,10,0.4194,0,55,61.88,65.16,54.461835771620784
4082,70,54200.0,89,30.1,3.371,10,0.3047,0,95,385.07,373.21,91.94684749887521
4083,56,56400.0,162,20.73,0.741,4,0.3363,0,95,58.74,74.98,94.11973471657238
4084,49,37500.0,1100,18.34,0.818,30,0.5057,1,55,67.59,119.68,54.471341455623296
4085,72,58600.0,460,23.74,1.043,16,0.4367,0,55,96.88,96.25,55.863777621015515
4086,55,60100.0,178,12.24,2.022,12,0.3615,0,95,99.47,92.34,93.2890577245857
4087,41,77500.0,558,16.25,0.806,15,0.5823,1,55,53.89,97.74,53.74104176609913
4088,26,51100.0,42,18.24,3.571,5,0.277,0,95,263.04,265.35,85.51123543898342
4089,47,36800.0,674,17.25,0.623,14,0.3718,0,55,36.54,22.13,55.70901656050591
4090,68,33900.0,380,25.5,0.789,10,0.2765,0,55,86.61,85.78,54.75806812679676
4091,90,76400.0,1046,16.71,0.717,25,0.7135,1,55,49.96,120.82,54.89536684879449
4092,56,66700.0,15,27.71,2.0,1,0.3522,0,95,212.51,220.02,95.28424152593102
4093,42,50800.0,242,16.29,0.124,1,0.3278,0,55,4.35,6.38,55.64733522410741
4094,35,51200.0,245,16.28,0.857,7,0.3308,0,55,44.5,33.52,54.619350424225196
4095,64,75000.0,1100,20.43,0.791,29,0.7202,0,55,66.35,65.74,54.83279515356986
4096,25,88200.0,1015,21.7,0.65,22,0.7621,1,55,60.35,107.38,53.46455930267106
4097,64,50400.0,489,19.99,1.043,17,0.3964,0,55,85.1,99.52,55.5832382944042
4098,69,69700.0,249,18.48,0.361,3,0.4392,1,55,31.08,81.34,54.693349455730676
4099,62,86500.0,232,15.92,0.905,7,0.5369,1,55,58.7,105.84,54.424100287647384
4100,51,47900.0,406,15.85,0.665,9,0.3577,0,55,48.26,46.08,53.94296627606731
4101,65,66700.0,131,22.29,0.916,4,0.3858,1,95,80.65,167.83,95.72029391349643
4102,58,64800.0,307,12.71,0.977,10,0.4273,0,55,55.29,57.64,55.46995328157972
4103,42,34900.0,516,18.14,0.872,15,0.3169,1,55,52.99,126.2,54.6888564742525
4104,86,74700.0,331,27.11,0.906,10,0.4952,0,55,87.07,87.14,54.67292546842467
4105,49,64500.0,325,27.07,0.923,10,0.431,1,55,100.64,146.41,54.464533684703774
4106,68,79300.0,187,23.58,0.16,1,0.4787,1,55,20.57,73.99,54.663640035259505
4107,18,32700.0,131,5.88,1.603,7,0.2139,1,95,35.49,117.78,96.96797796984829
4108,77,69600.0,136,23.68,0.221,1,0.4043,0,95,26.04,54.77,95.1378127688454
4109,80,99000.0,505,29.69,0.713,12,0.6889,1,55,87.15,160.16,48.90767243019511
4110,56,108800.0,404,22.84,0.668,9,0.7131,1,35,44.64,92.11,45.68259423480271
4111,64,93700.0,110,23.69,1.091,4,0.5432,1,95,121.97,224.48,93.78447037855167
4112,64,42100.0,437,18.73,0.618,9,0.3342,1,55,36.23,89.58,54.525375979502876
4113,44,72300.0,346,29.78,0.694,8,0.4851,0,55,75.11,73.68,53.69980893607282
4114,64,56700.0,5,17.23,5.0,5,0.2957,0,95,353.8,351.59,93.18203826495785
4115,41,68200.0,154,24.69,0.195,1,0.4014,1,95,19.42,138.18,95.43025669391382
4116,45,46800.0,229,18.6,0.786,6,0.3031,0,55,52.34,50.41,54.56611968365371
4117,74,32800.0,178,15.92,0.169,1,0.2243,0,95,7.01,1.36,91.91450919185668
4118,72,61200.0,1100,25.83,0.818,30,0.647,1,55,77.47,131.43,54.410026584489636
4119,43,77800.0,166,17.51,0.361,2,0.463,1,95,18.88,119.05,94.276800916096
4120,43,68600.0,355,21.44,0.761,9,0.4652,0,55,71.58,36.75,53.79246109110581
4121,44,71300.0,490,20.83,0.49,8,0.5237,0,55,36.84,40.78,53.61816325952365
4122,67,71900.0,842,13.25,0.891,25,0.6337,1,55,38.68,68.25,54.26697663908739
4123,38,70100.0,253,26.68,0.83,7,0.4429,1,55,82.5,152.22,53.72860393600471
4124,61,77300.0,21,25.74,1.429,1,0.4155,0,95,145.89,128.65,94.16911411690272
4125,68,61800.0,250,19.44,1.08,9,0.3923,0,55,77.99,69.96,55.15115427172862
4126,53,66300.0,716,18.64,0.587,14,0.563,0,55,41.3,22.13,55.643980181103714
4127,72,105000.0,25,25.75,1.2,1,0.5855,0,75,126.38,144.39,93.10176657744547
4128,50,67000.0,569,23.59,0.791,15,0.5219,1,55,70.79,125.67,53.97942910577903
4129,51,65100.0,272,20.03,0.221,2,0.4185,1,55,10.83,88.09,55.69855122788828
4130,38,63800.0,348,16.23,0.345,4,0.4338,0,55,16.82,36.7,54.78642762189977
4131,72,63800.0,40,16.98,0.75,1,0.3431,1,95,62.08,169.57,95.98963699456053
4132,42,53300.0,136,17.93,0.221,1,0.3125,1,95,33.25,114.23,94.02656373086968
4133,61,70600.0,87,15.93,0.345,1,0.3956,1,95,22.35,119.01,95.87661782252714
4134,54,54200.0,95,19.8,1.263,4,0.3063,0,95,105.83,119.49,95.10566488560646
4135,37,58300.0,775,14.78,0.852,22,0.5324,1,55,42.85,101.74,54.57259093162118
4136,45,46400.0,179,12.19,1.676,10,0.2881,0,95,77.0,73.3,83.81516852693402
4137,79,72100.0,614,36.78,0.733,15,0.5669,1,55,111.44,169.95,53.975505785293
4138,58,77900.0,1100,31.38,0.764,28,0.7343,1,55,76.99,136.47,54.11628004574399
4139,38,57100.0,147,19.28,0.816,4,0.336,1,95,69.11,149.34,94.11702943969296
4140,60,30000.0,264,18.76,0.909,8,0.2311,0,55,63.69,58.03,54.943366081175455
4141,53,77000.0,1054,26.65,0.797,28,0.7186,1,55,76.34,137.87,54.10569207060082
4142,90,74500.0,817,20.8,0.845,23,0.6413,0,55,73.41,82.15,53.889041016516536
4143,60,45100.0,219,18.18,1.096,8,0.2917,0,55,91.24,93.67,54.877919871659046
4144,49,80000.0,303,20.69,0.891,9,0.5191,1,55,71.24,122.16,54.06579546725663
4145,79,40400.0,822,22.34,0.912,25,0.4374,0,55,83.83,81.91,54.38361387250755
4146,24,80800.0,471,28.47,0.764,12,0.5757,1,55,90.63,138.09,53.60527585571646
4147,57,64200.0,37,27.44,0.811,1,0.3444,0,95,90.94,89.89,94.97218795529257
4148,89,30000.0,1100,15.83,0.709,26,0.4597,1,55,36.92,100.42,55.01028812865581
4149,53,68300.0,203,31.08,0.739,5,0.4168,0,55,93.66,117.94,53.63720582907604
4150,26,50700.0,101,17.22,0.297,1,0.2899,0,95,21.93,9.89,94.3908715795611
4151,48,51900.0,714,28.02,0.672,16,0.4742,0,55,53.48,66.15,54.658185378288636
4152,80,54500.0,438,15.86,0.548,8,0.4054,0,55,41.63,45.45,54.543459316779135
4153,61,63500.0,467,13.04,0.835,13,0.4687,0,55,31.52,15.51,54.27968994324792
4154,41,52000.0,423,27.94,0.851,12,0.3862,1,55,96.13,150.16,54.024305154482455
4155,43,30000.0,56,17.8,0.536,1,0.1883,0,95,50.31,48.49,94.41932942653264
4156,45,89700.0,97,26.05,0.309,1,0.5146,1,95,30.25,125.23,93.40789927101012
4157,61,61100.0,915,17.36,0.918,28,0.5922,1,55,55.38,120.85,54.26592578002926
4158,78,54200.0,1100,13.9,0.791,29,0.6068,1,55,48.45,123.2,54.62922781611159
4159,73,44900.0,41,12.98,1.463,2,0.2472,0,95,87.17,100.12,94.82871059502962
4160,63,82800.0,481,23.11,0.624,10,0.5907,1,55,48.81,105.94,54.15493968510321
4161,32,33100.0,350,14.21,0.857,10,0.2652,1,55,29.83,88.07,54.150379530182875
4162,32,63200.0,36,9.78,0.833,1,0.3386,1,95,42.05,157.84,98.52636622824427
4163,64,54500.0,480,26.64,0.625,10,0.4181,0,55,73.43,62.85,54.503510250847214
4164,32,49400.0,334,15.31,0.629,7,0.3457,0,55,41.6,54.02,53.949108362626134
4165,51,41000.0,178,22.34,0.506,3,0.2614,0,95,30.82,19.34,91.70649514621525
4166,60,53000.0,631,14.42,0.523,11,0.4552,1,55,34.95,74.69,54.917269146215496
4167,36,61400.0,1100,19.98,0.655,24,0.6481,1,55,60.62,121.93,54.9509676489618
4168,38,66500.0,841,24.84,0.713,20,0.602,1,55,88.09,126.52,54.17353913761986
4169,53,48100.0,1100,21.39,0.682,25,0.5704,0,55,56.1,52.17,54.61870423882614
4170,64,64900.0,113,18.4,0.531,2,0.3701,0,95,40.35,54.1,95.4203642425921
4171,73,87300.0,416,25.64,0.433,6,0.5979,0,55,27.19,18.05,54.119889427005546
4172,65,32100.0,267,18.19,1.011,9,0.241,0,55,81.31,99.28,55.79046843215431
4173,56,65100.0,305,19.03,1.377,14,0.4285,0,55,112.37,89.8,54.94287600694864
4174,42,42400.0,28,10.79,4.286,4,0.2331,0,95,188.21,198.66,93.66691096616752
4175,37,39300.0,218,12.77,1.239,9,0.2629,1,55,72.79,113.95,55.02121100988646
4176,46,68700.0,271,18.41,0.996,9,0.4399,0,55,67.09,65.15,55.84073726556993
4177,62,54900.0,248,18.37,0.847,7,0.3521,0,55,60.49,62.65,54.5589909843034
4178,61,40600.0,215,24.05,0.837,6,0.2684,0,55,79.09,76.26,53.96459630146752
4179,19,85600.0,186,27.38,0.323,2,0.5171,1,55,44.17,96.6,54.43137306522551
4180,42,81700.0,164,18.17,1.098,6,0.4863,1,95,88.78,169.27,94.26841126572046
4181,75,30000.0,152,23.68,1.184,6,0.2072,0,95,114.69,128.84,95.11824742115827
4182,56,34200.0,942,14.74,0.701,22,0.4366,1,55,43.45,86.16,54.681011585492016
4183,31,72700.0,662,24.27,0.816,18,0.5851,0,55,83.62,71.32,53.373514161251386
4184,90,66000.0,330,15.21,0.545,6,0.4416,0,55,30.47,29.49,54.55060910267261
4185,55,96500.0,229,22.21,0.524,4,0.5963,0,55,57.45,50.48,50.89073505170251
4186,62,79300.0,439,27.08,0.888,13,0.5568,1,55,92.57,155.96,53.806373239184346
4187,62,72700.0,590,16.51,0.814,16,0.5632,0,55,57.19,51.86,54.38219932407247
4188,49,42300.0,33,16.62,0.909,1,0.2337,0,95,55.66,55.65,94.2044167860465
4189,43,72900.0,123,23.29,0.488,2,0.4201,1,95,53.04,149.18,95.45611586162346
4190,90,45200.0,702,11.67,0.769,18,0.4297,1,55,35.1,99.84,55.77526388768385
4191,72,95800.0,366,15.48,0.328,4,0.6326,0,55,36.84,31.57,53.54778434150832
4192,69,76700.0,174,26.04,0.345,2,0.4587,0,95,34.92,18.21,93.55314726096479
4193,65,49700.0,836,31.77,0.61,17,0.4986,0,55,85.02,76.92,54.27695102901904
4194,38,78500.0,150,24.07,0.8,4,0.4623,1,95,71.98,178.35,94.30216367968647
4195,77,116500.0,4,30.73,5.0,3,0.6461,0,75,612.14,615.62,96.93236626690268
4196,41,57600.0,113,14.22,1.062,4,0.3293,0,95,60.07,56.37,94.87902376006687
4197,60,77600.0,886,28.99,0.711,21,0.6776,1,55,85.26,140.87,53.710156734872434
4198,27,50300.0,147,15.66,0.408,2,0.2997,0,95,19.59,16.93,93.61391308724775
4199,20,59800.0,294,24.79,0.51,5,0.3937,1,55,46.01,108.88,53.498301023608214
4200,60,34300.0,163,18.18,1.84,10,0.2275,0,95,134.52,137.89,95.18370673407772
4201,41,62200.0,475,22.49,0.758,12,0.4632,1,55,71.38,123.59,53.983451431889975
4202,21,59100.0,374,21.83,0.802,10,0.4135,0,55,69.74,78.92,53.571190798109264
4203,64,104600.0,63,28.5,0.476,1,0.5945,0,75,52.83,64.6,94.76777546469422
4204,90,34300.0,44,16.56,0.682,1,0.2025,0,95,34.56,25.36,94.43045206765198
4205,79,63900.0,353,24.43,0.765,9,0.436,0,55,78.76,69.75,54.65939643594926
4206,51,91300.0,24,20.06,1.25,1,0.5017,1,95,107.04,226.05,94.5318705930471
4207,55,59900.0,912,17.79,0.757,23,0.5842,0,55,61.56,67.82,54.248104854171395
4208,70,64400.0,398,27.0,0.754,10,0.4528,1,55,82.63,154.33,54.64485498877601
4209,74,51300.0,1100,18.56,0.791,29,0.5896,0,55,53.9,62.82,54.487832394280936
4210,49,44200.0,867,15.0,0.554,16,0.4744,1,55,30.67,90.26,55.009530865737815
4211,56,30000.0,449,19.67,0.535,8,0.2745,0,55,43.33,21.96,54.49431337380567
4212,60,52800.0,360,22.11,0.75,9,0.3724,1,55,66.18,108.97,53.784133458979255
4213,64,46000.0,1100,10.4,0.709,26,0.5577,1,55,22.73,84.24,54.989259870902956
4214,53,67100.0,318,23.71,0.66,7,0.4446,0,55,49.14,40.09,53.878241329502636
4215,53,48100.0,658,17.9,0.775,17,0.4337,0,55,51.05,49.56,54.7725397245914
4216,78,59500.0,235,22.48,0.511,4,0.3746,1,55,43.73,107.84,53.6499253913677
4217,76,59700.0,387,19.01,0.775,10,0.421,1,55,61.4,117.76,54.77709376536539
4218,63,65600.0,582,22.16,0.825,16,0.5173,1,55,69.85,128.84,54.4086336549556
4219,84,59700.0,563,9.8,0.746,14,0.4751,1,55,27.23,96.11,55.343841975248445
4220,48,41300.0,544,11.72,0.882,16,0.3599,1,55,42.24,112.11,54.63543199839012
4221,83,72400.0,209,24.56,0.144,1,0.4433,1,55,26.68,81.12,54.7232068243126
4222,64,89200.0,358,36.49,0.587,7,0.5917,1,55,84.35,152.09,53.70012405270216
4223,90,74700.0,343,23.04,0.962,11,0.4989,0,55,76.27,66.66,55.68621862147941
4224,35,48200.0,111,13.77,0.27,1,0.2799,0,95,9.4,11.66,93.89380251557908
4225,43,60000.0,1100,19.68,0.655,24,0.6402,1,55,66.03,126.69,54.953534746139674
4226,62,30000.0,48,10.03,0.625,1,0.1867,0,95,36.55,35.49,96.63640652211862
4227,62,63500.0,315,25.77,0.762,8,0.422,1,55,86.06,138.84,54.12402752530545
4228,88,63200.0,694,19.72,0.692,16,0.5374,0,55,60.2,49.0,56.06662974412415
4229,44,43200.0,23,21.75,5.0,6,0.2355,0,95,440.7,440.35,93.37980411629893
4230,70,52200.0,71,17.06,1.268,3,0.2898,1,95,84.62,163.53,95.21183363375233
4231,75,60400.0,703,24.77,0.64,15,0.523,1,55,70.35,124.02,55.545764076931995
4232,67,88200.0,275,15.11,0.327,3,0.5605,1,55,27.01,82.62,55.35540537708155
4233,39,84700.0,336,22.83,0.893,10,0.558,1,55,88.3,150.76,53.80873670646332
4234,79,50300.0,459,20.24,0.588,9,0.3869,0,55,42.82,31.05,54.61670688132026
4235,76,58300.0,38,17.4,5.0,7,0.3127,0,95,345.4,348.8,93.14511045216057
4236,65,56700.0,660,20.3,0.818,18,0.4869,0,55,61.29,66.98,54.85082531030202
4237,58,82600.0,102,24.1,1.176,4,0.4725,0,95,121.34,121.12,94.26050154034505
4238,59,68900.0,495,25.58,0.788,13,0.5106,1,55,83.05,142.53,53.99684946718207
4239,54,66700.0,565,23.11,0.903,17,0.5188,0,55,86.61,89.31,54.118444065221624
4240,66,78500.0,961,23.74,0.531,17,0.7023,1,55,55.03,84.02,54.437850826040595
4241,56,52700.0,57,22.3,0.526,1,0.2887,0,95,35.62,26.4,94.9263832180512
4242,41,90800.0,64,16.85,2.344,5,0.5111,0,95,165.04,186.47,92.32705338381392
4243,37,61400.0,620,15.45,0.968,20,0.5033,1,55,55.5,117.06,55.3708961770447
4244,42,44400.0,329,9.73,0.456,5,0.3171,0,55,14.15,8.13,54.28933274490066
4245,59,61000.0,50,21.89,0.6,1,0.3305,1,95,45.85,144.52,95.50602753284129
4246,55,90900.0,167,25.7,0.898,5,0.5437,0,95,92.95,100.06,93.27786167600813
4247,59,56900.0,1100,25.46,0.791,29,0.6225,1,55,80.02,150.43,54.44099394782097
4248,64,86700.0,303,24.76,0.792,8,0.56,1,55,67.31,118.42,53.74316207721963
4249,44,49700.0,943,14.3,0.732,23,0.5318,0,55,27.56,21.6,54.67400808692257
4250,80,53900.0,535,18.76,0.449,8,0.4312,1,55,32.07,82.1,55.205653440476055
4251,50,77900.0,687,12.31,0.699,16,0.6231,0,55,40.93,35.22,54.8573506751225
4252,48,45200.0,127,14.74,0.472,2,0.2691,0,95,33.57,27.52,93.55888083176703
4253,63,83900.0,309,10.85,0.583,6,0.5448,1,55,33.31,90.18,54.40727861406519
4254,24,66200.0,322,21.57,0.186,2,0.4404,1,55,14.47,65.26,55.140503006763815
4255,42,44100.0,572,15.22,0.839,16,0.3841,0,55,48.25,47.63,54.623467430871635
4256,72,66900.0,303,19.37,0.99,10,0.4388,1,55,75.82,149.54,56.11206102500508
4257,25,47500.0,493,12.47,0.609,10,0.3807,1,55,36.81,82.23,54.59921388153106
4258,74,76100.0,875,18.07,0.72,21,0.6665,1,55,64.94,123.31,54.333947887989886
4259,81,109800.0,181,29.93,0.497,3,0.6587,1,35,55.82,79.46,47.24019942500254
4260,49,56000.0,175,11.22,0.514,3,0.3377,0,95,20.94,30.21,96.33333152506714
4261,60,77200.0,148,24.11,1.014,5,0.4537,0,95,98.04,109.23,94.30396102356679
4262,74,69300.0,144,16.34,1.042,5,0.4049,0,95,65.98,57.31,95.65386851488987
4263,47,63900.0,182,11.18,1.319,8,0.3845,1,55,54.34,102.38,55.10880967951542
4264,70,64500.0,67,25.81,2.239,5,0.3546,0,95,230.15,236.82,94.61209058819166
4265,44,44800.0,119,23.37,0.504,2,0.2653,0,95,40.79,38.04,93.89817611432035
4266,47,70400.0,61,17.86,4.918,10,0.3867,0,95,357.15,371.32,93.44453257039117
4267,41,56100.0,481,15.67,1.06,17,0.428,0,55,78.23,66.21,54.93197299567315
4268,61,47200.0,910,15.83,0.692,21,0.5062,0,55,41.55,52.32,54.806646453360365
4269,75,90300.0,347,19.49,0.778,9,0.595,0,55,73.96,96.33,54.26512104560409
4270,52,66500.0,957,16.81,0.564,18,0.6361,1,55,37.06,95.98,55.32640451309547
4271,33,55800.0,301,20.62,0.797,8,0.3725,1,55,60.16,108.79,53.95885085747332
4272,37,89500.0,21,33.79,5.0,6,0.4897,0,95,681.29,673.52,96.96805804326252
4273,62,30000.0,149,12.73,2.416,12,0.2066,0,95,115.63,114.01,89.03382338908932
4274,86,97900.0,213,29.8,0.704,5,0.5998,1,55,88.91,150.67,50.93033325557838
4275,62,47900.0,234,18.95,0.897,7,0.3102,0,55,70.02,55.09,54.790078009796574
4276,48,68000.0,530,11.84,0.849,15,0.5159,1,55,36.98,88.88,54.35539469756484
4277,68,55300.0,265,18.17,1.472,13,0.3592,1,55,102.91,159.23,55.08096219159025
4278,51,44800.0,465,15.97,0.581,9,0.3571,0,55,30.13,45.67,54.38841442350396
4279,49,91400.0,207,31.03,1.884,13,0.559,1,55,242.09,315.71,54.14917405884593
4280,39,100800.0,177,32.65,0.508,3,0.6062,1,75,64.56,138.25,94.22467423785952
4281,79,65200.0,979,21.66,0.644,21,0.635,0,55,58.29,47.2,55.02084453516431
4282,18,64600.0,1100,25.76,0.736,27,0.6659,1,55,75.75,132.15,54.53216876086008
4283,69,69000.0,280,19.62,0.536,5,0.4445,0,55,40.37,42.13,54.621185508742805
4284,47,99700.0,694,30.55,0.821,19,0.7403,1,55,102.94,169.8,47.628048313070984
4285,48,30000.0,403,15.0,0.372,5,0.2632,0,55,26.42,21.98,54.86296713920246
4286,84,78700.0,541,27.29,0.776,14,0.5843,1,55,85.82,130.93,54.09296259779657
4287,43,47300.0,6,23.09,5.0,2,0.2501,0,95,460.29,460.17,93.41764576289684
4288,43,30000.0,64,18.08,2.812,6,0.1898,0,95,194.67,191.27,86.0690641672816
4289,53,57000.0,31,14.84,2.903,3,0.304,1,95,167.49,258.83,86.17166143239446
4290,62,105200.0,68,23.68,2.647,6,0.5996,0,75,248.28,239.59,86.35969265509836
4291,47,49600.0,253,21.2,0.593,5,0.3243,1,55,50.41,92.86,53.50728051652596
4292,28,76200.0,605,25.9,0.793,16,0.5887,0,55,68.24,74.35,53.287105118559175
4293,40,87200.0,20,23.87,1.5,1,0.4753,0,95,148.18,150.82,94.55363293913396
4294,77,69100.0,101,18.8,0.594,2,0.3909,1,95,47.24,134.2,95.49641581858431
4295,56,67700.0,143,21.11,1.049,5,0.3952,0,95,83.92,92.12,96.1364669626543
4296,63,30600.0,501,13.2,0.838,14,0.2906,1,55,36.92,73.49,54.92939714956107
4297,51,49200.0,30,16.02,1.0,1,0.2648,0,95,58.59,54.51,94.56357980953723
4298,44,81800.0,8,32.07,3.75,1,0.4386,1,95,470.46,567.61,92.00884364533077
4299,84,72100.0,271,18.44,0.664,6,0.4606,1,55,46.26,112.34,54.63810550367184
4300,52,72100.0,552,23.35,0.707,13,0.5478,0,55,64.6,59.04,53.86133053309653
4301,47,66200.0,116,20.69,1.293,5,0.3785,1,95,114.36,220.6,96.49380196975936
4302,74,114800.0,281,21.09,0.641,6,0.712,0,35,57.87,51.35,45.8429185704073
4303,43,53600.0,180,11.73,0.833,5,0.326,0,55,49.06,57.28,56.68118441148338
4304,45,96700.0,597,24.1,0.653,13,0.7012,1,55,63.85,135.67,51.46149664765188
4305,55,67800.0,272,10.41,1.103,10,0.4348,0,55,38.64,28.64,54.89344549914629
4306,55,100600.0,1100,34.24,0.845,31,0.8285,1,35,129.66,166.17,51.209700222329
4307,59,40100.0,639,14.21,0.704,15,0.3806,0,55,37.47,42.87,55.20010846477755
4308,90,75900.0,779,19.17,1.078,28,0.6383,1,55,70.3,112.85,54.32700579195992
4309,61,57900.0,51,24.8,0.588,1,0.3141,1,95,60.09,159.42,95.26135995213318
4310,18,60500.0,215,18.37,1.116,8,0.3745,1,55,69.28,118.62,54.67761915520967
4311,61,91900.0,410,27.04,0.512,7,0.623,1,55,54.7,101.27,53.552984929266096
4312,56,73200.0,1100,18.12,0.818,30,0.7112,1,55,55.49,106.25,54.80014014091547
4313,56,90800.0,19,23.85,4.737,3,0.4971,1,95,456.1,546.14,90.78387118362555
4314,59,51700.0,176,22.6,0.17,1,0.3147,1,95,23.0,126.0,93.82497501957307
4315,55,47700.0,261,12.85,0.69,6,0.3163,0,55,32.87,32.86,54.158791870088194
4316,54,65100.0,105,22.4,2.286,8,0.3689,0,95,201.66,224.76,94.09345068296095
4317,65,66200.0,112,7.85,0.268,1,0.3773,0,95,14.48,9.12,98.42185850121734
4318,46,59300.0,129,25.22,0.93,4,0.3431,1,95,87.68,187.42,94.51433082226107
4319,39,41700.0,816,13.47,0.772,21,0.4434,1,55,42.11,95.6,54.415924979128185
4320,90,97200.0,81,24.15,0.741,2,0.5555,1,95,75.91,158.15,93.61147787124612
4321,43,55000.0,48,17.76,0.625,1,0.2981,0,95,38.08,53.98,94.85168479116288
4322,57,95300.0,9,19.42,5.0,3,0.5217,1,95,385.99,482.19,93.54298446935476
4323,30,60300.0,1073,13.79,0.755,27,0.6342,1,55,42.45,89.64,54.91764020173207
4324,57,79000.0,87,24.46,1.724,5,0.4459,0,95,179.32,183.32,94.93838591471953
4325,39,73500.0,277,23.87,0.866,8,0.471,1,55,73.01,138.34,53.81758689927703
4326,47,46100.0,552,12.49,0.761,14,0.3899,0,55,36.83,28.34,54.77044858160015
4327,73,76300.0,354,24.15,0.847,10,0.5122,0,55,92.65,93.15,54.39206015615568
4328,63,107100.0,152,28.85,0.197,1,0.6353,0,75,30.5,40.91,94.72012612138784
4329,65,72300.0,8,18.95,5.0,5,0.3822,1,95,376.8,473.45,93.42466026236707
4330,25,77900.0,127,15.22,0.472,2,0.4515,0,95,28.16,33.71,94.57298226141944
4331,86,85800.0,1100,22.68,0.709,26,0.7705,0,55,68.0,65.36,53.54943253390781
4332,35,67400.0,19,21.94,5.0,4,0.3573,0,95,442.64,426.91,93.37150306090292
4333,81,74100.0,396,20.82,0.833,11,0.5117,1,55,80.4,132.88,54.18034852379139
4334,72,79900.0,264,19.02,0.682,6,0.5063,1,55,60.94,110.33,54.27482060254985
4335,65,83000.0,21,24.78,2.857,2,0.4499,1,95,272.13,366.04,85.6167001749834
4336,40,33600.0,274,21.37,0.985,9,0.2495,0,55,71.44,65.94,55.61693492535881
4337,58,70800.0,242,16.77,0.744,6,0.4437,0,55,45.56,47.26,54.22261944839039
4338,47,59500.0,80,17.43,1.875,5,0.3306,0,95,115.9,112.44,95.88505567955004
4339,55,56800.0,58,32.24,0.517,1,0.3101,1,95,77.17,180.26,95.496166472549
4340,51,91400.0,3,25.16,5.0,1,0.4958,1,95,491.23,592.39,93.46871404910416
4341,20,42600.0,1100,10.06,0.818,30,0.537,0,55,30.52,21.28,54.58527970325835
4342,74,39500.0,171,13.54,1.053,6,0.2527,0,95,50.06,62.63,94.28464902532907
4343,54,81500.0,934,18.44,0.546,17,0.7107,0,55,27.58,20.34,54.197524583308024
4344,47,33600.0,355,16.94,0.676,8,0.2688,0,55,55.25,44.01,54.41276615899366
4345,45,30000.0,531,16.04,0.565,10,0.2953,1,55,31.64,97.19,55.21793972354015
4346,61,85300.0,776,19.61,0.889,23,0.689,1,55,84.99,134.07,53.93837732894862
4347,40,65300.0,58,29.08,0.517,1,0.3566,0,95,71.38,72.36,95.30458577454803
4348,18,67500.0,210,20.55,1.286,9,0.4141,1,55,105.68,147.81,54.68609781361491
4349,62,57100.0,113,16.29,0.265,1,0.3266,1,95,0.51,91.85,94.61042342309501
4350,64,37700.0,352,9.55,0.852,10,0.2884,0,55,29.82,28.67,54.442056960203516
4351,52,39500.0,9,11.45,3.333,1,0.2165,0,95,170.94,167.01,90.06069135789072
4352,35,55300.0,265,12.06,1.698,15,0.3592,0,55,85.34,80.2,54.71126022940484
4353,57,38700.0,166,14.85,1.446,8,0.2478,0,95,84.55,84.96,94.5886966428328
4354,30,66400.0,108,15.54,1.667,6,0.3773,0,95,98.73,108.63,96.35526122393487
4355,38,51900.0,262,21.7,1.489,13,0.3394,0,55,136.34,126.93,54.76285017734982
4356,42,66300.0,265,17.02,0.792,7,0.4236,0,55,56.88,31.6,54.54930676986497
4357,69,71100.0,194,24.87,0.773,5,0.4309,1,55,79.17,146.56,53.492027845128206
4358,49,71900.0,298,23.24,0.705,7,0.4677,0,55,74.63,68.04,53.542086141616075
4359,47,73900.0,50,24.31,1.2,2,0.404,0,95,125.35,119.62,96.06534716814156
4360,88,64400.0,579,24.14,0.311,6,0.509,1,55,33.53,83.07,55.57420049806227
4361,61,70100.0,618,30.48,0.728,15,0.556,0,55,76.06,62.78,53.72032732297672
4362,61,71200.0,880,16.44,0.784,23,0.6406,1,55,43.7,94.75,54.08981652839491
4363,49,30000.0,364,18.73,0.742,9,0.2539,1,55,50.66,102.86,54.23009785161302
4364,45,76600.0,125,23.48,0.24,1,0.443,1,95,22.24,121.6,94.4678882426166
4365,18,60700.0,1100,24.42,0.736,27,0.6442,1,55,83.88,133.41,54.50277602665166
4366,71,80000.0,283,22.55,0.212,2,0.5128,0,55,35.54,11.13,55.17292387527934
4367,63,39600.0,228,21.82,1.447,11,0.2668,0,55,129.43,116.05,54.699798492925645
4368,52,57800.0,90,12.21,0.333,1,0.3241,0,95,20.67,31.82,95.43133368377127
4369,53,41700.0,334,11.23,0.18,2,0.3042,0,55,0.0,0.0,55.523803793544594
4370,68,83200.0,1100,19.63,0.736,27,0.759,1,55,54.41,114.87,53.800358437502204
4371,29,30300.0,273,14.17,1.099,10,0.2344,1,55,57.87,105.73,54.90814142235951
4372,45,43500.0,982,16.76,0.764,25,0.5059,1,55,46.13,109.25,54.614124465973646
4373,36,72400.0,716,17.16,0.628,15,0.5995,1,55,47.74,103.73,54.827805859914726
4374,85,57800.0,1100,13.72,0.682,25,0.6277,0,55,33.82,19.31,55.21845997273463
4375,70,48500.0,679,14.0,0.707,16,0.4426,0,55,24.43,12.72,55.780919152074844
4376,18,76600.0,163,12.94,0.552,3,0.4547,0,95,35.31,20.41,94.53434412174786
4377,29,79700.0,731,20.51,0.575,14,0.646,1,55,56.8,120.93,54.684661716099704
4378,53,79800.0,89,21.68,0.674,2,0.4514,1,95,60.76,143.17,94.59482196068726
4379,47,81200.0,27,24.39,1.111,1,0.4408,0,95,107.04,103.35,94.80696606696932
4380,32,55500.0,314,19.16,1.051,11,0.3745,0,55,73.35,72.55,55.06206833099377
4381,88,67300.0,520,29.06,0.923,16,0.5085,0,55,100.59,102.81,54.603509558107326
4382,60,52400.0,1012,21.92,0.652,22,0.5695,1,55,65.74,116.12,54.71737648838138
4383,63,70100.0,22,24.2,1.364,1,0.3735,0,95,126.05,110.29,96.49052065239488
4384,43,51500.0,215,19.55,0.558,4,0.3242,0,55,59.74,47.67,53.98812352202293
4385,67,58300.0,404,21.42,0.743,10,0.4178,1,55,71.26,115.74,54.60687740214853
4386,49,76400.0,129,20.36,0.93,4,0.443,1,95,78.46,146.97,94.53671300401257
4387,50,88900.0,582,23.83,0.825,16,0.6553,1,55,100.36,159.67,53.870150681656206
4388,65,75400.0,62,30.92,1.452,3,0.4166,1,95,189.79,289.84,94.90403580684088
4389,27,97100.0,862,24.21,0.905,26,0.7673,1,55,84.2,128.48,52.310639606938885
4390,82,55600.0,656,11.68,0.777,17,0.4789,0,55,28.11,41.16,55.60873120810691
4391,58,30000.0,168,17.98,0.179,1,0.2105,0,95,9.48,8.42,94.41065925706394
4392,77,84400.0,269,27.04,0.223,2,0.5355,1,55,23.3,86.77,54.88287817432718
4393,37,45200.0,64,17.55,3.281,7,0.254,1,95,224.26,327.02,85.97078069627685
4394,39,56100.0,980,9.02,0.796,26,0.582,0,55,19.72,18.38,54.604113069147616
4395,35,30000.0,259,20.93,0.811,7,0.2299,0,55,69.78,49.49,54.22514614997071
4396,59,46900.0,184,18.18,0.978,6,0.2919,0,55,78.23,80.22,55.10959093918915
4397,56,33700.0,785,13.5,0.764,20,0.3863,0,55,56.12,61.38,54.9964255649596
4398,47,54300.0,210,24.09,1.0,7,0.3381,1,55,96.97,145.45,54.91877089348205
4399,38,53300.0,34,7.87,0.882,1,0.2859,1,95,32.59,129.19,97.3837330961156
4400,33,62500.0,380,19.93,1.026,13,0.4358,1,55,66.98,121.7,55.03787125213843
4401,54,90800.0,113,20.92,0.265,1,0.5263,1,95,29.04,114.51,94.00684636153626
4402,47,77600.0,373,29.1,0.563,7,0.5261,1,55,57.46,111.46,53.788139267533154
4403,43,30000.0,274,15.71,0.219,2,0.2333,0,55,16.2,11.11,55.96018761341945
4404,81,83000.0,31,18.13,0.968,1,0.453,0,95,69.85,73.61,94.6830186205796
4405,54,67100.0,841,25.76,0.892,25,0.6055,0,55,89.98,84.08,54.04086611744479
4406,77,67300.0,349,7.8,0.602,7,0.4554,0,55,6.91,0.0,54.57980694174897
4407,46,62700.0,563,21.94,0.533,10,0.4936,1,55,40.72,79.34,54.34703815071369
4408,59,70100.0,1100,14.2,0.764,28,0.6953,1,55,35.76,112.82,55.14535069936427
4409,54,50300.0,314,15.23,0.573,6,0.3451,0,55,30.15,25.63,54.388351483203415
4410,26,55400.0,51,17.11,3.529,6,0.301,0,95,250.98,239.68,85.75699581044631
4411,79,94700.0,908,28.76,0.859,26,0.7669,1,55,96.0,157.03,52.6114926480868
4412,53,49800.0,948,28.49,0.633,20,0.534,1,55,66.75,123.62,54.48901060430579
4413,68,46000.0,103,8.0,0.583,2,0.2671,0,95,23.85,29.33,96.45052950718966
4414,42,61100.0,198,21.4,0.455,3,0.373,0,55,41.56,48.1,53.53146586363527
4415,52,40700.0,134,27.12,0.224,1,0.2496,0,95,40.56,51.53,95.29419139124178
4416,40,30000.0,105,11.64,0.571,2,0.1978,1,95,34.67,119.03,94.96512727644809
4417,76,62000.0,826,16.13,0.835,23,0.5706,0,55,37.96,39.43,54.91963945129328
4418,60,96400.0,83,25.64,0.723,2,0.5513,0,95,80.59,64.8,93.21797646978455
4419,61,65400.0,308,23.95,0.584,6,0.4313,0,55,61.44,58.37,54.11635628092632
4420,78,73400.0,135,24.3,0.222,1,0.4267,0,95,34.85,41.56,94.76815947187586
4421,75,30000.0,266,12.71,0.564,5,0.2315,0,55,27.09,18.13,54.433838204524044
4422,68,76800.0,1100,17.51,0.791,29,0.729,1,55,64.17,141.48,54.84827833289756
4423,31,62200.0,381,25.91,0.394,5,0.4342,0,55,38.0,38.18,53.72121962917021
4424,43,48600.0,231,13.42,1.299,10,0.3131,0,55,72.05,53.95,54.903781405285216
4425,38,65400.0,138,10.23,0.435,2,0.3803,0,95,9.36,16.41,98.24881866258558
4426,67,71000.0,467,13.38,0.771,12,0.5148,0,55,30.27,52.47,54.4362340345287
4427,58,43400.0,489,13.63,0.675,11,0.356,0,55,43.76,21.39,54.544473637751814
4428,31,67200.0,548,27.54,0.547,10,0.5166,0,55,60.29,67.43,54.02267923768233
4429,52,89500.0,164,17.48,0.915,5,0.5342,1,95,53.73,138.84,93.96942294684762
4430,30,55200.0,115,25.89,0.261,1,0.3169,0,95,33.55,33.0,94.1680016126544
4431,54,46600.0,134,23.52,0.224,1,0.2777,0,95,0.0,0.0,94.08813886556541
4432,27,55700.0,362,19.48,0.166,2,0.3898,1,55,6.46,69.99,55.39827162002712
4433,64,84700.0,482,9.96,0.996,16,0.6022,1,55,26.39,78.21,55.375837747505884
4434,61,40400.0,454,10.14,0.727,11,0.3296,1,55,39.08,105.68,54.54308944081388
4435,87,83500.0,300,19.36,1.1,11,0.5396,1,55,81.72,126.42,55.138979994144165
4436,69,53600.0,1100,26.69,0.791,29,0.6032,1,55,85.08,138.01,54.231857176280364
4437,48,68700.0,180,17.46,1.333,8,0.4122,1,55,95.53,127.39,57.416391398739265
4438,69,55900.0,1042,14.52,0.691,24,0.5995,1,55,46.6,127.58,55.10309138915095
4439,31,48300.0,227,18.19,0.264,2,0.3104,0,55,24.77,43.97,55.447422700903246
4440,39,93800.0,288,17.02,0.938,9,0.598,1,55,70.27,147.06,54.65387460732458
4441,61,36600.0,1100,15.37,0.764,28,0.5002,1,55,44.85,115.18,54.739545130421796
4442,18,67800.0,399,16.18,0.677,9,0.4739,0,55,50.64,44.73,53.88724957131679
4443,54,101200.0,895,38.62,0.838,25,0.7916,1,35,124.21,158.77,49.48136961080959
4444,38,76000.0,650,16.81,0.785,17,0.601,1,55,49.57,107.48,54.0148332277581
4445,57,37400.0,320,25.26,0.938,10,0.2788,1,55,82.48,141.23,54.999152637367466
4446,37,34500.0,239,9.47,0.377,3,0.2455,1,55,27.69,71.74,54.731951034397646
4447,62,50600.0,468,18.9,0.962,15,0.3914,0,55,64.78,53.32,55.6252886137428
4448,55,68300.0,457,22.75,0.722,11,0.495,1,55,76.99,118.62,54.12849202713555
4449,79,74500.0,783,21.88,0.881,23,0.6315,1,55,81.4,132.14,54.242304525973395
4450,55,38300.0,545,16.15,0.936,17,0.3434,1,55,62.06,113.86,55.43542525399737
4451,42,44100.0,260,20.92,1.038,9,0.2972,1,55,89.8,140.27,55.636053072142026
4452,51,47200.0,546,19.17,0.714,13,0.3946,0,55,46.23,48.74,54.77608100456197
4453,32,56600.0,212,17.63,0.991,7,0.3514,0,55,82.73,68.9,55.340524473546296
4454,62,108100.0,62,22.84,2.419,5,0.6148,0,75,218.11,209.56,90.65483893560035
4455,65,47400.0,432,16.28,0.903,13,0.3624,0,55,66.91,59.3,54.43605912153757
4456,90,51500.0,76,16.83,1.184,3,0.2875,0,95,75.36,83.55,95.07498438988951
4457,44,39000.0,39,14.86,2.308,3,0.2208,1,95,125.74,222.71,91.13603022181194
4458,50,77300.0,366,21.98,0.656,8,0.5221,1,55,73.54,131.92,53.53258318042657
4459,45,62100.0,433,12.27,1.039,15,0.4496,0,55,46.17,36.83,55.30367146023023
4460,59,47000.0,83,11.91,0.361,1,0.2671,0,95,20.89,21.3,95.52366881441507
4461,61,58600.0,433,22.95,0.762,11,0.4284,1,55,45.73,92.99,54.20799345677359
4462,54,48200.0,462,5.98,0.649,10,0.3756,0,55,14.96,7.55,54.221194375850025
4463,73,74800.0,183,27.21,0.492,3,0.4499,1,55,58.38,117.08,53.54847386840087
4464,45,119400.0,644,25.12,0.792,17,0.8131,1,35,80.72,109.25,45.70249438160682
4465,72,80000.0,32,30.35,0.938,1,0.4351,1,95,113.09,207.03,94.98729637914603
4466,64,64800.0,449,25.85,1.203,18,0.4711,0,55,122.7,120.0,54.76274110823354
4467,55,51000.0,30,16.01,1.0,1,0.2735,0,95,71.0,59.26,94.70205874555984
4468,50,35800.0,58,14.25,0.517,1,0.2115,0,95,19.12,13.34,94.29762247597394
4469,90,87400.0,119,31.08,0.252,1,0.5073,1,95,29.43,118.82,94.8099900622114
4470,41,76500.0,727,27.84,0.784,19,0.6267,1,55,98.78,149.97,53.894289293106205
4471,60,56200.0,36,23.29,3.333,4,0.3012,0,95,298.64,280.61,85.97576000238963
4472,42,87900.0,469,28.91,0.832,13,0.6171,1,55,95.36,143.07,53.91349432659492
4473,85,71400.0,328,15.27,1.189,13,0.474,1,55,63.8,127.92,54.815678584113705
4474,70,84300.0,18,23.67,1.667,1,0.4569,1,95,160.24,259.61,94.70624693806819
4475,43,68800.0,121,16.47,1.24,5,0.3951,1,95,81.96,172.96,95.86849658366042
4476,64,63100.0,699,13.9,0.73,17,0.5383,0,55,33.04,21.24,55.736172450006244
4477,59,45700.0,174,17.67,0.862,5,0.2833,0,95,61.12,62.12,93.93249242997355
4478,46,60100.0,645,16.95,0.884,19,0.5031,0,55,60.46,70.14,54.477059936996866
4479,68,85300.0,88,21.96,0.341,1,0.4848,1,95,25.08,135.25,94.07800294581924
4480,62,55700.0,499,15.85,1.082,18,0.4311,0,55,65.27,60.03,54.96673652401115
4481,59,75000.0,126,14.98,0.714,3,0.4336,1,95,37.6,122.0,94.75748839929483
4482,54,42100.0,76,24.8,0.395,1,0.2426,0,95,20.94,25.76,94.53318193665227
4483,62,82800.0,202,23.2,0.446,3,0.5049,0,55,48.8,52.4,53.256391631605155
4484,59,72400.0,351,13.65,0.769,9,0.4873,0,55,51.55,51.65,53.892616927566344
4485,56,40000.0,30,16.91,1.0,1,0.2231,0,95,53.64,47.29,94.26816049084121
4486,44,58100.0,140,26.32,0.214,1,0.3395,1,95,32.19,114.11,94.16986627563959
4487,84,90400.0,134,28.35,0.896,4,0.5304,0,95,104.82,111.56,94.72316313444045
4488,37,35000.0,106,12.66,0.283,1,0.2182,0,95,5.51,14.48,94.23442900455231
4489,62,43900.0,212,14.11,0.991,7,0.2839,0,55,54.26,50.66,55.28524958615647
4490,50,62500.0,24,14.59,1.25,1,0.3315,0,95,67.31,84.41,96.23225012943203
4491,85,115800.0,861,23.66,0.976,28,0.8391,1,35,99.76,137.12,49.46034378297136
4492,40,47900.0,462,13.88,0.844,13,0.3739,0,55,39.52,37.77,53.95879959781487
4493,43,73000.0,25,13.61,1.2,1,0.3913,1,95,82.31,165.48,96.06970234584848
4494,39,67300.0,67,17.88,1.791,4,0.3705,0,95,137.36,120.36,96.7763674772795
4495,60,53600.0,124,19.76,0.242,1,0.3109,0,95,9.33,4.21,94.24697745715335
4496,32,63800.0,167,17.5,0.539,3,0.3795,0,95,50.84,54.52,94.95962637850816
4497,47,54000.0,1100,19.19,0.9,33,0.6056,1,55,74.92,153.26,54.38348567380016
4498,18,50100.0,458,25.62,0.655,10,0.3855,0,55,65.92,66.6,53.75993372576975
4499,59,30900.0,56,23.81,0.536,1,0.1917,0,95,56.45,62.38,94.70172029722889
4500,46,62700.0,173,19.07,0.52,3,0.3749,0,95,47.06,38.79,94.3951748907549
4501,30,78900.0,181,26.24,1.492,9,0.4744,0,55,150.53,152.62,55.443015429356876
4502,73,69800.0,632,19.64,0.712,15,0.5585,1,55,62.61,118.39,55.40902072533162
4503,33,83500.0,195,20.09,0.154,1,0.507,1,55,8.91,54.46,54.949337210792045
4504,69,80000.0,270,16.42,1.556,14,0.5088,1,55,108.71,177.09,55.09002169422782
4505,43,61300.0,836,19.63,0.61,17,0.5695,1,55,46.81,100.47,54.920427896926405
4506,82,57200.0,134,24.0,0.672,3,0.3329,1,95,56.45,162.51,94.53110339189615
4507,68,57400.0,725,12.24,0.662,16,0.5114,1,55,37.45,92.55,56.10834449064921
4508,38,30700.0,226,13.17,0.531,4,0.2257,0,55,24.94,21.63,54.19501519471469
4509,39,56200.0,116,16.75,0.259,1,0.3226,0,95,18.59,10.78,94.27902894896562
4510,65,70100.0,238,21.75,0.504,4,0.4383,0,55,47.12,43.62,53.3017226379994
4511,51,100200.0,358,26.34,1.006,12,0.6551,1,35,117.75,167.39,46.4556578238588
4512,52,75500.0,343,24.01,0.262,3,0.5038,1,55,21.68,67.69,55.007063587498884
4513,77,51200.0,266,27.16,1.128,10,0.3366,0,55,115.76,122.42,54.43733229519528
4514,42,32200.0,68,10.48,2.206,5,0.199,1,95,105.64,197.53,97.10088899889486
4515,57,61100.0,970,14.54,0.804,26,0.6086,1,55,46.79,107.68,54.745338430563834
4516,71,85200.0,150,24.02,0.8,4,0.5034,1,95,72.5,169.57,93.64297354116482
4517,69,63200.0,393,26.74,0.84,11,0.444,1,55,92.74,134.41,54.57970671047831
4518,52,75800.0,337,14.06,1.157,13,0.5038,1,55,62.32,118.98,54.64395968113318
4519,50,60200.0,154,20.69,0.195,1,0.3552,0,95,14.0,35.65,94.18435511665677
4520,25,74100.0,888,20.11,0.811,24,0.6591,0,55,85.83,88.9,53.73304883103649
4521,37,30000.0,43,18.77,0.698,1,0.1858,0,95,44.5,53.77,94.43463157011715
4522,60,99700.0,221,28.1,1.086,8,0.6128,1,55,110.56,168.53,47.896483638500435
4523,53,41200.0,865,16.42,0.694,20,0.4554,1,55,55.39,118.27,54.88469448603864
4524,56,81900.0,18,24.72,5.0,3,0.4423,0,95,491.37,484.19,92.90703823514316
4525,73,62900.0,828,16.14,0.58,16,0.5767,1,55,40.0,93.78,55.49793072776853
4526,35,58600.0,202,22.79,0.149,1,0.3599,0,55,18.69,27.49,54.905989496347935
4527,51,59100.0,254,25.8,0.709,6,0.3778,0,55,59.17,55.67,53.40329526868462
4528,58,71000.0,298,21.15,1.208,12,0.4622,1,55,111.32,177.04,54.66176087125687
4529,43,72200.0,22,18.79,2.727,2,0.3857,1,95,200.47,285.43,86.28842853615711
4530,79,92000.0,170,23.07,1.059,6,0.5513,0,95,112.92,113.5,93.73976916817752
4531,70,97600.0,85,28.59,1.765,5,0.5592,1,95,195.48,287.89,94.65593102864561
4532,60,73000.0,901,20.74,0.699,21,0.6567,0,55,70.51,96.9,54.024546054007004
4533,86,107200.0,433,20.08,0.901,13,0.7124,1,35,86.34,117.44,46.00806732359285
4534,30,62000.0,155,24.06,0.387,2,0.3657,0,95,33.33,37.53,94.55475367380583
4535,55,87600.0,162,18.23,0.556,3,0.5219,0,95,39.02,19.11,93.92930679352614
4536,61,75200.0,40,23.4,0.75,1,0.4087,1,95,67.69,151.01,95.27185490709284
4537,39,50300.0,60,8.21,0.5,1,0.2775,0,95,28.58,31.63,97.21699894062411
4538,60,69800.0,710,21.01,0.761,18,0.5822,0,55,65.39,62.75,54.44959464097228
4539,36,71800.0,11,20.43,2.727,1,0.3801,0,95,227.11,224.67,86.19378826332587
4540,67,66700.0,156,10.17,0.385,2,0.3932,0,95,14.51,11.26,98.00961471196274
4541,73,77300.0,856,23.26,0.736,21,0.6678,1,55,72.25,125.4,53.91844875381214
4542,60,84200.0,695,17.12,0.777,18,0.661,1,55,57.51,95.39,54.80219557008022
4543,24,58300.0,259,19.17,0.347,3,0.3746,0,55,21.83,20.97,54.66069328604924
4544,39,30000.0,1078,12.44,0.779,28,0.4529,1,55,52.94,105.75,54.563943397314446
4545,65,102200.0,988,17.93,0.698,23,0.8138,1,35,48.43,94.1,51.20376509076377
4546,55,58800.0,817,13.59,0.771,21,0.5485,0,55,50.15,58.5,54.501820074383495
4547,18,40300.0,251,11.22,0.478,4,0.2758,0,55,11.36,0.0,54.22402880392777
4548,76,45600.0,11,21.75,5.0,3,0.2435,0,95,440.47,433.13,93.39456077607106
4549,57,58300.0,736,22.92,0.856,21,0.5203,1,55,87.0,160.02,54.51740801929674
4550,41,50400.0,74,28.53,0.405,1,0.2815,1,95,48.35,152.4,95.9447576861024
4551,72,52900.0,94,15.38,1.277,4,0.2993,0,95,87.17,92.08,95.27764869726488
4552,43,48300.0,396,14.52,1.061,14,0.3571,1,55,55.96,105.94,54.74383515594289
4553,43,73700.0,351,21.73,0.513,6,0.4953,0,55,48.37,55.77,53.45176476235268
4554,61,108800.0,922,24.54,0.651,20,0.8257,1,35,51.74,71.58,49.102096575203674
4555,85,88200.0,160,20.32,1.125,6,0.525,1,95,92.63,181.97,94.02807872490474
4556,83,94200.0,1100,24.4,0.655,24,0.805,1,55,57.58,116.03,53.470342090195665
4557,61,58300.0,75,22.26,0.4,1,0.3227,0,95,35.07,41.14,95.28046522633666
4558,63,68800.0,193,9.76,0.311,2,0.4167,0,55,23.18,25.34,55.0447864325049
4559,68,76600.0,86,18.63,1.395,4,0.4311,0,95,117.86,121.79,94.94399237152781
4560,34,46900.0,848,10.02,0.672,19,0.4851,0,55,16.67,18.32,54.58548963088873
4561,66,58300.0,272,17.98,0.662,6,0.3784,0,55,57.57,54.42,54.664080360367564
4562,43,80500.0,194,24.24,0.464,3,0.4882,0,55,56.18,69.59,53.17494579948171
4563,60,88900.0,951,28.92,0.852,27,0.7506,1,55,101.16,174.67,53.088267142905565
4564,51,65600.0,78,17.67,0.385,1,0.364,0,95,38.08,37.57,96.07335598802354
4565,64,41700.0,86,16.79,0.349,1,0.243,0,95,20.12,8.37,94.31461890965888
4566,57,59200.0,178,10.47,0.169,1,0.3564,0,95,2.97,0.62,95.01360648958523
4567,18,30000.0,429,10.2,0.909,13,0.2695,0,55,33.01,33.88,54.169385130747315
4568,58,67200.0,7,21.12,5.0,2,0.3527,0,95,428.11,406.01,93.4572916016341
4569,66,72600.0,73,14.09,2.466,6,0.4032,0,95,138.21,151.59,87.60978948080891
4570,63,60900.0,667,25.32,0.585,13,0.5149,0,55,53.52,47.14,55.103152816340945
4571,53,69700.0,341,23.07,0.704,8,0.4676,0,55,59.62,51.35,53.80257456179646
4572,83,79400.0,84,17.39,3.214,9,0.4474,0,95,223.58,220.18,86.17388652470973
4573,60,71400.0,502,13.3,0.717,12,0.5281,0,55,31.35,26.62,54.574178015092954
4574,62,41200.0,49,12.58,0.612,1,0.2325,0,95,36.14,36.71,94.43438660958799
4575,73,63300.0,464,15.0,0.776,12,0.4665,0,55,56.12,64.02,54.7200475705214
4576,61,74800.0,178,15.14,1.011,6,0.4484,0,95,69.02,81.77,93.12754877568246
4577,40,95200.0,985,17.25,0.792,26,0.7857,1,55,77.94,140.84,53.55395304025472
4578,18,51900.0,116,16.63,0.259,1,0.2999,0,95,20.52,11.09,94.12265259341181
4579,47,75000.0,187,24.91,0.481,3,0.4524,1,55,61.49,115.4,53.05822661305325
4580,68,86000.0,196,19.34,0.612,4,0.5227,0,55,48.81,49.86,53.72663091080752
4581,49,59700.0,44,21.18,0.682,1,0.3218,0,95,55.55,58.62,95.45570202959772
4582,69,91900.0,87,22.15,0.345,1,0.525,0,95,31.52,36.41,93.88364235577178
4583,58,90800.0,205,26.68,1.61,11,0.5548,0,55,173.15,173.93,54.321234910580415
4584,77,98400.0,92,20.83,0.326,1,0.5662,0,95,26.17,25.31,93.93164458356267
4585,50,73600.0,160,22.44,0.562,3,0.4356,0,95,41.78,50.89,94.94551339371463
4586,63,116200.0,1018,28.03,0.707,24,0.8649,0,35,71.43,70.11,51.00491827967766
4587,64,53900.0,269,24.9,0.669,6,0.3525,0,55,75.7,85.27,53.61509676480582
4588,81,114800.0,189,30.01,0.952,6,0.688,1,35,120.95,164.09,46.23037479887119
4589,26,75300.0,216,22.58,0.556,4,0.4632,0,55,64.45,78.98,53.10922036447769
4590,47,91500.0,13,16.38,5.0,4,0.4996,0,95,324.46,326.64,93.53808934573223
4591,69,61100.0,426,16.54,0.845,12,0.4414,0,55,52.02,66.45,54.74944337930706
4592,81,87900.0,85,19.18,0.706,2,0.4998,0,95,44.97,41.94,94.14245467563894
4593,59,95800.0,1100,20.26,0.709,26,0.8111,1,55,65.9,124.36,53.8317525887339
4594,50,41200.0,11,16.26,5.0,4,0.2241,0,95,318.06,325.71,93.49266555573142
4595,68,64200.0,613,20.83,0.734,15,0.5184,0,55,60.91,50.8,55.17833926270946
4596,70,30000.0,1029,15.9,0.641,22,0.4378,0,55,43.27,39.35,55.161813934501744
4597,49,60100.0,23,25.32,5.0,4,0.3182,0,95,493.89,487.21,92.99028881492697
4598,61,49100.0,1100,19.78,0.682,25,0.5764,0,55,60.18,59.6,54.81863483645857
4599,75,64400.0,89,13.52,1.685,5,0.3603,1,95,99.21,188.88,96.43272197006489
4600,87,120000.0,141,29.01,0.213,1,0.7024,1,75,26.93,103.0,94.68728305570237
4601,68,103700.0,816,28.48,0.699,19,0.7855,0,35,78.94,78.16,48.07125861800515
4602,56,35000.0,113,21.56,1.593,6,0.2197,0,95,137.12,134.33,95.23715114799226
4603,54,76500.0,823,20.7,0.765,21,0.6542,1,55,74.54,131.05,53.67459543880035
4604,64,83600.0,69,21.82,1.739,4,0.4684,1,95,152.21,240.38,94.99413184735164
4605,53,57500.0,441,24.02,0.544,8,0.4242,1,55,52.11,98.48,54.09764161739644
4606,58,69300.0,297,21.29,0.808,8,0.4515,1,55,63.32,106.38,54.11287701513736
4607,37,67200.0,933,12.09,0.74,23,0.6331,0,55,13.39,0.0,54.575209148659866
4608,77,41100.0,315,7.1,0.857,9,0.2961,0,55,33.11,26.31,54.66172266459702
4609,36,39500.0,727,25.13,0.99,24,0.4032,0,55,99.49,104.88,55.17410804905826
4610,48,67200.0,80,11.51,2.25,6,0.3737,0,95,96.59,94.61,97.47275939341763
4611,57,67500.0,89,19.29,1.685,5,0.3781,1,95,146.9,242.02,96.66304715564358
4612,89,56900.0,320,22.95,0.938,10,0.3844,0,55,89.62,85.58,55.322584942985905
4613,48,46900.0,1100,8.21,0.682,25,0.5632,1,55,20.75,95.07,54.9179001828201
4614,44,60900.0,160,13.73,0.562,3,0.3609,0,95,39.01,40.67,94.27726782505249
4615,46,81800.0,446,16.04,0.471,7,0.5741,1,55,33.16,82.48,53.884246960523264
4616,83,69000.0,27,29.36,1.111,1,0.3687,1,95,133.26,217.7,95.47539168899878
4617,18,91700.0,2,33.85,5.0,1,0.4974,1,95,672.13,784.26,96.96805804326252
4618,38,47000.0,1100,13.38,0.736,27,0.5638,1,55,44.96,85.94,54.73832865663887
4619,90,76100.0,59,24.31,0.508,1,0.4198,1,95,56.92,143.97,94.7652280763041
4620,65,59600.0,948,20.48,0.759,24,0.5932,0,55,57.35,49.41,54.68507152335418
4621,36,73500.0,587,19.62,0.716,14,0.5671,0,55,41.03,40.69,54.110867974822554
4622,54,48400.0,204,9.13,0.294,2,0.3048,0,55,18.34,21.89,55.16636289715403
4623,56,105700.0,1031,37.39,0.873,30,0.8341,1,35,135.59,171.28,51.141297047838755
4624,69,32300.0,742,5.76,0.606,15,0.3657,1,55,20.7,72.05,56.14784677385689
4625,86,107200.0,17,27.14,5.0,4,0.5962,0,75,543.17,529.2,95.84231052055199
4626,62,68300.0,188,17.01,0.16,1,0.4122,1,55,18.59,92.15,55.24009616685157
4627,46,74800.0,155,26.26,0.581,3,0.4413,0,95,55.81,58.45,94.05942253365644
4628,68,95600.0,80,28.57,0.375,1,0.5455,1,95,41.36,142.04,94.81462576195645
4629,43,80600.0,21,17.2,1.429,1,0.4354,0,95,89.94,83.18,95.24948200359786
4630,37,46100.0,566,12.96,1.06,20,0.394,0,55,64.21,61.24,54.988259571454655
4631,25,71600.0,762,12.99,0.709,18,0.6085,0,55,36.47,48.19,54.415560974127025
4632,28,98800.0,83,25.79,0.361,1,0.5659,0,95,39.1,17.04,93.44656782206013
4633,40,43400.0,207,20.06,1.014,7,0.2802,0,55,84.83,92.46,55.59369315218282
4634,35,105500.0,1076,23.62,0.725,26,0.841,1,35,66.59,99.12,51.06132584761684
4635,60,74100.0,356,19.89,0.758,9,0.4993,1,55,66.89,126.05,53.93623630781512
4636,35,51900.0,65,27.32,0.462,1,0.2867,0,95,63.75,80.4,95.36699760792234
4637,18,38800.0,434,20.5,0.553,8,0.3156,0,55,53.18,48.41,54.31007213733367
4638,37,56700.0,44,25.24,0.682,1,0.3059,1,95,55.07,123.05,94.94016427002353
4639,47,30000.0,401,3.29,0.898,12,0.2627,0,55,12.7,1.78,54.471222938791094
4640,45,54300.0,106,20.88,0.566,2,0.3098,0,95,48.51,48.64,94.14089133147499
4641,81,64700.0,42,20.96,0.714,1,0.3486,0,95,69.8,86.29,96.04128014546986
4642,45,40400.0,266,9.8,0.789,7,0.2801,0,55,26.54,22.65,54.827007449001954
4643,70,83700.0,354,17.34,0.763,9,0.5574,1,55,44.6,115.08,54.29529641523488
4644,55,60400.0,40,17.97,2.25,3,0.3245,0,95,168.41,145.17,94.43874987937423
4645,54,51400.0,268,11.0,0.56,5,0.3383,0,55,24.49,19.45,54.2465056724574
4646,41,55400.0,215,14.32,0.698,5,0.3456,0,55,34.99,45.37,53.94045672528739
4647,54,72300.0,166,18.54,0.904,5,0.4295,0,95,64.96,74.4,95.18205258899573
4648,42,63900.0,660,22.45,0.591,13,0.5311,0,55,41.78,22.24,54.75045051269607
4649,58,50900.0,263,14.1,1.027,9,0.3342,0,55,59.28,50.88,55.417878762240576
4650,51,66800.0,174,17.78,0.69,4,0.3991,1,95,46.64,140.26,95.18646440788031
4651,39,60700.0,40,24.23,0.75,1,0.3261,1,95,76.95,165.31,95.64505474948892
4652,72,44500.0,16,7.85,1.875,1,0.2397,0,95,57.24,68.93,97.08687020686831
4653,62,60300.0,523,20.18,0.746,13,0.4664,0,55,60.5,60.63,54.85272842224933
4654,47,75600.0,161,23.29,0.373,2,0.448,0,95,31.11,16.66,94.51683049612818
4655,57,77400.0,664,23.69,0.858,19,0.6134,0,55,79.27,83.87,53.6889809592483
4656,54,60000.0,6,16.49,5.0,1,0.3131,0,95,320.76,325.9,93.17407731137367
4657,40,76200.0,1100,16.11,0.764,28,0.7261,1,55,57.49,101.0,54.814901535008644
4658,56,44600.0,232,24.29,0.388,3,0.2926,0,55,37.36,28.45,53.71965327121604
4659,44,42900.0,190,12.15,0.789,5,0.2735,0,55,22.43,15.32,54.62867446114154
4660,39,56500.0,414,12.89,1.014,14,0.4101,0,55,39.6,53.26,55.165943859439025
4661,27,90800.0,240,23.72,0.75,6,0.5655,1,55,79.46,133.58,53.239802861987926
4662,49,67200.0,1100,16.38,0.709,26,0.6799,1,55,46.11,79.01,55.193873981505156
4663,65,61200.0,274,24.43,0.438,4,0.396,1,55,42.64,85.61,53.97649084179449
4664,43,95000.0,545,22.92,0.771,14,0.6784,0,55,70.66,77.82,53.041468007221866
4665,90,66000.0,168,25.8,1.429,8,0.3926,0,95,151.37,147.29,95.31953891027142
4666,70,114900.0,517,29.48,0.522,9,0.7688,1,35,73.8,96.52,45.66503644581753
4667,77,58700.0,492,16.86,0.732,12,0.4471,0,55,52.93,49.14,55.06462630928175
4668,69,46600.0,570,22.56,0.474,9,0.3982,0,55,45.23,55.05,54.685702405586504
4669,86,67700.0,286,16.9,0.629,6,0.4384,1,55,37.95,114.71,54.925534513267614
4670,42,57200.0,142,16.98,0.845,4,0.3351,0,95,45.05,44.47,94.28027843206868
4671,18,40600.0,42,18.74,0.714,1,0.2283,0,95,57.32,62.21,94.35653175700557
4672,47,118000.0,1036,28.83,0.724,25,0.8725,1,35,87.93,121.93,50.9365110968895
4673,64,73500.0,168,17.66,0.893,5,0.4374,0,95,71.88,74.07,95.01028326941834
4674,58,75300.0,86,13.61,1.047,3,0.4232,0,95,70.7,61.45,95.35625809503632
4675,60,56300.0,55,18.35,1.091,2,0.3067,1,95,70.8,180.25,95.59529336671625
4676,77,57300.0,171,14.96,0.175,1,0.3438,0,95,5.56,0.98,94.50569935750546
4677,61,87700.0,46,23.3,1.304,2,0.4865,1,95,126.88,210.88,94.19837264057145
4678,69,32600.0,66,12.79,0.455,1,0.2002,0,95,23.29,15.6,94.60399717879649
4679,39,37800.0,402,12.08,0.896,12,0.3018,0,55,54.84,61.49,54.300816306063254
4680,36,56000.0,111,17.06,0.27,1,0.3201,1,95,16.88,104.89,94.19222452616143
4681,82,98800.0,1100,24.45,0.736,27,0.8221,1,55,87.99,158.16,53.25218771551394
4682,57,57500.0,395,22.1,0.759,10,0.4103,0,55,67.54,73.94,53.933612441719276
4683,44,71500.0,438,22.84,1.027,15,0.5088,1,55,106.85,170.46,55.08273930240298
4684,44,63400.0,142,29.98,0.845,4,0.3699,0,95,82.08,77.89,95.60965751349974
4685,44,90000.0,93,24.21,0.968,3,0.5152,0,95,97.63,91.42,93.99591191622568
4686,43,30000.0,377,11.14,0.875,11,0.257,0,55,39.18,39.51,54.497974916791925
4687,33,76100.0,787,20.58,0.877,23,0.6417,1,55,55.45,98.57,53.77896584138774
4688,29,55600.0,559,21.18,0.698,13,0.4488,1,55,59.01,118.74,54.16249423833761
4689,52,83800.0,207,27.59,0.145,1,0.5126,1,55,6.1,70.27,54.607712427683076
4690,45,45800.0,232,23.58,0.129,1,0.2987,1,55,8.01,56.09,55.03772829561083
4691,74,69300.0,38,15.31,2.368,3,0.3736,1,95,147.46,249.36,92.77431995768234
4692,60,63800.0,537,25.97,0.782,14,0.4923,1,55,80.25,137.8,54.197034119263016
4693,60,44900.0,285,16.5,0.632,6,0.308,1,55,44.56,110.72,54.625757994606005
4694,42,35500.0,770,10.69,0.662,17,0.3924,1,55,29.56,101.0,55.23915265697717
4695,53,52400.0,109,16.84,0.826,3,0.3006,1,95,74.47,177.29,94.57131422893555
4696,61,68900.0,420,26.39,0.786,11,0.4872,1,55,85.04,139.48,54.19615918606588
4697,67,51500.0,1100,20.01,0.791,29,0.5908,0,55,64.21,76.27,54.496020145578775
4698,53,57700.0,12,12.59,2.5,1,0.3027,0,95,129.27,129.74,86.50765233802582
4699,73,30000.0,260,8.48,0.115,1,0.2302,0,55,3.69,1.04,55.53592044748645
4700,55,57200.0,60,12.42,0.5,1,0.3128,0,95,12.17,6.07,95.52678413802221
4701,68,89100.0,624,19.71,0.577,12,0.6681,0,55,51.03,52.0,55.43381437006609
4702,47,78200.0,84,22.12,0.357,1,0.4401,1,95,41.91,146.96,94.95771481402541
4703,24,57000.0,492,12.92,1.037,17,0.4368,0,55,66.03,55.72,55.13213984750233
4704,60,71100.0,490,18.52,0.306,5,0.5225,1,55,28.18,70.78,55.035296725851595
4705,67,50000.0,637,24.51,0.801,17,0.4388,0,55,76.38,64.18,54.65326647396032
4706,65,101100.0,297,33.25,1.01,10,0.6429,1,35,136.43,181.65,46.12432857354004
4707,62,109800.0,11,34.22,5.0,3,0.6097,0,75,698.69,702.67,96.93236626690268
4708,49,67300.0,8,11.12,3.75,1,0.3536,0,95,165.01,179.75,91.2944088100488
4709,41,116600.0,857,35.86,0.875,25,0.8411,1,35,115.96,145.77,49.19635294227146
4710,64,52500.0,918,18.33,0.915,28,0.5412,1,55,84.76,127.54,54.23054976858246
4711,62,40100.0,777,16.4,0.734,19,0.4218,1,55,40.01,110.58,55.47327352628277
4712,45,48100.0,354,22.36,0.847,10,0.3441,0,55,63.18,55.83,54.00482237590193
4713,74,64200.0,681,23.15,0.925,21,0.5394,1,55,88.21,149.97,55.31355118490825
4714,40,110600.0,80,17.25,0.375,1,0.6345,1,75,29.15,90.8,94.24685734077184
4715,45,57100.0,106,15.5,0.566,2,0.3247,0,95,38.76,40.56,94.51199019125323
4716,83,52500.0,166,16.04,0.361,2,0.3163,0,95,30.19,28.56,94.33850032903115
4717,70,49100.0,532,10.71,0.846,15,0.4016,1,55,34.95,75.71,55.08408270357574
4718,49,87700.0,287,28.14,0.105,1,0.5611,1,55,10.64,84.56,54.885520024363394
4719,60,86900.0,603,30.23,0.945,19,0.6501,0,55,109.68,100.8,54.0931381647871
4720,58,55400.0,189,18.26,0.952,6,0.3383,1,55,70.63,116.28,54.95874015213273
4721,18,30000.0,594,15.99,0.859,17,0.3118,0,55,59.28,52.73,54.64321149642366
4722,40,38300.0,483,15.69,0.311,5,0.3262,0,55,26.77,4.98,55.537494917774424
4723,54,100900.0,892,25.63,0.639,19,0.7898,1,35,58.33,90.06,48.63095249372441
4724,49,78300.0,188,27.33,1.436,9,0.4729,0,55,147.01,140.47,54.3943617674864
4725,59,67200.0,451,11.25,0.732,11,0.4864,0,55,40.02,49.94,54.22816071046147
4726,74,108000.0,923,28.63,0.585,18,0.823,0,35,62.76,65.92,49.09105582001712
4727,50,105100.0,741,25.82,0.769,19,0.7754,1,35,71.54,93.86,46.15857374981392
4728,37,60600.0,35,15.52,2.571,3,0.3242,1,95,144.81,233.27,86.25627934078737
4729,61,65800.0,708,17.35,0.805,19,0.5575,1,55,67.13,143.68,55.35713079492549
4730,49,51600.0,888,26.9,0.743,22,0.5264,1,55,82.15,128.03,54.0839891695256
4731,52,58400.0,163,12.12,1.288,7,0.3476,1,95,66.81,170.04,95.45468951048906
4732,50,32800.0,303,14.08,0.495,5,0.2526,1,55,31.38,79.58,54.58128215969957
4733,90,40700.0,185,24.25,0.973,6,0.2616,1,55,96.08,141.05,55.0059490502837
4734,18,30000.0,527,8.15,0.797,14,0.2942,0,55,25.8,20.38,54.64901096449846
4735,48,86400.0,1057,20.68,0.738,26,0.7636,1,55,60.49,130.19,53.49083026797918
4736,55,32200.0,214,15.04,0.561,4,0.2296,0,55,25.93,11.26,54.049420675494446
4737,42,103300.0,309,27.56,0.68,7,0.6586,1,35,60.84,102.41,45.49492959106739
4738,70,52700.0,61,17.5,0.984,2,0.2897,0,95,86.85,99.04,95.0987220118512
4739,69,104300.0,254,21.17,0.591,5,0.6487,0,35,50.35,44.83,45.949826032853196
4740,54,57100.0,145,20.8,1.241,6,0.3354,0,95,99.75,109.72,95.16688488486724
4741,50,31100.0,241,14.16,0.498,4,0.2308,1,55,21.8,85.21,54.27431610740475
4742,53,91600.0,527,26.88,1.025,18,0.6549,0,55,118.6,110.54,54.84077787200133
4743,53,94000.0,639,28.72,0.657,14,0.6983,1,55,76.63,122.14,53.97444409697526
4744,54,45800.0,44,9.44,2.727,4,0.2521,0,95,96.06,94.52,91.80755494162388
4745,52,57400.0,799,23.78,0.864,23,0.5344,0,55,79.76,80.84,54.12094839225864
4746,59,46800.0,47,15.75,1.277,2,0.2575,0,95,82.94,79.24,94.75581161262691
4747,68,65100.0,389,23.89,0.771,10,0.4543,0,55,70.58,76.23,54.81714688837545
4748,34,63100.0,668,21.93,0.674,15,0.5287,1,55,65.64,112.91,54.59282267898028
4749,37,54000.0,338,27.37,0.621,7,0.3729,0,55,84.98,75.86,53.84380380372719
4750,25,30000.0,758,14.53,0.792,20,0.3572,0,55,42.66,42.69,55.08960017341503
4751,70,55800.0,136,16.35,0.662,3,0.3259,0,95,41.02,43.3,94.39578938187086
4752,59,80600.0,744,19.53,0.887,22,0.6548,1,55,62.65,130.77,54.32077207106124
4753,64,62400.0,244,14.17,0.615,5,0.3941,1,55,33.63,93.17,54.00098793439046
4754,31,53300.0,376,22.04,0.638,8,0.38,1,55,40.56,102.66,53.68807391286144
4755,85,51500.0,739,12.22,0.528,13,0.4795,0,55,34.6,31.15,55.913764590892384
4756,45,50200.0,147,21.53,1.224,6,0.2992,0,95,94.74,91.36,94.90540283697678
4757,58,95200.0,519,23.16,0.867,15,0.6724,1,55,73.87,122.51,52.84427103497431
4758,70,44100.0,118,7.8,1.525,6,0.2617,0,95,48.25,50.08,96.85382878592111
4759,38,76700.0,335,28.95,0.985,11,0.5087,1,55,125.08,181.54,54.827274241570144
4760,46,64200.0,196,2.75,1.071,7,0.3904,1,55,4.95,60.92,54.602953356115016
4761,58,70700.0,148,20.2,1.216,6,0.4145,0,95,96.76,94.73,95.92853854578219
4762,90,56600.0,1047,19.66,0.802,28,0.6051,0,55,65.42,64.99,54.583175800676514
4763,60,58600.0,204,7.26,1.029,7,0.3604,0,55,24.51,41.08,54.798663124472654
4764,82,70300.0,139,22.75,0.216,1,0.4094,0,95,18.69,21.44,95.09820911610737
4765,75,58100.0,45,15.37,0.667,1,0.3135,1,95,28.28,129.12,95.44379507261348
4766,61,73200.0,842,19.74,0.606,17,0.6411,0,55,43.63,48.32,54.68858901096758
4767,38,71200.0,430,27.4,1.047,15,0.5045,0,55,124.59,122.85,54.8102835125201
4768,73,114200.0,427,27.84,0.562,8,0.745,1,35,69.11,109.48,45.494925960837136
4769,30,65800.0,18,18.12,1.667,1,0.348,0,95,117.27,117.48,96.97163670113915
4770,82,30200.0,48,13.68,0.625,1,0.1875,0,95,26.1,13.59,94.40090945619923
4771,58,90000.0,768,32.38,0.586,15,0.7112,1,55,74.2,123.39,53.900673847343946
4772,18,53300.0,119,20.02,1.008,4,0.308,0,95,69.01,88.95,94.3276582858549
4773,49,106100.0,62,21.5,0.484,1,0.6031,1,75,40.05,126.72,94.2416598827485
4774,66,98100.0,46,22.27,0.652,1,0.5502,0,95,54.8,51.81,93.78555327702585
4775,51,53600.0,272,12.09,0.772,7,0.3516,0,55,33.76,40.51,54.550421338014935
4776,67,82600.0,115,20.13,0.261,1,0.4766,0,95,19.89,22.07,94.2136121994195
4777,41,49700.0,401,25.49,1.047,14,0.3665,1,55,111.05,183.47,55.05902960235803
4778,33,60700.0,645,18.27,0.744,16,0.5068,0,55,46.06,44.77,54.567669325901235
4779,54,79000.0,969,15.16,0.867,28,0.707,1,55,60.24,117.48,53.9469123785286
4780,56,88600.0,240,25.44,0.875,7,0.5522,1,55,98.04,145.07,53.58705538361617
4781,49,82600.0,125,20.43,0.72,3,0.4797,0,95,76.44,75.09,94.09816171598858
4782,76,70800.0,316,23.43,0.475,5,0.4666,1,55,46.89,74.48,54.108316798880246
4783,41,114400.0,289,25.95,1.038,10,0.712,0,35,119.53,122.13,46.3409026499543
4784,60,58300.0,1073,25.97,0.783,28,0.6227,1,55,89.15,154.18,54.36686949941055
4785,56,31400.0,637,10.16,1.036,22,0.331,0,55,43.63,60.55,55.16580339611794
4786,29,30100.0,88,8.69,1.705,5,0.1948,1,95,49.53,149.34,96.95770939578628
4787,33,91600.0,741,28.43,0.688,17,0.7124,1,55,85.4,136.75,54.203780705711054
4788,55,63400.0,111,9.49,1.081,4,0.361,1,95,42.95,129.74,98.17846984129157
4789,89,75100.0,499,20.41,0.842,14,0.5498,1,55,83.04,133.29,54.408869918842626
4790,65,55600.0,382,22.34,1.021,13,0.3952,1,55,97.16,136.17,55.58889657640168
4791,26,49700.0,401,6.48,1.047,14,0.3665,0,55,35.58,33.07,54.67829045256182
4792,18,41100.0,70,16.49,0.429,1,0.2367,0,95,23.67,11.41,94.09019560737866
4793,67,77300.0,218,14.12,0.275,2,0.476,1,55,17.49,66.52,55.33665744596111
4794,53,62600.0,305,10.17,0.197,2,0.4136,1,55,0.0,52.96,55.58318614846488
4795,74,77900.0,530,16.36,0.566,10,0.5762,1,55,41.48,99.77,54.843932625986845
4796,40,69100.0,831,19.45,0.686,19,0.6143,1,55,63.11,101.6,54.59823088576644
4797,61,57300.0,20,15.07,5.0,5,0.3027,0,95,312.54,309.1,93.07429985720785
4798,69,37200.0,76,21.12,2.368,6,0.2211,1,95,197.21,299.07,90.17258722872093
4799,47,30900.0,202,15.05,1.188,8,0.2214,0,55,57.01,71.01,54.85568494619685
4800,48,120000.0,70,25.56,2.143,5,0.6836,1,75,214.8,289.06,93.61017852039294
4801,55,96000.0,635,17.85,0.661,14,0.7075,1,55,46.57,123.54,53.583588787404
4802,64,94900.0,872,25.36,0.585,17,0.7597,1,55,62.61,124.62,53.58244614249613
4803,55,50800.0,716,27.91,0.628,15,0.468,0,55,53.87,54.49,54.76252320188598
4804,72,68600.0,77,16.78,0.39,1,0.381,1,95,25.34,132.77,95.78843553668047
4805,47,46300.0,336,14.02,0.446,5,0.3292,1,55,16.71,66.64,54.256755604041636
4806,32,32800.0,388,9.62,0.619,8,0.2731,1,55,35.39,79.91,54.24902071221751
4807,89,59400.0,228,24.83,0.789,6,0.3719,0,55,59.68,68.97,54.00676493169746
4808,45,90800.0,122,28.26,0.738,3,0.5291,1,95,91.53,191.83,94.73454578344855
4809,45,80700.0,390,19.87,0.615,8,0.5503,0,55,47.6,58.05,53.872476239117155
4810,54,44400.0,142,13.66,1.056,5,0.2689,0,95,41.32,51.54,94.05376993213069
4811,56,58600.0,37,14.07,0.811,1,0.314,1,95,59.06,174.17,95.69758447917688
4812,48,79300.0,280,20.45,0.75,7,0.5076,1,55,72.15,112.64,53.943385323974425
4813,55,53000.0,740,23.05,0.608,15,0.489,1,55,66.06,117.51,55.00903554915247
4814,54,66500.0,13,20.18,5.0,4,0.3505,1,95,404.34,496.47,93.48090616216838
4815,58,74000.0,650,27.54,0.738,16,0.5892,0,55,75.93,87.59,53.98099700162798
4816,18,65800.0,282,16.27,0.957,9,0.4258,1,55,62.8,121.53,55.63805365245125
4817,87,76700.0,292,9.94,0.411,4,0.4954,0,55,20.71,32.42,54.460135521267986
4818,52,50700.0,722,30.63,0.789,19,0.4693,0,55,92.33,95.16,53.82455111422345
4819,65,55400.0,5,19.38,5.0,2,0.2891,0,95,380.74,380.55,93.17787739304477
4820,32,36600.0,26,19.38,1.154,1,0.2081,1,95,93.4,195.21,94.92201858297561
4821,47,30600.0,114,10.65,1.579,6,0.2019,0,95,68.83,71.44,96.9793860847188
4822,44,60400.0,532,12.25,0.564,10,0.4698,0,55,35.04,38.94,54.966946882761114
4823,80,87100.0,219,23.84,0.822,6,0.5365,1,55,90.57,152.09,53.69200616261202
4824,45,34000.0,761,5.14,0.946,24,0.381,1,55,26.3,85.64,55.09819450463384
4825,68,73300.0,382,19.66,0.942,12,0.5024,0,55,64.86,74.69,55.28231071543792
4826,44,79300.0,544,27.01,0.496,9,0.5888,0,55,53.48,54.0,53.74586906107249
4827,47,30000.0,1100,16.74,0.736,27,0.4597,0,55,52.38,54.07,54.74415426477212
4828,51,58500.0,205,20.05,1.317,9,0.3602,1,55,112.1,157.09,54.69229324971905
4829,77,104000.0,502,34.32,0.598,10,0.7139,1,35,88.96,133.79,45.75612878825418
4830,23,70200.0,450,22.41,0.667,10,0.5045,0,55,59.33,76.44,53.58065897670284
4831,33,30000.0,638,4.98,0.705,15,0.3237,1,55,10.12,47.1,54.74518805567366
4832,22,72200.0,1056,20.08,0.795,28,0.6946,1,55,71.92,133.33,54.64851559949347
4833,37,45700.0,268,26.48,0.224,2,0.3076,0,55,26.75,25.29,55.20111869770915
4834,41,76700.0,407,19.96,0.885,12,0.5311,1,55,72.91,126.07,53.37501017946131
4835,28,45100.0,1100,26.09,0.709,26,0.5523,1,55,68.35,129.63,54.33991726274539
4836,43,61500.0,441,24.34,0.748,11,0.4484,0,55,89.62,89.33,53.889463753059445
4837,21,46900.0,105,14.99,0.571,2,0.272,0,95,36.23,40.15,93.69319768730647
4838,38,61700.0,574,13.85,0.836,16,0.4909,0,55,45.62,42.02,54.30122507546861
4839,75,57100.0,157,20.26,0.764,4,0.3388,0,95,63.91,78.96,94.41747760279662
4840,62,61700.0,291,25.61,1.237,12,0.404,0,55,125.67,123.34,54.83015490806281
4841,58,40900.0,158,8.24,1.329,7,0.2561,0,95,33.49,25.88,96.87404140899561
4842,38,71900.0,1100,21.39,0.682,25,0.7046,0,55,60.74,64.21,54.72734055302548
4843,29,63500.0,984,9.32,0.884,29,0.6267,1,55,21.34,67.99,54.65449368340886
4844,36,30000.0,41,12.8,1.463,2,0.1854,0,95,75.73,78.08,94.84955920752222
4845,54,85700.0,717,14.58,0.753,18,0.6752,0,55,31.17,47.64,54.772408026566346
4846,70,64300.0,537,22.46,0.894,16,0.4953,0,55,63.08,62.63,54.78834966493786
4847,70,71400.0,62,17.27,0.484,1,0.3929,1,95,38.34,119.8,95.74416094126786
4848,66,83300.0,81,28.29,0.37,1,0.4703,1,95,33.04,123.89,94.89977352909173
4849,42,69300.0,188,17.69,0.798,5,0.4182,1,55,59.94,123.06,54.23734296055348
4850,55,89500.0,494,20.27,0.668,11,0.6336,1,55,55.52,111.58,54.152945017128786
4851,50,57800.0,483,10.59,1.118,18,0.4389,0,55,48.53,55.55,54.49076168767728
4852,52,86100.0,33,24.87,0.909,1,0.4726,0,95,85.41,79.08,93.98365914751345
4853,90,74600.0,276,23.65,0.761,7,0.4775,1,55,70.94,121.82,54.27317466783816
4854,25,69700.0,172,25.15,0.872,5,0.4158,1,95,82.47,183.81,95.45845970406455
4855,51,72700.0,25,24.18,4.8,4,0.3895,0,95,471.81,487.92,92.05895279366958
4856,76,95300.0,600,26.3,0.6,12,0.6948,1,55,59.26,110.38,53.64904412298325
4857,30,75100.0,25,24.24,1.2,1,0.4036,0,95,114.36,114.74,95.60538906898026
4858,44,53500.0,720,21.51,0.917,22,0.4859,1,55,84.86,150.86,54.65070028787063
4859,46,49700.0,536,21.99,0.784,14,0.4063,0,55,63.99,65.3,54.16852123167119
4860,51,63200.0,429,11.84,0.909,13,0.4551,0,55,28.72,35.1,54.23866192057216
4861,28,43600.0,254,14.23,1.063,9,0.2931,0,55,52.02,44.62,55.18170508520631
4862,65,44900.0,1099,8.62,0.846,31,0.5507,1,55,37.62,92.65,54.54807383076782
4863,66,30000.0,204,16.16,0.588,4,0.218,0,55,38.67,32.46,54.20602681226251
4864,64,34300.0,80,23.29,0.375,1,0.2099,0,95,37.27,20.42,94.69167872138077
4865,40,103700.0,117,30.04,0.256,1,0.6054,1,75,33.13,99.28,94.73314657651943
4866,56,51400.0,5,14.67,5.0,1,0.2693,1,95,307.71,407.19,93.33251044037877
4867,40,102000.0,847,27.83,0.744,21,0.7849,1,35,66.22,106.74,48.632808455788265
4868,49,72300.0,301,22.59,0.498,5,0.4711,0,55,43.98,51.66,53.48747980643398
4869,90,71000.0,1100,21.82,0.655,24,0.6999,0,55,57.41,62.5,54.9293066229326
4870,57,33900.0,414,8.57,0.797,11,0.285,1,55,27.16,79.94,54.269584184567684
4871,35,61100.0,620,25.74,0.968,20,0.5015,1,55,106.06,142.73,54.95596227786969
4872,58,105300.0,394,19.9,0.761,10,0.6925,0,35,67.17,55.73,45.835845710019214
4873,32,93100.0,798,22.13,0.639,17,0.734,1,55,54.83,120.88,53.66862007129762
4874,35,66800.0,116,24.82,1.81,7,0.382,0,95,166.18,157.76,96.0783217466125
4875,37,37300.0,65,13.73,0.462,1,0.2192,1,95,45.44,139.7,94.18459111663047
4876,47,43300.0,34,16.89,4.412,5,0.2384,0,95,298.02,298.65,87.14018724172249
4877,71,50300.0,564,18.14,0.691,13,0.4184,1,55,50.84,91.99,55.439509040678416
4878,65,93800.0,25,24.4,1.2,1,0.5174,1,95,127.22,225.54,93.8396236800659
4879,64,101100.0,489,25.74,1.043,17,0.6957,1,35,104.24,154.52,46.17647016669625
4880,36,65300.0,1080,20.86,0.639,23,0.6642,1,55,63.65,118.46,54.96439223333759
4881,46,56800.0,1100,18.89,0.655,24,0.6219,0,55,47.04,44.35,54.948607013847045
4882,60,98500.0,504,20.3,0.714,12,0.686,1,55,72.61,116.03,49.35339473983222
4883,44,42200.0,10,8.58,3.0,1,0.2282,1,95,106.6,198.86,91.81910291162227
4884,50,65100.0,16,24.76,5.0,8,0.3435,0,95,489.8,495.21,92.8844235842096
4885,63,76300.0,663,26.66,0.633,14,0.6067,1,55,84.95,139.88,54.66922440791697
4886,49,45700.0,1100,18.54,0.655,24,0.5559,0,55,53.39,49.0,54.783663519006424
4887,59,52400.0,245,19.51,0.367,3,0.3374,0,55,23.77,33.83,54.41901031243843
4888,82,55400.0,413,13.73,0.799,11,0.4032,1,55,32.62,85.01,54.45950995494651
4889,52,94200.0,143,11.94,1.049,5,0.5564,0,95,55.68,51.4,95.37559996720827
4890,75,109200.0,442,25.14,0.611,9,0.7247,0,35,72.51,73.93,45.62941898475188
4891,65,69400.0,19,10.92,1.579,1,0.3686,0,95,72.07,85.14,98.47307432278085
4892,30,54400.0,287,19.08,1.359,13,0.3604,0,55,106.36,104.81,54.90888884902577
4893,36,48600.0,1100,23.81,0.764,28,0.5734,1,55,85.23,131.38,54.35150470098783
4894,41,62200.0,200,16.25,0.9,6,0.3799,1,55,63.29,123.74,54.553254695113196
4895,40,50400.0,103,14.77,2.33,8,0.2889,0,95,132.39,129.08,91.64825524222886
4896,53,62600.0,912,14.36,0.691,21,0.6002,0,55,34.77,40.32,54.73594132518358
4897,65,75700.0,267,21.58,0.449,4,0.4814,1,55,43.2,77.72,53.57405141648879
4898,76,60700.0,807,18.94,0.706,19,0.557,0,55,57.5,57.87,55.30969344128832
4899,60,62000.0,440,14.2,0.614,9,0.4512,1,55,43.58,96.09,54.45850609571586
4900,47,59500.0,138,23.49,0.217,1,0.3467,1,95,23.34,108.74,94.33151089295897
4901,20,51300.0,1100,31.21,0.764,28,0.5896,1,55,100.82,143.69,54.3082235679817
4902,56,55900.0,79,24.33,1.139,3,0.311,1,95,113.63,205.83,95.4405870099453
4903,55,81000.0,628,21.6,0.717,15,0.6237,1,55,69.66,113.97,53.83421075683478
4904,58,30000.0,574,13.89,0.784,15,0.3065,0,55,49.53,19.87,54.99900035830516
4905,90,105100.0,861,23.2,0.767,22,0.8003,1,35,69.11,92.36,49.16216878325064
4906,76,72000.0,133,18.13,0.226,1,0.4177,1,95,14.88,97.7,94.94755061068847
4907,68,80400.0,106,26.85,1.132,4,0.4603,0,95,124.17,124.46,94.23595898527891
4908,39,77000.0,617,26.56,0.827,17,0.5971,0,55,88.76,76.87,53.35476528664649
4909,46,48300.0,72,11.4,0.417,1,0.2707,0,95,29.53,29.52,96.49589492866747
4910,53,45400.0,318,18.64,1.132,12,0.3195,0,55,86.1,76.57,54.69984094239505
4911,42,40700.0,53,21.66,0.566,1,0.2312,0,95,37.65,45.48,94.36225511309526
4912,64,61600.0,526,17.49,0.57,10,0.4753,0,55,30.42,34.17,55.23581111139208
4913,61,80900.0,177,21.08,0.847,5,0.4854,1,95,69.51,161.5,93.78378543352926
4914,36,48900.0,1100,20.81,0.791,29,0.5752,0,55,71.62,73.06,54.469233863066044
4915,75,81800.0,414,25.89,0.942,13,0.5643,1,55,91.75,152.5,55.31092702287463
4916,57,30000.0,351,16.65,0.855,10,0.2508,0,55,62.15,62.77,54.18531915487104
4917,26,51100.0,106,18.94,0.283,1,0.2932,1,95,15.3,111.72,94.33770224241643
4918,54,89300.0,499,25.34,0.782,13,0.6339,1,55,80.53,114.46,53.743828990511844
4919,60,62400.0,277,17.97,0.65,6,0.4039,0,55,50.04,44.85,54.7633730976226
4920,72,51000.0,170,12.06,0.882,5,0.3094,1,95,33.4,120.62,95.01847830126398
4921,49,50000.0,472,9.72,0.763,12,0.389,0,55,32.83,43.34,54.413469203436
4922,69,30000.0,1100,17.48,0.709,26,0.4597,1,55,62.5,113.59,54.899765934837696
4923,58,44400.0,153,17.2,0.588,3,0.2716,0,95,38.87,32.13,93.9113060936783
4924,33,82800.0,712,24.7,0.506,12,0.658,1,55,50.6,111.41,54.11604302079693
4925,31,48000.0,165,13.06,1.273,7,0.2926,0,95,68.53,53.34,94.48923122521114
4926,74,59000.0,331,19.36,0.816,9,0.4,0,55,63.92,63.05,54.84249523957366
4927,75,30000.0,80,14.89,0.375,1,0.1929,1,95,22.53,97.76,94.45503628713831
4928,60,31800.0,325,21.17,1.015,11,0.2531,1,55,85.52,133.32,55.384753343169365
4929,80,95000.0,377,28.51,0.716,9,0.6312,0,55,69.11,64.48,53.47830113534184
4930,73,81600.0,234,18.54,0.385,3,0.5074,0,55,32.18,46.75,54.23179002774643
4931,67,40200.0,302,18.55,0.397,4,0.2882,0,55,20.86,19.37,54.823552569166274
4932,40,48800.0,506,13.59,0.652,11,0.3921,1,55,38.45,84.55,54.59269603197916
4933,84,70200.0,212,7.47,0.425,3,0.4309,0,55,18.31,16.97,54.06814888413882
4934,64,41700.0,138,24.88,0.217,1,0.2551,0,95,24.85,39.26,94.26851034187361
4935,48,30000.0,997,12.63,0.903,30,0.428,0,55,38.55,18.0,54.44776570460715
4936,44,59500.0,152,24.12,0.987,5,0.3507,0,95,97.75,105.47,94.53582552075703
4937,59,77800.0,243,18.36,1.481,12,0.4869,0,55,107.06,110.85,54.85602290943355
4938,27,71800.0,447,16.73,0.805,12,0.5134,1,55,49.15,102.99,53.39059239502946
4939,67,85800.0,92,20.14,1.304,4,0.4891,1,95,121.56,213.45,94.52900849075593
4940,39,30000.0,1100,15.76,0.682,25,0.4597,1,55,35.81,105.18,54.92334671693476
4941,61,67400.0,1100,20.99,0.736,27,0.681,1,55,65.75,127.94,54.99773574039819
4942,46,57600.0,1100,21.13,0.736,27,0.6265,1,55,74.41,119.04,54.699155338468465
4943,51,62400.0,338,16.88,0.888,10,0.4223,0,55,63.02,63.24,54.34318684688133
4944,42,58000.0,213,18.9,0.704,5,0.3596,1,55,48.3,115.75,54.01581569343772
4945,52,50500.0,1100,13.36,0.791,29,0.5848,1,55,37.86,98.24,54.61933640704957
4946,87,30000.0,519,21.85,0.809,14,0.2922,0,55,59.53,62.15,54.832795608974756
4947,79,94200.0,141,17.56,0.638,3,0.5558,1,95,45.56,127.53,93.7012486815902
4948,61,73100.0,607,16.86,0.692,14,0.5708,0,55,47.71,70.84,54.864949998144596
4949,55,33800.0,81,12.95,0.37,1,0.2081,0,95,17.16,24.37,94.50699590757308
4950,69,77700.0,37,33.6,3.243,4,0.4228,0,95,447.25,465.08,91.85752365741929
4951,74,59400.0,1100,22.74,0.736,27,0.6368,0,55,66.65,69.66,54.61527844598926
4952,41,53400.0,8,13.74,3.75,1,0.2798,0,95,193.7,193.52,84.98151305879023
4953,54,48700.0,54,21.42,0.556,1,0.2682,0,95,59.77,53.33,94.81664612574411
4954,24,70100.0,65,23.09,2.308,5,0.3861,0,95,203.98,213.73,93.9136982810909
4955,74,52000.0,48,19.17,0.625,1,0.2829,0,95,52.31,67.28,94.99304030045597
4956,90,49000.0,1100,20.83,0.764,28,0.5758,0,55,69.09,79.5,54.5023891335705
4957,56,89000.0,412,23.64,0.51,7,0.6067,1,55,47.92,125.48,53.71347935012567
4958,19,54000.0,927,18.95,0.777,24,0.5531,0,55,66.7,68.01,54.35226866154938
4959,65,63900.0,681,11.82,0.749,17,0.5376,0,55,36.36,30.16,55.65511405999339
4960,40,76500.0,256,28.69,0.234,2,0.4829,1,55,24.32,81.89,54.704533506301104
4961,44,48800.0,1074,15.08,0.782,28,0.5667,1,55,30.83,93.87,54.56083301799486
4962,66,57400.0,99,12.42,0.909,3,0.3244,0,95,31.64,29.02,95.26180679356527
4963,59,72200.0,1042,18.31,0.72,25,0.6909,0,55,75.1,74.67,54.79686101809587
4964,47,31000.0,187,12.33,0.642,4,0.2186,0,55,37.89,40.03,54.171619307236625
4965,44,67400.0,70,16.1,0.857,2,0.372,1,95,65.59,165.52,96.46257526166202
4966,57,49500.0,546,21.31,0.934,17,0.4082,0,55,100.09,101.44,54.71366504392548
4967,48,81600.0,1100,27.11,0.736,27,0.7517,1,55,77.3,134.4,53.28039769773486
4968,36,72700.0,268,11.11,1.119,10,0.4633,1,55,48.99,110.35,54.749734628433075
4969,49,72500.0,54,18.3,0.556,1,0.3969,1,95,27.89,130.57,95.99196081575124
4970,61,32500.0,51,12.66,2.941,5,0.1969,0,95,147.0,142.05,86.14577636157391
4971,52,62200.0,239,18.47,0.628,5,0.3914,1,55,44.26,80.89,54.008371195128525
4972,31,35500.0,962,23.86,0.686,22,0.4506,0,55,62.73,52.35,54.29518803867854
4973,72,67600.0,530,16.07,0.566,10,0.5134,0,55,45.18,49.79,55.32733410558847
4974,18,30000.0,601,22.31,0.749,15,0.3137,0,55,72.96,65.65,54.16913791545998
4975,47,31000.0,991,13.92,0.666,22,0.4322,1,55,44.84,102.49,54.74478219201273
4976,44,87800.0,367,31.03,1.063,13,0.5861,0,55,122.57,122.0,54.117357496898784
4977,58,73400.0,648,19.46,0.648,14,0.585,0,55,51.06,51.73,54.77648943043004
4978,65,59600.0,197,16.8,0.457,3,0.3641,0,55,33.85,38.76,54.03822511356221
4979,74,49700.0,96,17.34,1.25,4,0.2836,1,95,102.03,208.93,95.09669691571158
4980,43,39800.0,1094,22.43,0.85,31,0.518,1,55,77.59,132.42,54.24157140104606
4981,65,71200.0,189,21.47,1.111,7,0.4299,0,55,94.49,84.07,54.401097415844674
4982,58,58400.0,1100,19.81,0.845,31,0.6311,0,55,76.04,79.15,54.59942464201106
4983,26,91700.0,209,26.94,0.718,5,0.5615,1,55,75.69,137.82,53.18995674038744
4984,87,67500.0,205,15.73,0.732,5,0.4126,0,55,50.21,27.67,54.07257193760747
4985,31,61400.0,564,20.89,1.064,20,0.4859,1,55,92.82,140.6,54.48148755392537
4986,62,37200.0,472,12.44,1.081,17,0.3173,1,55,50.02,105.31,55.08366701263181
4987,62,58800.0,24,26.18,3.75,3,0.3116,0,95,387.56,382.75,86.35141395981987
4988,60,69700.0,225,22.55,1.2,9,0.4319,1,55,107.99,164.33,54.59608082154046
4989,47,55600.0,826,21.8,0.835,23,0.5317,0,55,69.35,63.11,54.16262292593482
4990,69,57600.0,69,8.44,0.435,1,0.3173,0,95,2.7,12.07,98.08020515421168
4991,28,66500.0,404,23.51,0.743,10,0.4675,1,55,75.64,131.16,53.47519905056209
4992,54,96600.0,315,23.6,1.143,12,0.6224,1,55,112.46,149.46,51.831592627742204
4993,45,66000.0,45,12.71,2.0,3,0.3568,0,95,95.74,103.05,96.75287655062807
4994,43,86600.0,577,23.46,0.728,14,0.641,1,55,61.6,124.55,53.97968238912485
4995,62,79500.0,619,14.33,0.969,20,0.6124,1,55,59.45,114.08,55.280468628198435
4996,73,91400.0,144,26.77,1.042,5,0.5396,0,95,125.59,107.2,93.77259417800813
4997,49,51000.0,389,24.82,0.925,12,0.3705,0,55,100.0,109.02,54.493557251510374
4998,68,63300.0,6,10.54,5.0,1,0.3309,0,95,220.41,210.18,98.38439055421252
4999,56,60900.0,465,18.99,0.839,13,0.4522,0,55,61.29,57.68,54.25018991185523
5000,40,73500.0,449,20.2,0.869,13,0.5245,0,55,73.54,67.8,53.198042473413764
5001,51,80800.0,38,12.17,3.947,5,0.4418,0,95,191.08,176.69,85.28403997613843
5002,50,66600.0,312,24.57,1.154,12,0.4397,0,55,107.61,107.67,54.694608244008535
5003,43,81000.0,106,25.28,0.283,1,0.464,1,95,30.18,127.21,94.08601402662266
5004,62,54600.0,668,28.32,0.808,18,0.4765,0,55,84.59,85.72,54.29386495895532
5005,59,84400.0,370,25.14,1.054,13,0.5666,0,55,100.03,97.94,54.93647420001034
5006,28,80900.0,440,17.74,0.75,11,0.5668,1,55,49.66,97.21,53.391750799679144
5007,27,73600.0,26,23.61,1.154,1,0.3951,0,95,106.28,120.97,96.08664454789955
5008,62,69200.0,123,26.8,0.244,1,0.3981,0,95,25.92,27.77,94.75601744493842
5009,41,77200.0,785,19.26,0.65,17,0.6474,0,55,33.55,24.19,54.61853099377036
5010,60,47200.0,174,21.34,0.517,3,0.2909,1,95,36.67,136.08,93.90171629513581
5011,68,71800.0,1100,9.0,0.682,25,0.7041,1,55,37.12,95.76,55.14189319596744
5012,33,66900.0,534,27.41,0.899,16,0.5104,0,55,98.5,104.65,53.76192065958352
5013,31,32300.0,766,18.85,0.705,18,0.3726,1,55,57.65,112.33,55.15350447093405
5014,83,80600.0,336,9.37,1.071,12,0.533,1,55,43.47,92.24,54.860380430606845
5015,61,40000.0,311,17.91,0.386,4,0.2895,0,55,26.79,13.09,54.782958710865344
5016,48,54600.0,9,8.26,3.333,1,0.2861,0,95,103.06,97.76,91.68745369725421
5017,39,62600.0,17,16.33,1.765,1,0.3301,0,95,110.89,94.33,96.49303139861227
5018,46,47900.0,1100,20.58,0.818,30,0.5692,0,55,83.01,86.01,54.497257117030905
5019,35,62700.0,181,18.72,1.326,8,0.3773,1,55,95.02,133.96,55.74406053406735
5020,70,69400.0,296,26.69,0.608,6,0.4518,1,55,78.68,130.13,54.27453940598817
5021,42,45200.0,469,17.1,0.959,15,0.3605,1,55,62.27,124.56,55.47296690170936
5022,74,80700.0,19,21.92,1.579,1,0.4354,1,95,135.89,228.47,94.96046246714354
5023,48,47600.0,537,22.63,0.894,16,0.3942,1,55,81.54,135.95,54.120719462344
5024,37,109400.0,100,24.72,0.3,1,0.6334,0,75,28.26,32.69,93.63708498604836
5025,48,61300.0,319,19.07,0.846,9,0.41,1,55,57.02,117.16,54.54115429863999
5026,18,33000.0,322,15.48,1.025,11,0.258,1,55,63.35,128.73,55.46771628553231
5027,53,43900.0,45,16.25,2.667,4,0.2436,1,95,161.58,262.21,85.87672029155557
5028,52,88500.0,151,29.08,0.199,1,0.524,1,95,26.06,124.64,94.83253975601085
5029,69,59200.0,351,15.55,0.598,7,0.4072,0,55,38.99,19.38,54.70676711346232
5030,23,30000.0,421,10.35,0.926,13,0.2676,0,55,44.16,46.58,54.45076670084906
5031,75,86900.0,315,17.73,0.952,10,0.5649,1,55,63.54,135.13,55.656212788089626
5032,69,59100.0,188,8.16,0.957,6,0.3587,0,55,37.14,43.62,54.75205800749425
5033,76,82900.0,1100,29.85,0.573,21,0.7576,1,55,71.86,136.56,53.62613360609627
5034,54,84400.0,22,18.16,5.0,4,0.4588,0,95,364.22,357.48,93.46624147755405
5035,72,74200.0,203,19.94,1.33,9,0.4524,0,55,121.9,121.21,54.69781862310588
5036,30,110300.0,180,34.33,0.833,5,0.6612,1,35,118.15,158.8,49.4036619208997
5037,67,31200.0,89,13.97,1.011,3,0.1993,0,95,52.78,57.21,94.23912393477627
5038,42,45200.0,550,19.35,0.818,15,0.384,1,55,75.6,138.5,54.62465615042228
5039,27,54000.0,603,11.0,0.945,19,0.4527,0,55,45.66,34.32,54.895602907284605
5040,36,108700.0,777,33.3,0.772,20,0.7978,1,35,117.06,144.13,47.13940076639338
5041,55,102800.0,265,24.81,0.679,6,0.6433,1,35,52.54,74.61,45.61510020631976
5042,41,89300.0,50,18.3,1.2,2,0.4975,1,95,85.44,183.02,94.49686673601693
5043,61,49500.0,1100,12.33,0.736,27,0.5788,0,55,33.91,32.04,54.86563714104153
5044,24,44600.0,401,25.14,0.748,10,0.3379,0,55,60.11,58.17,53.51581069633062
5045,19,40400.0,215,13.13,0.14,1,0.2675,0,55,8.68,1.87,55.56037544505169
5046,78,53100.0,718,12.98,0.836,20,0.4828,0,55,40.43,32.0,55.53342742354744
5047,70,99300.0,24,22.73,5.0,4,0.5508,0,95,438.61,438.63,93.41750433518813
5048,37,56300.0,1100,18.67,0.845,31,0.619,0,55,56.97,68.05,54.55191603112762
5049,55,62700.0,249,20.16,1.084,9,0.3973,1,55,98.5,169.18,54.915140305155234
5050,72,84700.0,70,24.93,0.857,2,0.4755,0,95,92.73,108.44,93.90269402398215
5051,62,31500.0,611,15.9,0.786,16,0.3244,0,55,44.3,39.61,55.26790195013018
5052,58,66700.0,964,23.24,0.871,28,0.6392,1,55,75.04,118.21,54.490656186205015
5053,74,45800.0,72,15.51,1.667,4,0.2587,0,95,110.31,119.14,94.88109875143029
5054,43,56400.0,489,28.82,1.043,17,0.4322,1,55,104.51,172.26,54.89175008488996
5055,56,52900.0,1100,15.49,0.682,25,0.5991,1,55,47.01,106.18,55.06054242197115
5056,55,51600.0,1100,24.5,0.682,25,0.5914,0,55,52.18,51.95,54.53341607521646
5057,50,68700.0,110,17.31,0.545,2,0.3913,1,95,50.87,139.6,95.68771952655551
5058,48,68200.0,149,13.09,0.201,1,0.3999,1,95,15.79,116.85,95.46627596563367
5059,56,60600.0,64,10.75,0.469,1,0.3321,1,95,5.41,106.17,98.17066636318076
5060,56,73000.0,117,22.47,1.026,4,0.4189,0,95,89.17,92.0,95.86954855044891
5061,37,43200.0,211,22.29,0.853,6,0.2802,0,55,78.59,67.53,54.23087974169971
5062,69,82100.0,66,16.56,0.909,2,0.4583,1,95,44.32,129.38,94.64331899322846
5063,38,57300.0,19,14.21,3.158,2,0.3024,0,95,179.15,178.21,85.99235399101252
5064,51,54000.0,156,20.03,0.192,1,0.3216,0,95,19.24,29.65,93.97904573307287
5065,50,47300.0,823,17.08,0.693,19,0.4798,0,55,30.8,39.89,54.944845477315674
5066,61,61100.0,110,16.24,0.545,2,0.3477,0,95,41.37,37.38,94.87267166879364
5067,19,97100.0,444,18.17,0.743,11,0.6621,1,55,53.0,89.73,50.39544815675041
5068,70,66700.0,317,21.55,0.379,4,0.4419,0,55,40.0,53.36,54.52124262982696
5069,43,38600.0,620,19.05,0.629,13,0.3664,0,55,46.05,58.46,55.39370679716937
5070,76,88500.0,72,25.73,0.417,1,0.4995,1,95,34.46,130.7,93.30509399069201
5071,47,53500.0,10,18.16,5.0,3,0.2808,1,95,353.96,444.66,93.36174935121353
5072,54,70800.0,674,15.34,0.801,18,0.5773,1,55,46.65,98.58,54.56030049173997
5073,88,58900.0,534,20.41,0.899,16,0.4613,1,55,71.88,136.2,55.07341188868128
5074,50,90900.0,192,24.83,0.625,4,0.5514,0,55,70.59,75.96,53.02176141914335
5075,76,56800.0,750,11.95,0.76,19,0.5155,1,55,34.09,84.81,55.668128187731384
5076,56,94600.0,85,22.68,1.412,4,0.5409,0,95,115.61,137.63,94.24664625587289
5077,62,44400.0,70,18.49,0.429,1,0.2517,0,95,28.07,12.77,94.6748369713402
5078,56,59000.0,146,18.46,0.411,2,0.3462,1,95,18.15,107.14,94.13802024583043
5079,69,97200.0,159,14.78,0.189,1,0.5794,0,95,13.97,8.18,93.77915956614424
5080,43,66100.0,146,16.71,0.411,2,0.3867,0,95,32.11,33.17,95.5186236463922
5081,38,109300.0,349,22.86,0.946,11,0.7015,0,35,92.5,103.83,46.2364352357175
5082,44,57100.0,365,21.36,1.068,13,0.3989,0,55,88.83,97.12,54.6313833114564
5083,57,70800.0,43,33.61,0.698,1,0.3837,1,95,88.24,184.51,95.30146312353644
5084,51,104200.0,127,26.3,0.236,1,0.6113,1,75,20.74,82.47,93.0009131531694
5085,67,35600.0,624,9.35,0.865,18,0.3506,0,55,31.62,41.17,55.128231166763044
5086,77,35000.0,123,14.45,0.732,3,0.2219,1,95,38.24,121.88,94.02186036806543
5087,38,44900.0,1100,16.79,0.627,23,0.551,0,55,54.99,50.97,54.848061513144586
5088,43,79700.0,143,25.74,0.21,1,0.4675,0,95,18.69,17.94,93.8324291770787
5089,31,30000.0,298,20.71,0.503,5,0.2387,1,55,40.85,87.78,54.09272843685361
5090,90,84500.0,21,29.63,1.429,1,0.4591,0,95,163.35,155.08,94.8155958827462
5091,60,77100.0,1100,24.25,0.655,24,0.7305,0,55,57.7,66.57,54.38382908214474
5092,63,108900.0,787,26.33,0.839,22,0.8006,1,35,78.18,127.72,47.85525249559901
5093,32,82400.0,64,29.78,0.469,1,0.4595,0,95,47.64,46.9,94.97438275436379
5094,55,72600.0,62,19.15,0.968,2,0.3999,0,95,89.13,71.34,96.05181101306165
5095,64,95300.0,780,24.57,1.038,27,0.7401,1,55,106.37,164.17,53.45019791607016
5096,51,75500.0,969,20.11,0.774,25,0.6888,1,55,59.55,107.59,54.31160512191497
5097,73,58900.0,341,8.18,0.704,8,0.4024,0,55,17.78,21.39,54.409766275368725
5098,90,48000.0,1013,23.56,0.74,25,0.5431,0,55,79.62,82.57,54.37099437341198
5099,39,49800.0,122,20.85,1.23,5,0.2907,0,95,95.9,77.08,94.98265086175998
5100,38,60800.0,161,7.27,1.118,6,0.3606,1,95,18.89,109.98,97.38126742009709
5101,40,65700.0,97,24.86,0.309,1,0.3701,0,95,34.53,40.69,95.9697943660217
5102,82,30000.0,317,12.98,0.662,7,0.243,1,55,26.96,81.03,54.56667524043668
5103,73,64000.0,200,24.54,0.45,3,0.3904,1,55,33.9,77.94,53.44426127069413
5104,53,65200.0,206,20.16,0.583,4,0.3993,1,55,38.27,99.84,53.54537611398874
5105,56,76700.0,1099,14.72,0.901,33,0.7283,1,55,56.37,94.72,54.763179001242825
5106,41,96400.0,246,24.59,0.976,8,0.6008,0,55,95.17,97.51,52.65732714980121
5107,70,71900.0,272,16.29,0.772,7,0.4597,1,55,42.43,92.04,54.739179141811974
5108,49,44700.0,227,10.59,1.189,9,0.2918,1,55,54.12,113.46,54.93028345481878
5109,51,30000.0,120,18.84,1.0,4,0.2007,0,95,68.74,66.46,94.2405792300867
5110,65,81400.0,722,24.17,0.54,13,0.653,0,55,39.12,43.98,54.81590364483985
5111,52,46100.0,203,24.4,1.478,10,0.2927,0,55,133.79,147.4,54.530006990892275
5112,51,82400.0,47,20.39,0.638,1,0.4543,1,95,52.21,154.15,94.86856020209957
5113,55,94300.0,443,19.33,0.271,4,0.6462,1,55,14.69,76.45,54.524057596509415
5114,69,35400.0,1100,18.5,0.627,23,0.4928,0,55,47.24,53.07,54.95129611453425
5115,83,82200.0,497,18.16,0.966,16,0.5919,0,55,79.07,61.9,55.538561288800004
5116,65,94100.0,251,22.56,0.239,2,0.5887,1,55,16.53,72.33,54.48111453304585
5117,69,89200.0,211,26.01,1.28,9,0.5469,0,55,154.5,157.2,54.316450881625286
5118,52,30000.0,389,13.87,0.771,10,0.2598,0,55,44.98,50.51,54.34052952593969
5119,43,44700.0,529,14.26,0.851,15,0.375,1,55,47.13,101.29,54.440009534746785
5120,66,40300.0,772,9.03,0.738,19,0.4215,0,55,15.98,23.13,55.46354711951563
5121,58,76600.0,198,26.17,1.061,7,0.4655,0,55,108.28,98.69,54.42051941240847
5122,31,68900.0,65,18.49,1.385,3,0.3792,1,95,100.45,215.37,96.54514295956403
5123,49,30000.0,364,17.59,0.742,9,0.2539,0,55,58.29,63.87,54.31439810345046
5124,54,58500.0,302,21.2,0.397,4,0.3884,0,55,28.9,19.7,54.196014331147
5125,46,80000.0,188,27.46,0.957,6,0.4833,1,55,108.58,177.13,54.602732683999655
5126,80,73100.0,58,19.79,0.517,1,0.4017,0,95,41.26,30.1,95.6913776149966
5127,63,69700.0,411,18.72,0.949,13,0.4893,0,55,78.86,78.95,55.23841309998324
5128,78,61900.0,80,13.74,1.125,3,0.3438,0,95,70.26,71.41,95.87383639182636
5129,59,43600.0,7,13.83,5.0,2,0.2337,0,95,279.27,275.17,93.49568011489315
5130,56,64800.0,249,21.43,0.12,1,0.4098,1,55,16.41,70.19,55.087639170194464
5131,39,62900.0,362,15.35,0.497,6,0.4327,1,55,39.5,95.14,54.183495715058456
5132,55,77900.0,1100,23.26,0.709,26,0.7343,0,55,70.26,59.53,54.172226160421936
5133,55,79600.0,63,29.28,1.905,4,0.4422,1,95,225.34,323.07,94.98121340276535
5134,32,62200.0,527,17.1,0.569,10,0.4793,1,55,42.19,97.22,54.91958865547156
5135,46,86200.0,130,16.36,2.538,11,0.5034,1,95,178.98,293.42,86.66927351060883
5136,50,56100.0,1100,16.35,0.736,27,0.6178,0,55,49.04,63.87,54.874088119039335
5137,62,36100.0,703,8.3,0.64,15,0.3762,1,55,27.08,74.75,55.822086015392635
5138,63,76600.0,22,28.16,1.364,1,0.4116,1,95,148.23,241.82,95.0559658726859
5139,45,65700.0,87,20.28,0.345,1,0.3672,1,95,39.99,128.06,96.28681741396707
5140,63,77000.0,18,17.91,1.667,1,0.4128,1,95,123.02,215.47,95.55036425710324
5141,52,37800.0,239,12.87,1.13,9,0.2608,0,55,55.41,64.0,54.917302976402155
5142,18,95200.0,254,18.37,0.945,8,0.5961,1,55,68.88,122.85,54.15520423310024
5143,47,78300.0,390,26.8,0.846,11,0.5356,1,55,88.94,138.95,53.71206121694111
5144,73,62600.0,1,28.58,5.0,4,0.3257,1,95,571.64,672.69,96.80298505682065
5145,26,39600.0,943,8.47,0.795,25,0.4698,1,55,28.61,64.25,54.549590431288316
5146,57,88000.0,465,28.42,0.516,8,0.6165,1,55,57.08,108.22,53.87966866282332
5147,82,47300.0,516,15.87,0.872,15,0.3863,0,55,42.65,56.35,54.84792973914679
5148,42,109900.0,222,32.82,0.27,2,0.6706,1,35,49.64,98.82,47.301649716338666
5149,55,52100.0,629,8.65,0.668,14,0.4491,0,55,25.24,38.3,54.862896027959465
5150,33,96700.0,332,25.63,0.723,8,0.6279,1,55,76.29,118.98,50.68609831127731
5151,83,66700.0,635,17.97,0.709,15,0.5405,0,55,50.58,38.19,55.69662969877268
5152,54,98000.0,965,28.0,0.591,19,0.793,1,55,73.46,123.52,52.758488330978835
5153,56,49800.0,758,17.78,0.633,16,0.4749,1,55,45.4,100.53,55.50928721249645
5154,78,70000.0,212,20.61,0.708,5,0.4297,1,55,55.88,103.55,53.70359104017444
5155,66,84100.0,6,22.09,5.0,1,0.452,1,95,439.82,518.02,93.4572916016341
5156,40,75900.0,43,29.2,2.791,4,0.4138,0,95,336.0,345.28,91.87448394116731
5157,44,85900.0,339,22.01,1.062,12,0.5662,1,55,95.12,157.73,54.67193693041476
5158,63,56400.0,1100,22.78,0.655,24,0.6196,1,55,59.4,108.5,54.65103339294305
5159,44,64600.0,224,22.83,0.804,6,0.4011,0,55,69.94,77.06,53.94818528510029
5160,19,84000.0,20,27.04,5.0,5,0.4557,0,95,538.24,547.67,95.55154026384507
5161,54,50000.0,420,12.43,0.714,10,0.3738,0,55,44.15,20.35,54.1052072793548
5162,30,72000.0,196,24.34,0.612,4,0.4369,1,55,52.25,113.69,53.07119878867058
5163,82,65800.0,545,21.55,0.881,16,0.507,1,55,81.3,135.69,54.69917721134346
5164,58,69900.0,27,14.54,1.111,1,0.3738,1,95,70.27,140.14,96.40074527533231
5165,40,63800.0,50,18.51,3.0,5,0.3459,0,95,223.85,234.03,86.26052969960789
5166,43,46000.0,1100,28.37,0.709,26,0.5577,1,55,78.94,134.73,54.31666156167529
5167,23,53100.0,65,16.01,0.462,1,0.2928,0,95,17.73,1.77,94.71422324686995
5168,36,64200.0,85,17.79,1.412,4,0.3581,0,95,105.79,109.77,96.44345754543689
5169,72,66200.0,173,22.18,0.867,5,0.3953,0,95,64.16,65.97,95.46739642698836
5170,90,105000.0,491,23.05,0.794,13,0.7161,1,35,74.54,114.95,45.667603145779914
5171,67,88600.0,152,23.99,0.197,1,0.525,1,95,19.32,94.98,93.3233401884146
5172,53,70700.0,572,18.36,0.682,13,0.5455,1,55,56.23,108.23,54.73835808897086
5173,48,47600.0,352,19.15,0.938,11,0.3408,0,55,64.69,54.88,54.91076545073963
5174,39,44500.0,371,16.37,0.566,7,0.3291,0,55,29.5,27.87,54.422599410946816
5175,90,113500.0,91,36.78,1.319,4,0.654,0,75,198.33,181.35,94.92113943045875
5176,52,43200.0,713,16.71,0.799,19,0.421,1,55,52.04,95.87,55.07051398357392
5177,90,74400.0,52,20.05,0.577,1,0.4076,1,95,30.14,140.53,95.48258653893096
5178,79,77400.0,1,26.76,5.0,4,0.4101,1,95,535.15,641.77,94.78942401996208
5179,25,52500.0,211,10.92,0.569,4,0.3285,0,55,39.32,49.03,53.94969861877314
5180,44,41800.0,188,24.73,0.638,4,0.2676,0,55,67.5,82.21,53.54634463692493
5181,44,46300.0,412,12.0,0.728,10,0.3504,0,55,25.46,6.76,54.2730163741009
5182,54,53300.0,22,23.96,1.364,1,0.2828,1,95,134.48,228.92,95.60689343218748
5183,54,49900.0,29,24.77,3.103,3,0.2679,1,95,315.31,412.75,85.41844318985935
5184,90,99900.0,458,22.36,0.459,7,0.6811,0,55,27.25,23.38,46.70158677076933
5185,37,61200.0,111,17.03,1.351,5,0.3486,1,95,89.73,166.12,95.26242268387641
5186,59,54800.0,955,17.67,0.754,24,0.5666,0,55,63.69,72.53,54.588909050826075
5187,65,69200.0,286,23.49,0.944,9,0.4475,1,55,76.5,137.68,55.29716321146568
5188,55,79000.0,52,16.86,4.615,8,0.4352,1,95,309.0,397.79,89.47241999850766
5189,57,58200.0,395,18.18,0.608,8,0.4145,0,55,42.49,50.95,54.435149934030505
5190,37,80300.0,206,20.48,0.146,1,0.4907,0,55,8.64,9.88,55.02133634316766
5191,57,38700.0,1038,10.05,0.78,27,0.4938,1,55,42.36,103.7,54.68622567155294
5192,64,91400.0,164,18.48,0.915,5,0.5458,1,95,77.42,163.27,93.91188884514233
5193,61,66000.0,173,20.54,1.214,7,0.3941,0,95,97.32,99.71,95.96405840588794
5194,65,66000.0,264,20.45,0.568,5,0.4215,1,55,38.33,95.82,53.986881787911464
5195,79,55200.0,273,14.46,0.44,4,0.361,0,55,35.63,33.32,54.47955369857262
5196,71,42400.0,36,16.76,0.833,1,0.2348,0,95,62.04,35.3,94.3513729201493
5197,56,30200.0,553,11.3,0.542,10,0.302,0,55,24.36,26.08,55.017232109177
5198,35,45000.0,636,23.29,0.708,15,0.4085,0,55,71.2,73.59,54.101031469387145
5199,45,75300.0,71,20.78,0.423,1,0.4187,1,95,40.34,125.88,95.56896470684794
5200,51,44000.0,795,22.09,0.981,26,0.4509,0,55,79.68,85.41,54.41540289277723
5201,59,33300.0,101,6.53,0.297,1,0.2101,0,95,3.01,5.45,96.60659200386799
5202,47,44300.0,855,18.26,0.772,22,0.4713,1,55,56.43,115.53,54.379402253519
5203,39,53700.0,193,21.04,0.466,3,0.3301,1,55,23.75,74.98,53.62688159699895
5204,35,53700.0,479,17.37,0.814,13,0.413,0,55,53.82,36.73,54.17778785985679
5205,27,56700.0,667,15.81,0.675,15,0.489,0,55,36.35,19.48,54.98914059713924
5206,51,85900.0,49,22.12,2.449,4,0.4763,0,95,218.06,224.93,89.03893914244095
5207,30,86200.0,24,26.64,5.0,4,0.4704,0,95,523.79,512.85,94.71557064776364
5208,38,103700.0,91,19.5,0.659,2,0.5976,0,75,54.84,46.86,94.13843165155428
5209,48,30000.0,465,18.0,1.032,16,0.2784,0,55,76.08,84.48,55.6911950307808
5210,32,42400.0,320,17.95,0.938,10,0.3042,0,55,66.53,45.17,55.09248109039264
5211,61,80900.0,166,20.83,1.446,8,0.482,1,95,124.23,203.17,94.49109768131484
5212,68,58100.0,47,17.62,0.638,1,0.3141,0,95,49.71,57.6,95.39139579934798
5213,46,81300.0,1042,22.5,0.835,29,0.7366,1,55,73.25,129.09,53.62362847973187
5214,48,67900.0,825,28.48,0.655,18,0.6055,0,55,74.9,54.97,54.443377966045816
5215,64,100000.0,81,26.74,0.37,1,0.5725,1,95,34.15,124.75,93.44282993103056
5216,43,84500.0,614,17.96,1.075,22,0.6397,1,55,71.71,128.47,54.202773511585136
5217,42,84700.0,35,20.53,0.857,1,0.4646,0,95,83.02,72.0,94.83249654257597
5218,75,60400.0,455,13.34,0.659,10,0.446,1,55,33.55,74.09,54.819165263462864
5219,70,66000.0,371,10.45,0.323,4,0.4543,1,55,13.41,51.52,55.42836639570028
5220,65,60600.0,1100,13.28,0.682,25,0.6436,1,55,35.61,99.07,55.29974146415146
5221,71,36600.0,361,16.09,0.499,6,0.2851,0,55,35.09,45.52,54.61532094198514
5222,21,89100.0,20,29.73,1.5,1,0.487,0,95,174.03,181.58,94.67420015778242
5223,78,85300.0,676,27.77,0.799,18,0.6617,1,55,85.17,152.49,54.343218261913435
5224,62,59200.0,242,13.1,0.992,8,0.3749,1,55,59.48,127.28,55.209699583868066
5225,72,95800.0,234,20.38,0.385,3,0.5937,1,55,19.49,59.33,52.85280657978344
5226,62,53200.0,67,13.29,0.448,1,0.2938,0,95,25.31,35.32,95.03392495562913
5227,56,30000.0,5,2.0,5.0,3,0.1788,0,95,33.43,34.55,98.71950407658403
5228,50,85200.0,974,21.94,0.893,29,0.7388,0,55,62.3,81.29,53.35038532770504
5229,61,39400.0,49,19.93,3.061,5,0.2247,1,95,243.37,372.23,85.85176688320493
5230,50,59900.0,72,17.72,0.417,1,0.3305,0,95,20.32,18.37,95.22150227710861
5231,70,72300.0,1100,14.51,0.845,31,0.7066,0,55,38.38,35.33,54.86399471061784
5232,28,67700.0,920,15.93,0.946,29,0.6322,0,55,81.05,77.21,54.377454756847555
5233,46,81000.0,47,20.51,0.638,1,0.4458,1,95,56.68,152.4,95.10972186435491
5234,90,84200.0,994,26.48,0.845,28,0.7388,1,55,94.04,151.36,53.09595974919004
5235,44,74300.0,553,20.23,0.814,15,0.5615,0,55,65.44,91.82,53.6175000038555
5236,51,47600.0,119,20.31,0.504,2,0.2789,1,95,31.39,127.82,93.89331490064188
5237,40,68200.0,117,19.82,0.769,3,0.3904,0,95,59.64,55.35,95.93205810991027
5238,61,34600.0,791,16.37,0.796,21,0.3934,0,55,49.28,49.41,55.01920147733449
5239,42,95200.0,214,19.58,1.262,9,0.5841,0,55,83.45,75.2,54.17344913334229
5240,52,34900.0,660,11.81,0.909,20,0.3569,1,55,57.27,95.49,54.96384466268808
5241,69,60500.0,731,12.8,0.575,14,0.5323,1,55,28.72,82.24,56.23082251441732
5242,43,34900.0,165,18.24,0.364,2,0.2306,0,95,19.9,43.23,94.10283304221745
5243,68,52300.0,745,16.39,0.765,19,0.4863,1,55,51.14,115.02,55.807403132522516
5244,69,68100.0,1100,2.23,0.873,32,0.6847,1,55,0.0,50.2,54.97194450223201
5245,73,57500.0,34,21.03,0.882,1,0.3074,0,95,66.69,70.2,95.6467799851656
5246,57,89400.0,63,28.28,0.476,1,0.5022,1,95,66.14,186.28,94.76005314436748
5247,90,76800.0,536,17.46,0.504,9,0.5714,1,55,31.04,88.03,54.63944736343091
5248,73,58900.0,163,21.24,0.184,1,0.3504,0,95,15.49,6.59,94.31187430300885
5249,61,63400.0,1100,18.46,0.818,30,0.6593,1,55,61.23,116.91,54.830499597881726
5250,40,87600.0,662,12.55,0.68,15,0.6704,0,55,32.74,39.16,54.8154486137389
5251,53,83700.0,165,32.32,0.182,1,0.4989,0,95,19.22,23.39,94.89577602926168
5252,79,45900.0,300,15.87,0.7,7,0.3173,0,55,62.59,77.12,54.456615887182174
5253,84,56500.0,282,19.48,1.383,13,0.371,0,55,101.84,102.83,55.142140074563876
5254,80,80000.0,1100,18.88,0.6,22,0.7443,1,55,38.16,69.73,54.20501205825182
5255,68,75000.0,1100,19.77,0.791,29,0.7202,0,55,66.48,71.2,54.8185672616679
5256,34,38700.0,63,16.61,2.857,6,0.2247,0,95,179.54,183.58,85.89864726260947
5257,63,82300.0,455,17.13,0.725,11,0.5798,0,55,57.85,61.23,53.93861603387556
5258,34,42100.0,129,24.78,2.093,9,0.2549,0,95,205.85,197.36,94.23720451558819
5259,30,87400.0,235,27.3,0.511,4,0.5433,0,55,56.83,76.77,52.9584026679044
5260,59,76900.0,141,24.12,1.702,8,0.4498,0,95,166.57,155.7,94.66916919554015
5261,64,43000.0,479,15.74,1.002,16,0.3509,1,55,60.37,105.56,55.69732916236765
5262,70,56900.0,49,14.73,0.612,1,0.3083,0,95,43.38,41.1,95.35762847430212
5263,63,55100.0,316,23.42,0.285,3,0.3728,1,55,31.9,100.16,55.35316175552894
5264,64,70200.0,718,23.58,0.627,15,0.5871,1,55,63.27,131.97,55.106742011137854
5265,38,57300.0,182,16.6,0.165,1,0.3469,0,55,0.0,6.4,55.909550007567304
5266,53,40500.0,625,10.65,0.816,17,0.3788,0,55,31.97,40.91,54.691702840196015
5267,29,30500.0,321,6.7,0.841,9,0.2462,1,55,21.65,63.62,54.24602312435883
5268,21,69700.0,902,20.6,0.765,23,0.6384,1,55,76.94,114.94,54.10191825910793
5269,68,73600.0,128,19.8,0.703,3,0.4258,1,95,44.37,135.65,94.79298281471355
5270,42,64600.0,371,25.62,1.051,13,0.4457,0,55,102.6,111.46,54.87717296192359
5271,70,73700.0,82,26.02,1.098,3,0.4125,0,95,122.93,132.05,95.02849443891951
5272,74,55800.0,1100,18.56,0.709,26,0.6161,0,55,45.13,36.43,54.86953572613854
5273,44,66700.0,80,19.6,0.75,2,0.3709,0,95,53.54,43.77,96.44037346542692
5274,65,120000.0,47,22.24,4.468,7,0.6774,1,75,410.87,497.55,87.6977905521147
5275,44,87500.0,81,28.43,1.481,4,0.4961,1,95,171.35,268.25,94.8143686759012
5276,24,52700.0,306,17.62,0.588,6,0.3563,0,55,48.31,27.59,54.359042142916664
5277,57,54400.0,722,21.19,0.748,18,0.492,1,55,69.18,112.94,54.52478050734958
5278,47,30000.0,681,20.38,0.793,18,0.3355,0,55,65.58,70.43,54.915504559196464
5279,48,86000.0,598,20.07,0.702,14,0.6436,0,55,57.09,45.23,54.53505888262483
5280,89,88300.0,617,19.11,0.681,14,0.6618,1,55,59.15,104.31,55.27247860213789
5281,29,48400.0,332,29.6,0.723,8,0.3396,1,55,78.83,124.35,53.5390713204804
5282,62,36300.0,75,18.42,2.4,6,0.2171,0,95,190.7,199.45,89.4210243755359
5283,38,37300.0,1100,14.2,0.818,30,0.5045,1,55,42.19,97.09,54.58527970325835
5284,70,77300.0,1000,27.79,0.72,24,0.7063,1,55,88.22,159.98,54.184728851129975
5285,60,64100.0,110,18.07,1.364,5,0.3647,0,95,102.64,98.35,96.0105468388315
5286,61,80700.0,495,23.73,0.727,12,0.5824,0,55,64.63,62.52,53.95260746626348
5287,39,63600.0,211,16.7,0.853,6,0.3913,0,55,60.85,64.19,54.418689238494785
5288,42,82700.0,402,22.32,0.821,11,0.5661,1,55,74.32,123.07,53.500663977458295
5289,71,76000.0,645,20.03,0.465,10,0.5996,1,55,23.13,62.15,54.82274740861817
5290,85,88400.0,40,19.5,0.75,1,0.4889,1,95,57.81,149.28,94.25499036139807
5291,63,30000.0,1100,15.71,0.764,28,0.4597,0,55,38.02,30.53,54.74121293161957
5292,40,36100.0,359,12.22,0.501,6,0.2821,1,55,28.55,82.28,54.43577961035272
5293,61,58500.0,45,21.65,0.667,1,0.3157,1,95,56.63,145.65,95.47643859551569
5294,90,94700.0,508,22.68,0.591,10,0.6667,1,55,60.63,120.14,53.99612867325766
5295,57,104900.0,724,17.13,0.87,21,0.7708,0,35,54.04,50.52,47.39689994242482
5296,80,66600.0,1100,23.09,0.791,29,0.6767,0,55,62.69,46.53,54.80702073883972
5297,42,49600.0,92,20.63,1.63,5,0.2821,0,95,125.9,119.67,95.28557434603539
5298,54,30000.0,67,25.77,1.343,3,0.1904,0,95,154.6,142.57,95.80223581796437
5299,66,85300.0,504,22.88,0.595,10,0.6123,1,55,78.69,152.9,54.66147728984218
5300,62,54800.0,218,19.14,1.101,8,0.3431,1,55,100.3,155.76,54.87527328661471
5301,42,120000.0,148,30.39,1.014,5,0.7042,0,75,110.94,117.61,94.8733151920849
5302,41,46700.0,381,22.1,0.709,9,0.3439,0,55,51.66,50.7,53.644362283135614
5303,72,112600.0,148,31.68,0.811,4,0.6649,1,75,94.25,187.59,94.72254370216483
5304,75,84700.0,310,24.3,0.968,10,0.55,0,55,100.28,87.67,55.643430489740645
5305,81,48600.0,194,17.13,0.464,3,0.3032,0,55,48.66,40.74,54.06038586219568
5306,86,76100.0,24,25.63,5.0,4,0.4093,0,95,519.84,530.97,93.33157968675195
5307,57,81600.0,280,21.87,0.964,9,0.5217,0,55,85.85,80.67,55.260669470008345
5308,50,59300.0,1076,12.45,0.753,27,0.6293,0,55,30.1,22.62,54.91638076327413
5309,78,87200.0,97,15.57,2.165,7,0.4992,1,95,132.55,221.94,94.42306905407285
5310,67,84500.0,356,21.21,0.421,5,0.5629,1,55,36.43,110.74,54.1122021895885
5311,38,74100.0,124,21.71,0.484,2,0.4276,0,95,49.09,69.54,95.06028851837345
5312,37,61100.0,104,31.53,0.288,1,0.3461,0,95,32.33,36.43,95.50558345579445
5313,63,41900.0,302,15.68,0.894,9,0.2969,0,55,59.28,61.25,54.718214466221255
5314,52,62800.0,62,19.65,2.419,5,0.3437,0,95,192.33,200.17,90.75113105621288
5315,55,68700.0,125,18.28,0.24,1,0.3957,0,95,18.35,22.28,95.39237235044354
5316,73,30000.0,907,17.59,1.092,33,0.4008,1,55,73.67,130.43,54.37032729129635
5317,68,71200.0,78,22.08,0.385,1,0.3964,1,95,34.97,125.46,95.74280396797337
5318,78,67600.0,69,16.95,1.304,3,0.3728,0,95,87.64,81.49,96.31860086163707
5319,22,31200.0,1100,9.62,0.764,28,0.467,1,55,23.14,83.11,54.69762083458312
5320,59,58800.0,1100,16.81,0.764,28,0.6334,1,55,58.45,114.84,54.96387531340553
5321,67,60900.0,394,14.92,0.533,7,0.4304,1,55,44.41,114.09,54.579374205374286
5322,29,100300.0,34,23.89,3.529,4,0.5599,1,75,338.59,411.0,85.88192979482315
5323,44,67400.0,187,20.82,0.321,2,0.4066,0,55,26.36,17.11,54.855635667913376
5324,41,84000.0,351,20.09,0.256,3,0.5583,0,55,26.64,12.03,55.24897536770468
5325,55,62500.0,479,26.65,0.564,9,0.4663,0,55,61.6,53.92,54.296898390711235
5326,83,31200.0,327,20.48,1.193,13,0.2508,1,55,106.85,147.47,54.97434468818267
5327,89,85900.0,174,21.74,1.379,8,0.5152,1,95,120.77,227.24,93.99957411200226
5328,41,48400.0,286,12.44,0.105,1,0.3269,0,55,9.91,5.66,55.810811159434664
5329,64,59800.0,508,18.82,0.886,15,0.4587,1,55,80.57,127.89,54.83404427617547
5330,64,44700.0,34,16.04,0.882,1,0.2447,0,95,66.73,71.53,94.42374011365048
5331,62,67900.0,218,19.87,0.688,5,0.4189,0,55,53.43,72.92,53.914042589303946
5332,62,88800.0,310,21.33,0.387,4,0.5748,1,55,41.67,92.4,53.900650860611904
5333,60,85600.0,8,17.59,5.0,3,0.4618,0,95,343.26,331.92,93.51441385568369
5334,84,104100.0,38,25.79,2.368,3,0.584,0,75,242.68,238.72,90.76525893932012
5335,74,105100.0,10,24.01,5.0,3,0.5815,1,75,486.87,543.28,93.40684956106611
5336,37,30000.0,883,13.19,0.713,21,0.3937,1,55,49.86,110.0,54.50409830593494
5337,69,42700.0,202,16.87,0.594,4,0.2755,0,55,34.07,39.84,54.15034571531837
5338,70,30000.0,72,14.15,0.417,1,0.1913,0,95,23.38,18.99,94.47146309839991
5339,60,79300.0,294,22.26,0.408,4,0.512,0,55,36.35,25.15,53.78243274979922
5340,74,54200.0,298,16.14,1.007,10,0.3625,0,55,64.27,88.28,55.78004036474993
5341,58,55300.0,91,20.1,0.989,3,0.311,0,95,69.79,57.49,95.08645213722875
5342,58,61100.0,231,15.58,0.779,6,0.3826,0,55,52.55,45.05,54.28136957389927
5343,57,73400.0,617,15.57,0.924,19,0.5756,1,55,47.34,102.68,54.3171518773369
5344,21,30000.0,343,10.05,0.437,5,0.249,1,55,26.67,90.28,54.11169583565734
5345,54,38400.0,671,12.38,0.849,19,0.3801,1,55,52.84,106.33,54.966728948767184
5346,44,62800.0,321,12.98,0.374,4,0.4196,0,55,14.31,14.66,54.8774935700882
5347,35,86200.0,111,14.47,1.892,7,0.4975,1,95,99.36,200.48,94.86339965844105
5348,79,69300.0,406,22.91,0.887,12,0.4853,1,55,81.03,168.08,54.71782209762629
5349,64,50200.0,733,23.9,0.859,21,0.4696,0,55,77.96,72.17,54.707260711201705
5350,54,30000.0,63,17.29,0.476,1,0.1896,0,95,31.24,26.14,94.67918348170912
5351,45,83000.0,172,20.03,1.919,11,0.4968,1,95,154.48,248.41,94.7468911723031
5352,60,50500.0,405,8.99,1.185,16,0.3723,0,55,35.17,41.96,54.53178988975132
5353,72,44300.0,432,17.6,0.833,12,0.3449,0,55,71.92,97.17,54.65882967137446
5354,41,30000.0,390,6.46,1.0,13,0.2601,0,55,20.71,19.6,55.20678186748676
5355,55,34800.0,113,14.79,0.531,2,0.2189,0,95,38.9,44.44,93.83852414773237
5356,70,47800.0,1100,13.17,0.655,24,0.5686,0,55,27.39,5.8,55.09362809402665
5357,22,53400.0,354,6.61,0.932,11,0.3741,0,55,25.13,25.78,54.19145105216117
5358,54,39400.0,1100,23.31,0.682,25,0.5174,1,55,67.19,122.05,54.52620883622114
5359,48,67500.0,325,13.85,1.108,12,0.4492,0,55,62.47,72.66,54.731210047053054
5360,53,59400.0,17,17.13,5.0,4,0.3129,1,95,340.57,430.4,93.1746245332097
5361,46,109900.0,587,25.84,0.767,15,0.7623,1,35,75.33,98.11,45.54636151955776
5362,57,30000.0,176,12.15,0.852,5,0.2122,0,95,38.15,40.45,93.78713892544958
5363,88,75000.0,860,23.57,0.837,24,0.6563,1,55,73.51,112.92,53.83063088264889
5364,49,67500.0,198,16.42,0.909,6,0.4105,0,55,62.37,54.33,54.581389382397134
5365,60,44400.0,150,18.57,0.6,3,0.2709,1,95,59.22,154.77,93.99706969350599
5366,89,73800.0,48,22.66,0.625,1,0.4028,0,95,59.52,35.56,95.35991081132106
5367,46,79400.0,172,15.02,1.221,7,0.4746,0,95,78.12,75.57,94.6634883644808
5368,86,73200.0,270,22.16,0.889,8,0.467,1,55,87.46,158.26,54.569848382116426
5369,55,94100.0,96,18.85,3.438,11,0.5413,0,95,255.62,239.51,85.98297222885488
5370,85,30000.0,110,8.67,0.545,2,0.1988,0,95,4.47,0.0,96.1796300710465
5371,68,49900.0,705,18.94,0.809,19,0.4591,0,55,61.31,67.2,55.5310270264243
5372,60,97000.0,658,22.51,0.775,17,0.7184,0,55,76.62,84.78,51.070047051728324
5373,54,84000.0,58,24.46,1.552,3,0.4675,0,95,167.93,168.51,94.51803040941317
5374,44,74200.0,34,23.04,0.882,1,0.401,0,95,73.44,71.58,96.00756928707419
5375,56,91100.0,7,16.52,4.286,1,0.4952,0,95,292.02,308.55,86.54628211032717
5376,70,30000.0,497,18.2,0.905,15,0.2865,1,55,67.97,125.1,55.29292526172492
5377,55,81700.0,203,23.68,0.591,4,0.4984,0,55,52.87,42.29,53.09898850587105
5378,50,86400.0,193,20.03,1.088,7,0.5242,1,55,78.8,135.0,54.51524295059638
5379,51,50400.0,319,16.88,0.752,8,0.3471,1,55,46.1,99.75,54.32112397546459
5380,72,120000.0,704,31.85,0.81,19,0.8263,0,35,107.78,103.39,46.318359361511064
5381,76,73300.0,72,19.4,2.083,5,0.4071,0,95,171.42,154.61,95.80161393956679
5382,44,30000.0,220,25.08,0.682,5,0.2215,0,55,46.62,46.55,53.5992119835884
5383,44,70800.0,26,28.07,1.154,1,0.3787,1,95,133.67,234.5,95.49544053083403
5384,61,51100.0,118,18.25,0.508,2,0.2963,0,95,32.5,40.0,94.28468053540286
5385,81,94700.0,281,23.07,0.534,5,0.6012,0,55,45.44,45.55,53.033023614834846
5386,74,80300.0,189,21.12,0.159,1,0.4854,0,55,16.76,17.12,54.874268426153854
5387,34,48200.0,85,14.23,0.706,2,0.2734,1,95,55.55,144.95,94.12975470197159
5388,51,95800.0,80,25.0,1.125,3,0.5467,1,95,106.76,211.44,93.77209950473419
5389,39,81500.0,1100,25.66,0.845,31,0.7513,1,55,85.97,129.07,53.50902288359885
5390,50,46600.0,14,10.24,2.143,1,0.2488,0,95,75.17,69.96,97.15485135951674
5391,82,67200.0,414,23.29,0.797,11,0.4749,0,55,77.76,69.7,54.667120182589066
5392,31,71100.0,441,25.33,0.952,14,0.5073,0,55,90.94,89.82,54.76833320663269
5393,27,51800.0,166,20.63,0.361,2,0.3126,0,95,42.4,55.53,93.78215625653449
5394,41,55200.0,398,17.63,0.905,12,0.3976,1,55,66.7,109.83,54.04356508629219
5395,60,66800.0,783,22.67,0.92,24,0.5864,0,55,81.16,83.95,54.69275705908853
5396,66,44800.0,250,23.22,0.12,1,0.2982,0,55,8.94,11.95,55.108845436756226
5397,62,30000.0,436,14.21,0.826,12,0.2713,1,55,49.87,95.23,54.50672747855953
5398,75,74000.0,363,21.22,1.074,13,0.5008,1,55,96.69,149.76,54.83880177716273
5399,25,30000.0,66,25.16,0.455,1,0.1902,0,95,36.44,27.47,94.49667679604404
5400,75,48100.0,16,18.75,5.0,5,0.2562,0,95,373.81,374.82,93.3352767704762
5401,50,30000.0,919,9.46,0.816,25,0.4044,0,55,30.86,29.67,54.443543266197935
5402,67,32800.0,63,19.28,3.333,7,0.2004,0,95,258.73,273.78,86.14672167533466
5403,33,69600.0,444,22.45,0.878,13,0.499,1,55,89.29,136.64,53.315073901181265
5404,55,60300.0,922,15.77,0.944,29,0.5896,1,55,48.14,101.42,54.28026893212919
5405,59,60400.0,233,13.54,0.901,7,0.3792,1,55,56.45,107.71,54.48914731695802
5406,75,41400.0,501,17.4,0.479,8,0.3482,0,55,36.25,49.82,54.98980435348528
5407,28,45800.0,248,16.57,0.484,4,0.3029,0,55,28.1,23.17,54.22593628425735
5408,56,73100.0,437,14.74,0.961,14,0.5183,1,55,63.11,109.2,55.035668648973356
5409,37,60300.0,404,18.6,0.965,13,0.4298,0,55,68.73,60.97,55.29262120800344
5410,64,84100.0,287,21.86,0.627,6,0.5392,1,55,40.33,87.4,53.785081112560704
5411,68,87900.0,17,22.87,5.0,6,0.4787,1,95,429.93,519.12,93.42674229321072
5412,77,64100.0,698,22.07,0.688,16,0.5441,1,55,51.01,97.45,55.48301195735075
5413,46,30000.0,35,5.69,1.714,2,0.1843,0,95,34.66,34.81,97.00314717223478
5414,71,52300.0,37,12.28,1.622,2,0.2816,0,95,81.05,68.06,95.57305537430351
5415,78,67500.0,60,17.69,0.5,1,0.3696,0,95,40.16,45.92,95.88042720633916
5416,27,43100.0,176,23.1,0.682,4,0.271,0,95,60.95,61.36,93.44701625258044
5417,65,44900.0,7,28.57,5.0,7,0.2394,0,95,560.12,576.34,96.80298505682065
5418,71,69700.0,13,20.48,2.308,1,0.3686,0,95,186.03,190.7,93.81808973300052
5419,51,115200.0,253,27.51,0.949,8,0.7068,1,35,102.68,141.34,46.11436296523771
5420,34,50500.0,1100,5.36,0.655,24,0.5848,0,55,27.94,48.04,54.91765949226714
5421,71,68100.0,1100,24.74,0.682,25,0.6847,1,55,71.95,131.29,54.91778949185746
5422,35,33400.0,207,17.26,0.145,1,0.2333,0,55,0.0,0.0,55.55016675453714
5423,52,90500.0,514,24.99,0.934,16,0.645,1,55,90.84,137.15,54.61185208995346
5424,54,83200.0,410,16.25,0.585,8,0.5716,1,55,43.6,113.13,54.049518173469835
5425,67,84300.0,359,32.54,1.086,13,0.5626,1,55,141.52,186.44,54.33574277830972
5426,44,91400.0,1100,31.31,0.709,26,0.7939,1,55,75.8,119.41,53.26517893989134
5427,43,53600.0,306,19.51,0.784,8,0.3614,0,55,67.73,56.38,54.471210260198845
5428,57,59000.0,573,23.81,0.838,16,0.474,0,55,82.72,75.19,54.08773745696025
5429,72,104300.0,349,25.9,0.344,4,0.6751,1,35,34.38,69.82,46.17219699263805
5430,90,85300.0,340,26.9,0.794,9,0.5629,0,55,78.98,76.36,54.25472105902353
5431,29,30000.0,609,7.96,0.788,16,0.3158,1,55,33.2,93.45,54.627118711576294
5432,60,75600.0,381,9.97,1.024,13,0.5163,0,55,26.33,15.42,54.89693840034415
5433,37,49200.0,118,11.03,0.254,1,0.2866,0,95,0.0,0.0,96.57823865751091
5434,72,87300.0,363,19.06,0.579,7,0.5819,0,55,38.26,39.8,54.448376471821064
5435,39,70400.0,509,17.34,0.884,15,0.5241,1,55,63.73,109.09,53.767284043495806
5436,44,30000.0,1100,16.74,0.873,32,0.4597,0,55,47.54,33.92,54.594670238779315
5437,45,68600.0,778,19.0,0.694,18,0.5956,0,55,48.39,33.09,54.95604594604282
5438,54,69200.0,318,20.24,0.377,4,0.4574,0,55,27.79,27.31,54.523770995234756
5439,60,73600.0,169,15.12,0.533,3,0.4383,0,95,34.98,34.29,94.97040904186308
5440,63,78700.0,18,15.45,1.667,1,0.423,1,95,100.81,194.65,95.42652304585071
5441,55,96400.0,293,24.67,0.922,9,0.6148,0,55,88.8,100.97,51.88640026833405
5442,32,69100.0,89,17.65,0.337,1,0.3874,0,95,18.15,21.17,96.00441054261164
5443,67,67900.0,250,20.21,1.08,9,0.4286,0,55,96.02,96.02,55.02071905658623
5444,54,88900.0,549,26.06,0.765,14,0.646,1,55,85.02,153.5,53.817652020331884
5445,75,116100.0,788,35.61,0.876,23,0.8275,1,35,129.77,174.52,48.20280045602265
5446,43,81800.0,487,22.17,0.308,5,0.5865,0,55,21.09,13.79,54.63813807897847
5447,28,63900.0,1100,28.65,0.6,22,0.662,1,55,64.66,128.0,54.71358324702312
5448,54,73900.0,502,23.12,0.956,16,0.5434,1,55,92.22,164.95,54.971695527520325
5449,77,74800.0,369,24.67,0.569,7,0.5076,0,55,51.45,69.22,54.280550430813015
5450,58,66000.0,90,25.17,0.333,1,0.3697,0,95,26.11,35.88,95.71380116753494
5451,52,109900.0,581,30.08,0.723,14,0.761,0,35,89.3,93.18,45.817954385182354
5452,40,46300.0,8,12.94,3.75,1,0.246,1,95,183.64,281.54,85.11762284654094
5453,85,95300.0,853,29.71,0.739,21,0.7572,1,55,86.15,155.72,52.806927316108414
5454,37,58800.0,1100,16.95,0.791,29,0.6334,0,55,60.77,47.39,54.84740546462902
5455,43,31500.0,362,16.23,0.829,10,0.2605,1,55,54.98,122.66,54.52265818876273
5456,65,63000.0,1018,20.11,0.766,26,0.6337,1,55,53.24,109.54,54.77218231216039
5457,23,47100.0,246,22.79,1.22,10,0.3092,0,55,115.0,105.77,54.78243568411375
5458,77,81500.0,38,24.19,0.789,1,0.446,1,95,71.54,154.72,94.19907904903376
5459,66,69100.0,89,13.43,0.674,2,0.3874,1,95,42.97,120.92,95.9192169441015
5460,70,46500.0,93,27.43,1.613,5,0.2671,0,95,181.05,186.7,95.59193175371011
5461,64,97700.0,591,28.83,0.812,16,0.7048,0,55,90.86,110.09,50.635841393804405
5462,52,87300.0,301,20.34,0.498,5,0.563,0,55,34.52,29.53,53.97161692114896
5463,37,94700.0,459,18.52,0.719,11,0.653,1,55,46.47,92.93,53.09699402228774
5464,53,69600.0,841,25.19,0.785,22,0.6201,1,55,99.81,166.9,54.0519113614864
5465,38,60800.0,50,14.02,0.6,1,0.3294,1,95,15.32,111.45,95.40360238834765
5466,63,81400.0,27,26.21,1.111,1,0.4421,1,95,102.4,209.94,93.96452871760162
5467,69,55700.0,460,23.7,0.457,7,0.4192,1,55,52.14,97.38,54.603872275693554
5468,80,72700.0,95,17.66,0.316,1,0.4104,1,95,29.42,130.94,95.25908800903471
5469,61,62500.0,553,15.68,0.705,13,0.4892,0,55,47.1,65.25,55.20726251870006
5470,71,37500.0,551,13.27,0.762,14,0.3406,0,55,24.51,14.01,55.61426566480323
5471,50,66700.0,686,15.06,0.612,14,0.5562,1,55,41.18,92.97,55.46279607729567
5472,47,54100.0,738,19.26,0.935,23,0.4951,0,55,64.2,60.58,55.140686232420755
5473,63,61500.0,744,21.09,0.605,15,0.5424,0,55,50.25,57.74,55.43070999626154
5474,48,71200.0,746,24.32,0.845,21,0.6014,1,55,85.46,153.06,54.05225667414516
5475,60,92700.0,877,19.74,0.787,23,0.7509,1,55,66.19,114.38,53.00219988669271
5476,37,43600.0,1100,20.74,0.927,34,0.5431,0,55,71.7,96.68,54.38318735976624
5477,40,54900.0,174,13.3,1.034,6,0.3314,1,95,65.29,160.85,94.30913651655771
5478,66,51100.0,1100,21.86,0.627,23,0.5884,1,55,61.33,110.65,54.81072983690246
5479,70,50600.0,441,10.16,0.952,14,0.3834,0,55,31.01,45.28,55.52926426177054
5480,38,49100.0,62,25.2,3.387,7,0.2721,0,95,337.57,338.97,85.98302501706549
5481,66,63100.0,146,16.86,0.205,1,0.3694,0,95,7.76,3.99,95.03765392402437
5482,46,75500.0,146,24.32,1.233,6,0.4428,1,95,119.45,209.02,94.92711221333876
5483,55,71700.0,37,24.15,3.243,4,0.3872,0,95,318.31,339.33,86.04859818784223
5484,79,47600.0,370,10.79,0.73,9,0.3458,0,55,16.7,6.76,54.56983744921242
5485,69,95000.0,781,28.43,0.461,12,0.7389,1,55,36.55,102.81,53.84587219125911
5486,69,87600.0,55,20.39,0.545,1,0.4886,0,95,37.79,29.68,94.36961124713638
5487,87,52500.0,1100,16.34,0.709,26,0.5967,0,55,57.16,50.93,55.023288867474186
5488,43,88300.0,415,19.89,1.084,15,0.6035,1,55,88.14,142.32,54.47962793967305
5489,38,68500.0,328,28.34,0.732,8,0.4562,0,55,95.6,100.25,54.18136864908755
5490,43,59300.0,282,13.05,0.638,6,0.3872,0,55,32.06,15.61,54.6710737077723
5491,51,71700.0,261,22.91,0.575,5,0.4551,1,55,45.96,95.51,53.18591667851456
5492,18,57100.0,84,15.45,1.071,3,0.3187,0,95,52.78,63.07,95.29486813650556
5493,51,75600.0,518,26.8,0.753,13,0.5586,1,55,74.09,139.33,53.785931614878294
5494,46,67100.0,184,31.67,0.326,2,0.4039,1,55,36.34,88.43,54.2081202918737
5495,68,60500.0,42,15.92,1.429,2,0.3256,0,95,71.6,59.84,96.03173659723993
5496,61,30000.0,948,15.2,0.696,22,0.4132,0,55,35.59,37.74,54.81948488173577
5497,45,74100.0,70,19.19,0.429,1,0.4112,0,95,26.13,34.47,95.70693402622382
5498,65,59200.0,1100,24.07,0.818,30,0.6357,1,55,78.93,135.75,54.475993684513526
5499,67,83700.0,299,21.31,0.903,9,0.5405,1,55,76.63,145.69,54.42228289482073
5500,42,72500.0,99,25.4,0.909,3,0.4104,0,95,94.91,92.22,95.58652708950656
5501,47,56100.0,1044,16.43,0.718,25,0.6013,1,55,34.21,76.03,54.928869710062266
5502,18,79100.0,417,33.08,0.719,10,0.5489,0,55,86.06,80.11,53.47888897538158
5503,36,65500.0,23,8.87,3.913,3,0.3477,0,95,146.24,146.26,91.71819676956206
5504,42,65800.0,198,21.75,0.455,3,0.4004,1,55,37.51,85.48,53.40984308617882
5505,56,62300.0,430,19.29,0.907,13,0.4499,1,55,76.76,126.56,54.379778956443346
5506,39,97200.0,616,24.35,0.536,11,0.7087,1,55,51.08,115.69,50.74531818687361
5507,46,48200.0,840,18.66,0.786,22,0.4906,1,55,60.16,107.04,54.451646745413484
5508,34,54000.0,38,18.39,0.789,1,0.2904,0,95,62.27,48.94,94.89962284945987
5509,58,39600.0,316,17.04,1.044,11,0.2887,0,55,66.71,74.81,55.41921512877185
5510,62,81700.0,1100,24.3,0.682,25,0.7522,1,55,60.95,122.41,53.46728891900624
5511,62,54200.0,267,26.87,0.449,4,0.3536,0,55,42.82,32.45,53.50660941802001
5512,55,55100.0,87,4.44,0.345,1,0.3089,0,95,5.5,12.58,97.57708820319606
5513,29,48900.0,1089,26.57,0.716,26,0.5719,1,55,80.69,124.38,54.302193890843405
5514,44,64100.0,540,32.41,0.778,14,0.495,0,55,97.61,90.37,53.652206633887964
5515,48,37300.0,693,6.84,0.519,12,0.3802,0,55,23.44,12.4,55.25892664494349
5516,48,30000.0,463,14.74,0.648,10,0.2779,0,55,52.2,47.62,54.581522672076325
5517,56,74800.0,157,28.08,1.146,6,0.4419,1,95,121.69,222.33,95.2350262182567
5518,79,30000.0,424,19.09,0.708,10,0.2683,0,55,63.57,66.27,54.80305982760569
5519,69,85700.0,87,31.24,0.69,2,0.4869,1,95,86.08,172.94,94.99380301001995
5520,38,94300.0,323,26.0,0.372,4,0.6114,0,55,41.73,43.63,52.98387030174519
5521,67,64000.0,386,9.44,0.699,9,0.4467,0,55,25.32,29.14,54.52803080331306
5522,66,94500.0,63,30.7,0.952,2,0.5335,1,95,126.66,231.21,94.80991780275698
5523,41,61700.0,52,22.43,0.577,1,0.3348,0,95,54.55,58.14,95.55900412089899
5524,69,101400.0,121,32.54,0.744,3,0.593,1,75,94.06,176.43,94.76044748842168
5525,52,54800.0,108,10.55,0.556,2,0.3129,0,95,20.12,20.77,97.09116201902965
5526,31,30000.0,522,8.42,0.69,12,0.2929,0,55,13.63,5.48,54.76533788798203
5527,63,64900.0,387,19.82,0.543,7,0.4525,1,55,38.48,95.09,54.41722893375601
5528,59,101700.0,105,31.92,1.714,6,0.5899,1,75,228.61,315.76,94.62115641401292
5529,51,75400.0,157,29.37,0.191,1,0.4456,1,95,31.1,138.78,95.02611271476356
5530,54,54000.0,269,14.47,0.781,7,0.353,1,55,40.08,69.27,54.33901335420216
5531,43,69500.0,16,18.39,5.0,6,0.3683,0,95,359.02,365.31,93.39005088945663
5532,65,87400.0,600,37.47,0.9,18,0.6521,0,55,142.51,137.56,53.704677331877335
5533,54,63000.0,99,16.69,1.212,4,0.3553,0,95,84.35,88.35,95.776517999332
5534,58,120000.0,82,31.38,1.098,3,0.6868,0,75,122.01,108.35,95.01697085471154
5535,61,55300.0,298,16.04,0.705,7,0.3687,1,55,68.27,118.97,54.38801479305118
5536,35,82100.0,236,24.69,0.381,3,0.5111,1,55,37.72,76.68,53.286016127040845
5537,40,78000.0,388,17.37,0.696,9,0.5332,1,55,61.97,112.64,53.68379240288908
5538,18,42900.0,1100,12.25,0.791,29,0.5388,0,55,40.15,46.23,54.626223529656095
5539,65,58100.0,178,16.86,1.011,6,0.3502,0,95,59.86,64.31,92.78799163740219
5540,34,82200.0,950,19.6,0.821,26,0.7183,1,55,65.92,142.38,53.4697696816423
5541,57,68400.0,53,18.74,2.83,5,0.3728,1,95,200.4,290.25,86.30937003280324
5542,61,73300.0,1100,23.62,0.736,27,0.7117,1,55,68.53,114.75,54.46731901703492
5543,65,32600.0,20,24.34,1.5,1,0.1912,0,95,137.34,151.19,95.28204786924793
5544,35,74800.0,58,18.27,0.517,1,0.4118,0,95,36.15,18.98,95.5505244457838
5545,54,70800.0,304,15.68,1.382,14,0.4629,1,55,88.66,145.6,54.74226481351581
5546,83,69300.0,394,20.44,0.685,9,0.4816,1,55,58.37,118.4,54.645959210123344
5547,84,78400.0,338,17.5,0.888,10,0.5201,1,55,50.48,82.38,54.47880150951099
5548,72,59800.0,677,10.79,0.709,16,0.5112,0,55,25.44,14.54,55.932744217350375
5549,61,53800.0,1100,23.39,0.709,26,0.6044,1,55,50.53,91.88,54.50699746701492
5550,38,56500.0,21,18.88,1.429,1,0.2988,0,95,112.88,121.22,95.8757466312187
5551,67,57700.0,40,19.55,0.75,1,0.3101,0,95,60.27,53.85,95.46635580324715
5552,52,110200.0,1,16.89,5.0,1,0.6091,0,75,328.4,325.8,93.53808934573223
5553,65,86100.0,76,19.99,1.974,5,0.486,1,95,169.09,247.95,94.88421024487239
5554,44,42500.0,96,9.3,1.25,4,0.249,1,95,50.23,137.13,96.81411586659287
5555,52,107200.0,788,25.98,0.647,17,0.794,0,35,66.39,58.49,47.251070010411986
5556,58,56500.0,14,19.15,4.286,2,0.297,0,95,324.52,322.34,86.32790749541245
5557,59,66400.0,190,20.63,1.105,7,0.4016,1,55,86.08,138.03,54.60448214116984
5558,63,85400.0,152,19.48,0.395,2,0.5053,0,95,24.46,39.17,93.90132311447616
5559,45,30000.0,289,10.24,0.83,8,0.2366,1,55,43.39,105.31,54.94384824551274
5560,32,55400.0,51,17.34,2.353,4,0.301,1,95,165.4,242.64,92.32192625347089
5561,83,58600.0,289,20.58,0.311,3,0.3852,0,55,17.21,27.39,55.719978747378434
5562,90,76300.0,152,18.55,0.987,5,0.4495,0,95,83.61,92.41,94.3193318624509
5563,63,74400.0,525,16.47,0.8,14,0.5535,0,55,51.98,52.66,54.273477464411634
5564,32,58800.0,462,14.35,1.104,17,0.4385,0,55,56.02,65.87,54.31687108136647
5565,42,59800.0,1100,15.68,0.791,29,0.6391,1,55,65.42,132.44,54.855648772983635
5566,64,89200.0,177,21.12,0.508,3,0.5364,0,95,34.16,29.3,93.17742780520632
5567,78,75900.0,643,15.89,0.7,15,0.5984,0,55,37.89,25.69,55.150181081653336
5568,34,61700.0,10,17.03,5.0,6,0.3233,0,95,340.6,346.25,93.2972587421571
5569,53,67700.0,59,26.34,0.508,1,0.3705,0,95,56.1,47.95,94.99856626569387
5570,58,104200.0,46,24.16,1.957,3,0.587,1,75,183.1,260.74,94.1676525164635
5571,70,71600.0,1100,14.55,0.736,27,0.703,1,55,25.15,69.77,55.04186562514664
5572,49,53000.0,21,6.66,5.0,4,0.2811,0,95,133.46,143.2,98.3438099934106
5573,28,30000.0,93,23.68,1.935,6,0.1954,0,95,174.92,167.32,95.06755524513741
5574,66,37100.0,301,21.26,0.698,7,0.2726,1,55,56.49,109.38,54.36743208461764
5575,74,59000.0,241,20.27,0.622,5,0.3734,0,55,43.95,41.2,53.952218817327505
5576,54,62500.0,74,25.19,0.405,1,0.3454,0,95,32.14,17.98,95.4873947592239
5577,62,54700.0,1100,20.84,0.6,22,0.6097,0,55,47.88,58.68,54.870088218555324
5578,47,70800.0,29,20.24,1.034,1,0.3796,0,95,78.66,91.51,96.83585348668043
5579,41,50300.0,199,11.34,0.754,5,0.3135,1,55,27.48,81.05,54.06916536035082
5580,72,49200.0,484,26.92,0.62,10,0.3879,0,55,74.49,66.89,54.677927787354506
5581,62,79300.0,127,19.71,0.236,1,0.4601,0,95,10.65,8.31,94.33572307438156
5582,63,95400.0,421,22.4,0.784,11,0.6461,1,55,68.23,118.17,52.82946692814653
5583,81,46900.0,58,17.22,1.034,2,0.2606,0,95,70.92,70.69,94.70482032155451
5584,37,66500.0,124,20.25,0.968,4,0.3826,0,95,64.88,61.77,95.98055033170422
5585,46,30000.0,12,17.37,2.5,1,0.18,1,95,164.76,250.69,86.05254631021786
5586,58,34600.0,168,17.49,0.893,5,0.2299,1,95,62.16,168.47,94.34393276764844
5587,45,50600.0,1,14.71,5.0,1,0.2645,1,95,293.58,386.44,93.35573397147128
5588,68,91400.0,676,23.84,0.843,19,0.6945,1,55,74.08,148.4,54.485303814044016
5589,52,48000.0,92,19.92,0.326,1,0.2742,0,95,25.77,26.81,94.69756409353518
5590,38,44500.0,30,13.37,4.0,4,0.2429,1,95,216.06,307.01,84.78077886224507
5591,56,66000.0,83,27.13,2.53,7,0.3677,1,95,279.25,371.43,89.14448189365267
5592,58,66400.0,416,19.86,0.793,11,0.4706,0,55,68.33,64.65,53.99547209076904
5593,71,51700.0,193,25.75,0.933,6,0.3193,1,55,105.77,159.71,54.345037772882904
5594,62,108100.0,1100,19.25,0.818,30,0.8532,1,35,63.85,101.09,51.539731232296894
5595,63,61000.0,56,22.42,0.536,1,0.3321,1,95,36.96,120.74,95.4895345034183
5596,60,68400.0,352,15.81,0.597,7,0.463,1,55,35.39,80.17,54.243257279744206
5597,52,56000.0,106,15.23,0.849,3,0.3188,1,95,41.57,144.37,94.68591843687138
5598,43,71800.0,884,25.29,0.95,28,0.6452,0,55,102.86,107.99,53.91267533302185
5599,60,91900.0,341,22.64,0.44,5,0.6026,0,55,50.83,35.08,53.43762434029996
5600,49,98700.0,1052,37.79,0.884,31,0.8129,1,55,133.58,193.8,53.12876480431466
5601,84,54800.0,11,20.81,2.727,1,0.2876,0,95,236.29,244.7,86.16877059359814
5602,78,92700.0,125,20.43,0.72,3,0.5417,0,95,67.59,70.11,93.73446301223905
5603,66,78700.0,356,24.4,1.096,13,0.5275,0,55,109.4,92.86,54.83366526849183
5604,61,86700.0,1100,21.82,0.927,34,0.7744,1,55,85.12,126.75,53.64780241674504
5605,54,62900.0,126,23.6,0.952,4,0.3624,0,95,97.46,96.99,95.20102280425262
5606,34,56900.0,1100,17.05,0.845,31,0.6225,1,55,46.46,120.28,54.71897670228512
5607,51,83900.0,259,24.62,0.463,4,0.5293,1,55,47.58,97.19,52.82605999820417
5608,57,85400.0,303,23.8,0.594,6,0.5521,0,55,60.98,67.04,53.630317525748715
5609,59,98700.0,649,25.2,0.555,12,0.7245,0,55,44.47,38.03,49.271083304169316
5610,63,70800.0,235,25.83,0.511,4,0.4416,0,55,68.09,85.09,53.01925331827438
5611,71,66000.0,220,10.88,0.955,7,0.4082,1,55,50.3,105.72,55.25027126843584
5612,43,30000.0,185,14.99,0.811,5,0.214,0,55,57.43,45.31,54.630521556610596
5613,43,30000.0,223,10.99,1.48,11,0.2221,0,55,68.33,60.18,54.950420149990435
5614,80,61700.0,508,12.51,1.122,19,0.4703,1,55,48.56,94.59,55.19328775700995
5615,68,44500.0,42,12.49,0.714,1,0.2456,1,95,25.52,121.69,94.42875181950924
5616,48,80700.0,43,19.01,0.698,1,0.4427,0,95,52.28,45.32,95.04700925606687
5617,53,37100.0,139,14.39,1.511,7,0.2345,1,95,92.55,182.6,94.55851857709536
5618,53,54100.0,429,19.8,1.049,15,0.4003,1,55,87.42,161.88,55.34027574702768
5619,56,55500.0,82,21.04,1.098,3,0.3097,0,95,106.09,100.23,95.32046503539077
5620,63,91900.0,830,21.74,0.831,23,0.736,1,55,69.78,126.54,52.96903030159356
5621,90,59200.0,44,26.8,2.045,3,0.3191,1,95,216.34,308.61,95.39440946831374
5622,58,75100.0,758,19.41,0.633,16,0.6276,1,55,49.21,103.72,54.93350706886778
5623,66,71300.0,376,10.96,0.479,6,0.4883,1,55,11.75,73.42,54.13503875960026
5624,26,78200.0,467,20.01,0.771,12,0.5588,1,55,73.73,106.74,53.23631802916505
5625,47,81300.0,557,22.43,0.7,13,0.6046,1,55,60.8,117.31,53.89619786543985
5626,76,68500.0,164,3.91,0.915,5,0.4062,0,95,16.34,12.57,98.04761642666571
5627,62,30800.0,180,20.66,0.667,4,0.2163,0,55,61.64,63.39,55.9745160581813
5628,18,52700.0,462,17.41,0.39,6,0.4019,0,55,21.14,19.1,54.492095036833796
5629,66,66800.0,713,14.26,0.463,11,0.5651,0,55,28.63,26.68,55.547425137067705
5630,88,77600.0,60,16.84,2.0,4,0.4292,1,95,134.66,232.61,95.28167996724856
5631,21,42700.0,75,20.21,0.4,1,0.245,0,95,40.14,34.64,94.30502762979336
5632,81,94200.0,100,28.55,0.6,2,0.5431,0,95,68.59,88.26,94.7465272942749
5633,18,57900.0,188,15.44,0.479,3,0.3519,0,55,6.73,0.0,53.94722910834824
5634,71,48900.0,484,10.56,0.558,9,0.3861,0,55,16.09,30.49,54.85358078348736
5635,55,55400.0,90,18.96,0.333,1,0.3113,0,95,13.26,0.84,94.76302429586194
5636,18,98100.0,336,26.29,0.982,11,0.6371,1,55,118.68,171.05,50.507244784602726
5637,63,80600.0,465,24.92,0.71,11,0.5727,1,55,82.09,140.2,53.77002015800574
5638,75,91000.0,330,20.83,0.909,10,0.594,0,55,58.53,49.21,54.61368042325303
5639,61,44300.0,141,16.03,1.277,6,0.2682,1,95,73.8,158.78,94.52931818749349
5640,65,52500.0,121,17.98,0.992,4,0.3043,0,95,60.27,57.46,94.3718180656902
5641,48,49300.0,351,22.23,0.94,11,0.35,0,55,85.32,94.27,54.78339301376651
5642,23,62500.0,541,26.02,0.776,14,0.4855,1,55,73.12,128.94,53.846240107965365
5643,67,63700.0,117,27.56,1.795,7,0.3644,1,95,195.76,309.7,95.5098396327317
5644,85,60700.0,1100,25.62,0.818,30,0.6442,1,55,72.81,133.46,54.40039442899819
5645,74,61200.0,259,28.25,1.042,9,0.3915,1,55,121.19,171.62,55.150743875341064
5646,21,41500.0,280,21.29,0.429,4,0.2891,1,55,23.1,51.16,54.06320438229199
5647,29,56000.0,1100,15.45,0.764,28,0.6173,1,55,67.24,106.73,54.804345746483556
5648,41,85600.0,515,30.51,0.408,7,0.6173,1,55,61.83,114.17,53.592252197639816
5649,28,30000.0,1100,7.62,0.873,32,0.4597,1,55,46.46,85.81,54.556340787533145
5650,56,72500.0,355,32.7,0.592,7,0.4891,0,55,82.28,80.36,53.68209725295275
5651,62,95400.0,51,19.43,0.588,1,0.5353,1,95,58.16,155.39,94.2351108042312
5652,31,56400.0,23,22.9,1.304,1,0.2988,1,95,126.59,218.66,95.84613903035992
5653,68,56500.0,446,25.7,0.74,11,0.4197,1,55,68.04,120.32,54.52264129329701
5654,65,86400.0,315,25.26,0.667,7,0.5619,0,55,64.42,83.99,53.599130355480725
5655,46,42500.0,1100,6.12,0.9,33,0.5364,0,55,25.42,26.08,54.598725902541204
5656,52,63900.0,1100,14.85,0.818,30,0.662,1,55,57.81,111.43,54.92032010391366
5657,22,36600.0,1100,17.27,0.709,26,0.5002,0,55,48.92,38.98,54.77524562302038
5658,49,30000.0,401,17.68,0.374,5,0.2627,1,55,30.89,85.85,54.844461379245374
5659,55,61800.0,424,18.38,0.283,4,0.445,1,55,18.14,68.36,55.31354398202602
5660,58,39100.0,204,16.24,0.294,2,0.2586,0,55,15.8,33.82,55.428859905057045
5661,61,66000.0,537,12.56,0.503,9,0.5058,0,55,13.5,19.19,54.97915517358584
5662,59,89200.0,325,32.25,0.831,9,0.5818,0,55,110.74,124.94,53.79403790808259
5663,51,103100.0,131,23.58,0.687,3,0.606,1,75,60.86,137.95,93.51544809090123
5664,60,68000.0,287,24.14,0.732,7,0.4406,0,55,60.4,72.86,53.984633517122084
5665,72,89800.0,202,30.49,0.297,2,0.5478,1,55,31.48,76.47,54.23655498323796
5666,53,73000.0,243,15.17,0.864,7,0.4574,0,55,54.71,57.21,54.438167761601974
5667,60,58000.0,53,19.34,0.566,1,0.3151,0,95,49.13,40.44,95.30702820113281
5668,52,30000.0,240,15.89,0.75,6,0.2258,0,55,46.19,41.8,54.51861248009785
5669,44,97000.0,61,23.26,1.967,4,0.5482,1,95,191.56,286.97,94.51378501957981
5670,64,44800.0,293,21.36,0.614,6,0.3096,0,55,64.38,54.81,54.211067539260995
5671,46,92200.0,56,20.49,1.607,3,0.5172,0,95,129.42,114.79,94.79705087597654
5672,62,77700.0,423,21.93,0.355,5,0.5422,0,55,38.93,48.77,53.995989514598485
5673,55,44500.0,251,14.82,0.12,1,0.297,0,55,1.77,0.0,55.57287020663563
5674,50,70600.0,502,32.22,0.837,14,0.5232,0,55,97.47,114.37,53.61377212034205
5675,49,108600.0,299,22.98,1.104,11,0.6846,1,35,93.92,120.76,46.46216225859072
5676,46,95400.0,477,28.03,0.692,11,0.6619,0,55,70.67,76.34,52.94361644614886
5677,27,48600.0,153,26.27,1.961,10,0.2926,1,95,202.56,303.81,95.21576549613135
5678,62,51400.0,209,13.12,0.144,1,0.3221,1,55,23.42,67.36,55.284932773169196
5679,59,67900.0,141,20.66,0.213,1,0.3958,1,95,13.41,113.01,95.45831990324494
5680,69,64300.0,71,14.71,0.845,2,0.3546,0,95,46.71,48.42,96.08813859877736
5681,46,88400.0,26,13.2,2.308,2,0.4845,1,95,123.09,224.4,92.76217243197671
5682,87,86900.0,450,19.11,0.6,9,0.6056,0,55,35.3,47.39,54.40986946097087
5683,49,30000.0,96,11.65,0.312,1,0.196,0,95,15.71,23.84,95.32556151606495
5684,40,71600.0,511,18.19,0.881,15,0.5321,1,55,69.36,115.67,53.754034653993386
5685,38,57800.0,65,17.17,0.923,2,0.3173,0,95,75.25,73.89,95.24320147896788
5686,26,60000.0,172,19.03,0.523,3,0.3592,0,95,50.32,42.08,93.78273032689685
5687,81,75400.0,321,15.33,0.935,10,0.4964,1,55,60.24,109.48,55.1520415243704
5688,78,94800.0,184,25.98,0.652,4,0.5726,0,55,65.97,70.85,52.74638775491857
5689,65,87500.0,688,29.19,0.741,17,0.677,1,55,85.19,146.25,54.22941223214965
5690,40,46300.0,366,23.6,0.738,9,0.3375,0,55,72.93,78.75,53.64856887702908
5691,86,70000.0,116,19.2,0.259,1,0.4007,1,95,19.52,117.4,95.12295529876798
5692,49,54400.0,181,22.63,0.331,2,0.3306,0,55,29.24,33.64,55.28264210378396
5693,50,30000.0,915,11.09,0.689,21,0.4032,0,55,23.09,18.54,54.681827405356984
5694,79,67500.0,146,18.41,0.822,4,0.3949,0,95,65.9,79.41,95.36288093323927
5695,66,105900.0,171,27.88,0.175,1,0.6339,0,75,21.9,28.58,94.56878170601188
5696,90,36000.0,411,13.73,0.949,13,0.2949,0,55,46.07,45.86,55.53716084388986
5697,59,65300.0,1100,13.48,0.764,28,0.6697,1,55,53.11,119.37,55.11809614320525
5698,48,62400.0,290,23.53,0.414,4,0.4078,0,55,40.63,35.48,53.92318895332404
5699,45,69000.0,85,16.21,2.471,7,0.3856,1,95,148.83,245.02,87.3110500863218
5700,24,38600.0,1100,13.19,0.764,28,0.5125,0,55,47.87,56.82,54.69762083458312
5701,50,34100.0,76,20.41,0.395,1,0.2082,0,95,26.87,14.69,94.57652507796398
5702,74,39800.0,469,18.66,1.023,16,0.3305,0,55,73.08,95.31,56.13569584681638
5703,65,94900.0,115,25.12,1.826,7,0.552,0,95,181.98,176.09,93.42074363228826
5704,55,44400.0,940,9.31,0.67,21,0.4983,0,55,31.86,27.33,54.67128111957997
5705,38,51100.0,523,11.85,0.688,12,0.4108,0,55,32.15,32.35,54.707071516683804
5706,59,110000.0,104,28.49,0.288,1,0.638,1,75,37.77,120.17,94.74317558788253
5707,72,53000.0,23,21.1,1.304,1,0.2816,0,95,97.47,105.82,95.70061677387017
5708,62,73600.0,1100,22.31,0.764,28,0.7132,0,55,59.35,74.34,54.63028017959652
5709,58,87900.0,334,20.82,0.988,11,0.5767,1,55,82.54,136.9,55.2409372048039
5710,41,83500.0,271,19.99,0.996,9,0.5306,1,55,73.84,132.14,55.61981599233395
5711,70,40000.0,1100,17.08,0.764,28,0.5211,1,55,50.56,90.18,54.66618562979493
5712,18,42600.0,844,10.13,0.853,24,0.4575,0,55,40.53,29.82,54.185488903726394
5713,62,72700.0,103,21.36,0.291,1,0.4128,0,95,18.44,17.52,95.49070535977089
5714,90,112500.0,190,19.93,1.579,10,0.6759,0,35,120.0,123.57,46.956009081990125
5715,29,43800.0,107,11.31,0.28,1,0.2576,0,95,13.54,13.08,96.2335681446465
5716,51,53800.0,883,18.96,0.68,20,0.5384,1,55,34.56,94.8,54.800495986794125
5717,55,73800.0,912,23.99,0.691,21,0.6642,1,55,74.37,128.8,53.77660557695526
5718,47,76400.0,1100,23.17,0.709,26,0.7271,0,55,66.75,64.41,54.32593570973376
5719,73,82900.0,253,16.86,0.711,6,0.5213,0,55,48.69,72.7,54.172737846349534
5720,63,48800.0,134,7.96,0.672,3,0.2887,1,95,17.08,109.45,96.41371425236042
5721,58,54400.0,105,18.12,0.857,3,0.31,0,95,67.63,77.75,94.6588384875826
5722,69,72300.0,1100,11.35,0.682,25,0.7066,1,55,29.67,71.61,55.08177905305906
5723,55,91500.0,585,28.45,0.769,15,0.6705,1,55,97.32,153.55,53.959859906485775
5724,90,67000.0,752,14.64,0.638,16,0.5782,1,55,23.67,71.93,55.99656184996074
5725,58,65100.0,693,30.94,0.866,20,0.5486,0,55,107.68,127.48,53.791474316663596
5726,58,44100.0,164,11.81,1.098,6,0.2729,0,95,52.21,46.63,95.27893022060076
5727,26,98300.0,685,27.06,0.745,17,0.7315,1,55,83.13,137.82,49.47412127494863
5728,46,66400.0,75,16.28,0.4,1,0.3677,0,95,37.28,29.04,96.17819905101184
5729,75,91600.0,468,22.9,0.833,13,0.6381,1,55,65.39,111.56,54.156062999837864
5730,32,61000.0,223,20.07,0.404,3,0.3797,0,55,21.28,20.51,53.996265510641955
5731,18,59400.0,678,23.21,0.752,17,0.5091,1,55,66.99,125.62,54.35523325095865
5732,56,33700.0,68,20.15,0.441,1,0.205,0,95,20.4,30.98,94.76818317144057
5733,78,30000.0,523,18.14,1.205,21,0.2932,0,55,105.89,100.1,55.25823751405712
5734,56,91500.0,161,28.91,0.186,1,0.5455,1,95,28.98,118.02,94.7956013344319
5735,49,65400.0,562,16.73,0.32,6,0.5099,1,55,25.55,93.4,55.50575885849866
5736,23,62900.0,820,22.68,0.695,19,0.5742,1,55,69.31,140.25,54.40665369191524
5737,63,40400.0,210,14.36,0.143,1,0.2662,0,55,18.38,17.54,55.510691972030635
5738,66,48200.0,349,22.16,0.602,7,0.3433,0,55,48.44,53.1,54.21109705916124
5739,25,81300.0,215,22.77,0.14,1,0.4997,1,55,9.86,81.56,54.78347378195506
5740,74,105300.0,179,28.9,0.335,2,0.6328,0,75,41.46,67.95,83.56715256029467
5741,68,54600.0,68,19.65,0.441,1,0.3013,0,95,30.63,34.82,94.84933744842624
5742,74,82900.0,291,26.24,1.031,10,0.5331,0,55,100.79,108.33,55.61174715630084
5743,65,71000.0,1100,16.61,0.736,27,0.6999,1,55,44.66,100.99,55.07070246641115
5744,66,64700.0,252,11.85,1.19,10,0.4101,0,55,59.46,44.66,55.016845221454105
5745,64,105700.0,513,30.8,0.76,13,0.7251,0,35,100.92,104.39,45.63880213548001
5746,70,58500.0,759,25.5,0.87,22,0.5287,0,55,78.57,92.29,54.78047846499241
5747,24,84900.0,272,22.16,0.662,6,0.5395,1,55,57.16,104.63,53.28473922519108
5748,29,67800.0,958,24.23,0.908,29,0.6437,0,55,87.57,69.03,54.48226671510216
5749,42,62000.0,26,11.15,2.308,2,0.3293,0,95,91.81,97.72,98.08844795420131
5750,53,93400.0,1100,20.9,0.682,25,0.8019,1,55,60.61,98.04,53.70091750778677
5751,62,72500.0,232,21.28,1.034,8,0.451,1,55,87.16,126.44,54.96560738120618
5752,61,64200.0,1100,10.95,0.764,28,0.6637,1,55,25.95,64.61,55.05558462725423
5753,74,97800.0,655,17.02,0.733,16,0.7216,0,55,46.04,26.02,51.7950104258748
5754,75,95200.0,140,25.07,0.857,4,0.5615,0,95,90.22,100.8,93.27545989427253
5755,40,87200.0,349,20.05,0.946,11,0.5771,0,55,83.69,85.08,54.831747857147626
5756,59,30000.0,9,12.77,3.333,1,0.1795,0,95,172.97,193.53,86.18745669570437
5757,41,71400.0,446,18.68,0.673,10,0.5107,0,55,65.54,72.88,53.6974537900302
5758,52,68900.0,602,13.92,0.847,17,0.5437,0,55,56.08,76.7,54.30096220279373
5759,60,65300.0,65,18.71,0.923,2,0.3586,0,95,73.49,67.05,96.37572188858721
5760,18,70400.0,200,20.49,0.3,2,0.4285,0,55,18.97,22.59,54.9590684849507
5761,90,77500.0,416,18.71,0.216,3,0.5388,0,55,25.21,12.47,55.24459390841058
5762,65,81200.0,232,19.67,1.422,11,0.5044,0,55,105.73,102.96,54.82061615496307
5763,45,57400.0,166,17.59,0.723,4,0.3429,0,95,56.84,71.19,93.96645481201591
5764,88,103100.0,167,29.56,1.617,9,0.6166,1,75,171.64,246.24,94.52852359009489
5765,49,80200.0,90,21.56,1.667,5,0.4541,0,95,139.81,137.46,95.28679435658896
5766,57,76800.0,460,11.89,0.587,9,0.5481,1,55,16.74,71.51,53.99305211811737
5767,47,73800.0,347,15.1,0.086,1,0.4946,0,55,2.9,4.34,55.288864333574544
5768,83,94900.0,1067,28.89,0.703,25,0.8012,1,55,68.93,125.37,53.387871148306836
5769,53,86100.0,499,19.49,0.721,12,0.6155,1,55,56.44,124.77,54.424304889275106
5770,58,63200.0,86,19.04,1.395,4,0.3527,0,95,109.98,102.77,96.22719153436117
5771,75,89800.0,332,33.09,0.452,5,0.5875,1,55,54.63,107.56,53.72374536121384
5772,65,70700.0,706,23.76,0.765,18,0.5864,1,55,70.15,126.12,54.597374191685006
5773,54,105100.0,1100,15.02,0.764,28,0.8437,1,35,47.66,73.62,51.730044482399286
5774,74,91900.0,9,31.01,5.0,3,0.5008,1,95,619.82,710.36,96.93236626690268
5775,90,58900.0,314,19.58,0.669,7,0.3943,1,55,63.18,125.84,54.873973566064244
5776,60,114900.0,172,29.08,1.047,6,0.6839,1,75,116.3,183.06,94.77404250752261
5777,57,30000.0,131,16.02,0.916,4,0.203,0,95,63.0,90.73,94.0980585917986
5778,58,79000.0,365,26.42,0.986,12,0.5322,1,55,106.28,177.65,55.181044043108805
5779,77,54800.0,334,17.82,0.539,6,0.3763,1,55,25.71,82.48,54.464635629671186
5780,45,102500.0,644,17.97,0.326,7,0.7416,1,35,24.13,64.89,47.347438819912306
5781,50,69300.0,164,22.01,0.549,3,0.411,1,95,47.64,150.34,95.4725439770447
5782,29,43100.0,108,9.56,0.556,2,0.2546,0,95,17.32,22.92,96.08137913644903
5783,35,55400.0,420,27.39,0.5,7,0.4053,1,55,68.97,124.93,54.02669665442566
5784,46,48200.0,75,15.42,0.4,1,0.2709,1,95,34.95,157.47,94.42805075722272
5785,54,58400.0,660,18.5,0.682,15,0.4973,1,55,44.37,92.18,55.306528354038434
5786,85,64100.0,751,16.23,0.719,18,0.5604,0,55,51.76,47.89,55.89114339640632
5787,64,51000.0,1100,19.35,0.764,28,0.5878,1,55,65.08,120.81,54.523937957128354
5788,39,67500.0,71,22.4,0.423,1,0.3728,0,95,39.07,45.52,96.34328226446618
5789,43,70800.0,351,17.23,0.342,4,0.4774,1,55,14.79,89.9,54.71534538333787
5790,78,48700.0,596,19.57,0.906,18,0.4185,1,55,63.3,118.29,54.991866861576305
5791,74,34000.0,1100,15.44,0.736,27,0.4842,1,55,49.68,110.46,54.84640579569152
5792,55,71500.0,473,20.25,0.761,12,0.5197,1,55,65.7,124.55,53.82476888408694
5793,47,74600.0,270,17.43,0.333,3,0.4756,1,55,20.93,75.11,54.99531392788744
5794,74,84100.0,308,34.19,0.779,8,0.5457,1,55,117.06,184.48,53.927280403635564
5795,38,73200.0,72,26.89,0.417,1,0.4065,1,95,56.8,156.08,94.70550470101179
5796,62,99400.0,1100,28.55,0.709,26,0.8243,1,55,92.82,157.71,52.92302693954613
5797,90,92900.0,295,29.57,0.305,3,0.5948,1,55,47.96,100.03,54.44607330554167
5798,58,120000.0,302,29.5,0.497,5,0.7425,1,35,58.52,88.11,45.6191485665849
5799,42,120000.0,50,26.25,4.2,7,0.6782,1,75,430.32,501.89,87.41587444434789
5800,62,30000.0,825,2.0,0.727,20,0.3766,0,55,3.24,6.23,55.00860154950952
5801,47,30000.0,408,8.41,0.956,13,0.2644,0,55,31.24,42.42,55.321494805065484
5802,31,60000.0,1100,29.83,0.736,27,0.6402,1,55,82.78,158.75,54.43168571988674
5803,67,78000.0,304,27.5,0.691,7,0.5071,0,55,72.96,74.71,54.069573868926796
5804,74,67200.0,722,21.09,0.665,16,0.5703,1,55,46.86,120.49,55.57070742019022
5805,50,78800.0,1100,13.93,0.873,32,0.7386,1,55,54.36,115.62,54.32057712247966
5806,49,58100.0,13,21.89,2.308,1,0.305,0,95,215.11,208.43,93.16667989175086
5807,39,47200.0,8,15.69,3.75,1,0.2501,0,95,254.41,255.59,85.01217834304757
5808,52,53000.0,55,21.44,0.545,1,0.2897,1,95,48.73,151.42,94.88375372996462
5809,45,58800.0,690,13.26,0.87,20,0.5091,0,55,44.77,53.24,54.706378801626464
5810,38,79300.0,267,19.45,0.112,1,0.5036,0,55,8.42,3.62,55.45582863727016
5811,87,61200.0,288,23.61,0.833,8,0.4001,1,55,89.56,141.0,54.66755239526108
5812,63,60500.0,155,28.71,0.968,5,0.3572,1,95,121.92,213.57,95.78877158962722
5813,65,79000.0,1100,18.56,0.682,25,0.7396,0,55,48.71,46.73,54.45095023895895
5814,70,63800.0,1100,14.57,0.764,28,0.6615,1,55,54.15,112.21,55.057774640096774
5815,68,91100.0,1100,28.78,0.791,29,0.7927,1,55,92.35,166.23,53.40650266259675
5816,48,44300.0,507,10.35,0.533,9,0.3663,1,55,16.18,66.97,54.84463036995618
5817,60,42100.0,74,10.37,1.622,4,0.2421,0,95,66.04,49.65,96.8757216103957
5818,50,70400.0,826,21.89,0.799,22,0.6204,0,55,83.59,66.55,53.84665557947973
5819,62,74900.0,415,31.66,0.723,10,0.5225,0,55,97.33,105.5,53.82067506147422
5820,61,48000.0,375,12.96,0.8,10,0.3495,0,55,37.42,31.97,54.19741249953515
5821,48,91800.0,417,21.92,0.935,13,0.6245,0,55,89.48,92.18,54.43541989262827
5822,32,100800.0,70,25.68,3.857,9,0.5739,1,75,401.9,469.83,85.48191177532401
5823,57,52200.0,175,15.47,1.029,6,0.3171,0,95,61.19,59.71,94.14220817895203
5824,52,95600.0,131,15.51,1.374,6,0.5612,0,95,79.27,76.02,94.16995731822641
5825,23,30000.0,167,18.51,0.898,5,0.2103,1,95,57.6,145.73,94.04967764717139
5826,64,89400.0,100,24.34,2.4,8,0.5137,1,95,220.51,327.87,91.0219601516136
5827,71,50200.0,31,19.36,0.968,1,0.2698,0,95,69.73,82.83,94.97585613455823
5828,90,92500.0,82,23.17,0.366,1,0.5272,1,95,32.5,133.9,93.75001188135965
5829,48,43400.0,79,24.08,0.759,2,0.2492,0,95,83.19,103.63,94.33096610126819
5830,46,61800.0,571,16.75,0.841,16,0.4905,0,55,62.94,49.79,54.563256718264036
5831,36,44200.0,507,11.24,0.296,5,0.3657,0,55,14.88,12.77,55.61943475074824
5832,59,61300.0,1100,27.51,0.736,27,0.6476,1,55,66.0,117.51,54.57278642913968
5833,58,104000.0,389,14.61,0.694,9,0.6843,1,35,42.92,85.01,45.833012480027534
5834,41,59900.0,151,18.22,1.192,6,0.3526,0,95,73.71,61.1,94.85019157272518
5835,52,108700.0,550,25.93,0.818,15,0.7484,1,35,91.83,133.5,45.49258239137031
5836,21,50100.0,990,16.94,0.576,19,0.5488,0,55,46.24,31.81,54.86837941148369
5837,71,99500.0,66,17.17,0.455,1,0.5649,0,95,31.66,39.14,94.05529503850448
5838,42,30000.0,674,8.57,0.623,14,0.3336,0,55,27.89,39.44,55.35983483769511
5839,54,58800.0,184,23.61,1.141,7,0.3559,0,55,115.87,104.55,54.35844689410504
5840,31,48900.0,698,24.26,0.817,19,0.4509,0,55,80.16,76.49,54.28076221070897
5841,45,95300.0,1,22.21,5.0,1,0.5192,1,95,443.04,549.94,93.56666648838997
5842,50,67900.0,387,15.53,0.775,10,0.4708,1,55,37.51,106.43,54.15763990854212
5843,55,30000.0,71,5.58,0.423,1,0.1911,0,95,6.6,0.0,96.83338779416889
5844,63,39100.0,133,20.57,2.03,9,0.242,0,95,159.06,162.82,94.88578908729343
5845,79,48500.0,67,22.27,1.343,3,0.2704,0,95,111.58,118.12,95.36593291958779
5846,67,87000.0,615,9.0,0.878,18,0.6541,0,55,25.74,25.65,54.815763038646516
5847,71,85100.0,13,10.65,5.0,4,0.4603,0,95,197.31,211.67,98.48538008033579
5848,80,63700.0,792,20.24,0.871,23,0.5705,0,55,78.35,72.88,54.73795240555259
5849,65,55500.0,80,19.66,0.75,2,0.3092,1,95,60.73,151.58,95.01665572796307
5850,54,79800.0,194,19.58,0.619,4,0.4839,1,55,57.77,106.18,53.63015488743423
5851,72,44700.0,68,16.54,2.647,6,0.2526,0,95,181.54,184.0,85.88633689502963
5852,73,78200.0,618,20.49,0.777,16,0.6045,1,55,67.67,119.99,54.469385260356354
5853,66,75000.0,667,21.38,0.63,14,0.6002,1,55,60.23,123.95,55.09599381524956
5854,30,54200.0,47,13.63,4.468,7,0.2938,1,95,244.8,336.33,87.52503402414071
5855,41,70600.0,39,20.53,0.769,1,0.3814,1,95,73.59,166.93,96.5526168115753
5856,50,66100.0,130,16.54,0.231,1,0.382,1,95,11.2,108.73,95.50415041716026
5857,68,78000.0,107,17.91,1.682,6,0.446,1,95,120.34,207.56,94.93390445037032
5858,55,37000.0,83,6.22,0.361,1,0.2218,0,95,6.75,17.44,96.71251965010447
5859,74,81700.0,76,21.38,1.184,3,0.459,0,95,117.39,124.78,94.6687509968071
5860,77,91000.0,83,27.66,2.892,8,0.5183,0,95,314.92,321.98,90.80410155826569
5861,75,75700.0,286,19.73,0.315,3,0.4873,0,55,35.16,25.49,55.65940608063636
5862,75,81600.0,272,20.47,0.772,7,0.5193,0,55,52.3,68.3,54.35782035971418
5863,37,59100.0,460,25.14,1.043,16,0.4397,0,55,105.69,87.71,55.260357736663956
5864,63,85300.0,375,27.92,0.88,11,0.5735,1,55,96.83,159.77,54.28246188045286
5865,45,64400.0,616,28.33,0.731,15,0.5205,0,55,74.67,76.61,54.132580357889466
5866,27,35300.0,95,26.58,3.158,10,0.2171,0,95,330.44,337.66,87.70739075411265
5867,50,81200.0,999,22.48,0.751,25,0.7256,0,55,71.55,69.95,53.40678441080528
5868,78,35300.0,94,9.51,1.277,4,0.2169,0,95,45.89,47.28,96.92809198400772
5869,63,72500.0,442,18.27,1.086,16,0.5162,0,55,71.64,79.19,54.56784442697179
5870,89,63700.0,704,22.42,0.895,21,0.5435,1,55,87.45,142.99,55.13414563990142
5871,58,56200.0,391,25.63,1.074,14,0.4014,0,55,109.94,112.65,54.67235891387933
5872,90,75600.0,93,16.1,0.323,1,0.4272,0,95,23.45,26.49,94.82458871967545
5873,58,50700.0,165,18.88,1.455,8,0.3065,0,95,118.63,141.13,94.99711613466872
5874,55,75800.0,646,17.41,0.789,17,0.5987,1,55,67.31,106.9,54.176064775378016
5875,33,61800.0,930,18.54,0.677,21,0.6009,1,55,31.92,100.44,54.661211200846736
5876,74,55800.0,2,17.56,5.0,1,0.2903,0,95,350.34,355.43,93.18203826495785
5877,46,91300.0,569,25.6,0.791,15,0.6649,0,55,67.58,71.43,53.58410309421564
5878,44,67100.0,1100,30.23,0.9,33,0.6794,1,55,130.64,173.48,54.6200864400135
5879,77,82600.0,85,24.77,1.059,3,0.4673,1,95,106.13,213.22,94.27383628383035
5880,75,98700.0,145,22.66,0.207,1,0.5841,0,95,26.55,15.77,93.35130184037372
5881,74,98200.0,599,21.76,0.601,12,0.7094,1,55,47.29,117.58,50.24000801594716
5882,49,76000.0,118,20.45,0.763,3,0.4372,0,95,59.57,54.69,94.70360344936887
5883,54,58400.0,109,14.4,0.275,1,0.3326,1,95,24.63,134.92,94.844277591845
5884,54,34800.0,184,15.92,0.326,2,0.2344,0,55,24.88,18.35,55.25337338124983
5885,68,71900.0,38,8.73,0.789,1,0.3887,0,95,40.97,32.2,98.4157639197909
5886,81,93200.0,454,22.92,0.661,10,0.6431,1,55,53.93,108.5,54.12016211806523
5887,61,73600.0,646,20.38,0.836,18,0.5856,1,55,66.41,114.52,53.922455305682504
5888,89,30000.0,653,8.7,0.643,14,0.3278,1,55,26.48,79.66,55.78965762031477
5889,70,86300.0,529,21.03,0.34,6,0.6254,1,55,33.93,106.33,54.82336099478493
5890,51,83800.0,283,28.17,0.212,2,0.5362,1,55,27.24,77.24,54.879618175595695
5891,69,61500.0,1100,25.19,0.736,27,0.6487,0,55,63.57,65.85,54.575838337995144
5892,84,91600.0,933,21.07,0.707,22,0.7588,0,55,52.04,68.5,53.47505814210417
5893,89,85000.0,309,25.37,0.388,4,0.5515,0,55,42.11,45.02,53.916925908894115
5894,75,54600.0,137,10.7,1.971,9,0.3197,0,95,72.01,83.8,97.79701499628042
5895,55,91700.0,390,22.27,0.923,12,0.616,1,55,75.13,136.23,54.066431600728656
5896,51,37600.0,13,16.79,2.308,1,0.2095,0,95,155.3,165.83,91.22480458158833
5897,65,65800.0,616,27.5,0.779,16,0.5291,1,55,79.48,134.34,54.30143005496878
5898,83,67300.0,302,26.06,0.695,7,0.4409,0,55,74.28,80.63,54.2835372293637
5899,62,49100.0,64,18.41,0.469,1,0.2726,1,95,33.82,147.43,94.99312920499233
5900,63,73000.0,463,16.39,0.972,15,0.5258,0,55,57.42,54.64,55.11735905581271
5901,56,92700.0,29,30.7,3.103,3,0.5119,1,95,374.93,474.64,91.89893841186753
5902,49,90000.0,1100,21.8,0.6,22,0.7883,1,55,62.54,111.28,53.48939133776152
5903,52,79600.0,85,24.18,1.059,3,0.4489,1,95,105.5,211.39,94.92482628225572
5904,57,30000.0,1100,13.89,0.791,29,0.4597,0,55,45.93,29.75,54.683053516412045
5905,84,42700.0,508,26.37,0.709,12,0.3575,0,55,75.22,72.78,54.638233925971015
5906,51,67700.0,158,17.1,1.899,10,0.3997,0,95,122.63,133.22,96.05392951231244
5907,56,64500.0,1047,24.26,0.917,32,0.6505,1,55,84.47,138.46,54.52232991221026
5908,40,51500.0,31,17.29,0.968,1,0.2762,0,95,47.74,30.35,94.8757449362887
5909,67,107400.0,253,28.96,0.711,6,0.6656,0,35,77.27,70.08,45.80155523704235
5910,78,71800.0,236,28.87,0.636,5,0.448,0,55,68.49,62.16,53.94107680509404
5911,83,82000.0,661,12.28,0.681,15,0.639,1,55,37.84,109.09,55.64635517455375
5912,58,86300.0,421,22.62,0.57,8,0.5934,1,55,46.75,110.16,53.77975108095755
5913,65,68200.0,7,15.76,5.0,2,0.3584,0,95,321.49,330.92,93.42877492636353
5914,52,118800.0,461,30.05,1.106,17,0.7734,1,35,130.86,154.05,46.111727221154325
5915,64,47100.0,382,20.52,1.099,14,0.3464,0,55,91.39,91.93,54.7013279522364
5916,60,53300.0,172,15.64,1.221,7,0.3222,0,95,76.14,92.19,94.77508552013718
5917,56,45400.0,167,14.2,0.18,1,0.28,0,95,15.82,25.28,93.88485996634523
5918,57,98200.0,480,25.75,0.375,6,0.678,0,55,48.27,43.69,49.39352303594844
5919,63,83400.0,361,16.14,0.997,12,0.5578,1,55,56.47,119.82,55.3772466447902
5920,50,52600.0,362,19.56,1.16,14,0.3718,1,55,104.83,147.48,54.565072553888506
5921,51,46100.0,486,12.83,0.864,14,0.3705,1,55,37.49,84.41,54.24485049912413
5922,84,99900.0,621,28.65,0.725,15,0.7235,1,55,81.61,118.27,46.74217467530589
5923,90,79600.0,169,15.35,1.42,8,0.4749,0,95,82.96,82.32,94.63901786487584
5924,35,90600.0,262,20.75,1.031,9,0.571,1,55,97.64,159.46,55.08424658305607
5925,34,59500.0,325,15.17,1.108,12,0.4011,1,55,58.75,104.6,54.38513426998557
5926,39,72500.0,589,19.38,0.458,9,0.5616,1,55,41.24,95.82,54.265162990225214
5927,53,70900.0,37,27.52,1.622,2,0.3826,0,95,160.88,152.98,95.1435787002618
5928,70,54900.0,381,22.46,1.181,15,0.3908,0,55,112.61,107.19,55.0202973093112
5929,65,64000.0,151,17.2,0.993,5,0.376,0,95,66.79,56.81,95.72272159639653
5930,58,40700.0,650,13.7,0.877,19,0.3873,0,55,45.06,57.96,54.68257564636286
5931,64,77200.0,120,26.01,0.75,3,0.4451,1,95,72.5,161.07,93.8021439613765
5932,43,78600.0,89,15.97,1.011,3,0.4441,0,95,64.05,62.04,94.97460214094238
5933,51,85000.0,1054,22.86,0.882,31,0.7566,1,55,77.81,128.05,53.40654851233387
5934,55,79000.0,19,18.82,1.579,1,0.4251,1,95,106.94,205.58,95.47543664115483
5935,28,56900.0,374,17.68,0.561,7,0.4004,1,55,33.39,113.79,54.179761531175394
5936,35,93600.0,214,28.09,0.561,4,0.5745,1,55,69.42,152.77,53.397379191382285
5937,36,79900.0,355,18.64,0.761,9,0.5346,0,55,53.52,51.82,53.71493367707521
5938,68,96800.0,407,29.39,0.369,5,0.65,0,55,37.05,41.72,51.319481544297425
5939,59,96300.0,295,35.44,1.017,10,0.6148,1,55,144.54,209.66,53.24432824745724
5940,65,64400.0,381,22.68,0.709,9,0.4476,0,55,68.23,81.29,54.54096084361403
5941,24,66900.0,131,19.61,1.374,6,0.387,0,95,112.98,119.84,96.052205511771
5942,30,76300.0,44,27.23,0.682,1,0.4165,0,95,76.99,88.56,94.05683582050665
5943,66,43100.0,93,10.92,1.613,5,0.2511,0,95,80.13,84.76,96.84866523300778
5944,18,33900.0,352,22.69,1.108,13,0.2696,1,55,100.96,150.17,54.40134146642073
5945,76,41900.0,15,12.52,4.0,2,0.228,1,95,198.43,304.94,84.98549191298864
5946,24,56500.0,189,29.32,0.794,5,0.3444,0,55,100.11,102.01,53.755523405333264
5947,69,60800.0,280,15.53,1.071,10,0.3954,1,55,60.86,119.73,55.31627427160435
5948,40,31900.0,552,18.09,0.978,18,0.3106,1,55,67.53,109.51,55.81272009327582
5949,73,71700.0,593,12.96,0.809,16,0.558,0,55,29.19,22.03,54.985046744255754
5950,90,70000.0,656,19.43,0.823,18,0.567,0,55,78.47,75.16,55.0078422079225
5951,18,82400.0,136,16.96,1.765,8,0.4819,1,95,136.42,237.22,94.94256347475853
5952,67,109700.0,95,19.25,1.579,5,0.6337,1,75,120.18,213.67,94.36631814639257
5953,24,68400.0,191,26.29,0.314,2,0.4137,1,55,39.13,102.45,54.61159949397158
5954,62,51800.0,540,11.63,0.944,17,0.4201,1,55,49.51,103.21,55.595388643746475
5955,51,77800.0,794,17.99,0.718,19,0.6533,1,55,53.18,98.83,54.234034504361
5956,57,65600.0,294,15.58,0.714,7,0.4282,1,55,54.22,122.22,54.55114796738552
5957,40,57000.0,1068,24.25,0.758,27,0.6137,1,55,63.41,122.12,54.38562691365477
5958,68,49500.0,5,22.51,5.0,3,0.2602,0,95,448.72,417.24,93.40918288706042
5959,30,50300.0,798,23.9,0.94,25,0.4904,1,55,73.17,139.11,54.238190396817906
5960,76,65500.0,56,15.89,0.536,1,0.3571,0,95,25.98,30.24,95.87548379720144
5961,48,80500.0,243,28.82,1.358,11,0.5035,0,55,143.54,122.57,54.4751522360993
5962,31,70900.0,1100,16.66,0.764,28,0.6994,1,55,36.21,97.95,54.97455366402894
5963,82,108700.0,8,22.53,5.0,4,0.6023,1,75,446.64,523.0,93.54298446935476
5964,54,79000.0,912,18.36,0.757,23,0.6921,1,55,58.51,100.87,53.321943725038835
5965,87,80300.0,467,18.73,0.642,10,0.5715,0,55,42.78,63.68,54.24680315754093
5966,76,62800.0,381,18.97,1.181,15,0.4379,0,55,85.25,90.16,55.163335170444476
5967,41,40400.0,107,11.87,0.28,1,0.242,0,95,7.42,3.08,95.12248859549717
5968,54,52800.0,444,19.08,0.608,9,0.3971,0,55,47.53,40.2,54.43453843468803
5969,57,50700.0,97,4.56,0.309,1,0.2888,0,95,0.8,0.0,97.11653656141193
5970,81,30000.0,716,15.64,0.922,22,0.3453,0,55,49.63,48.54,55.6549802051204
5971,62,45200.0,53,11.33,3.396,6,0.2514,0,95,161.37,167.63,90.61863090666343
5972,58,99200.0,217,21.53,0.968,7,0.6086,0,55,76.39,74.49,49.43485014419464
5973,52,72100.0,223,17.59,0.404,3,0.4458,0,55,18.25,14.61,54.25533260516488
5974,54,56900.0,227,23.25,0.793,6,0.3574,1,55,79.67,136.75,53.71637555220765
5975,77,77800.0,7,24.19,4.286,1,0.4143,0,95,401.24,397.37,86.41442870638606
5976,55,30000.0,1100,13.67,0.655,24,0.4597,1,55,45.65,99.98,54.95526730320065
5977,48,69500.0,997,16.85,0.692,23,0.6642,1,55,38.43,107.74,54.96780242003567
5978,45,89800.0,579,27.38,0.829,16,0.6595,1,55,91.43,142.09,53.81336701059641
5979,46,60700.0,96,28.08,0.312,1,0.3416,0,95,27.09,25.82,95.59343579651271
5980,31,30000.0,233,14.36,0.901,7,0.2243,0,55,51.86,44.22,54.919078397977366
5981,42,53700.0,214,10.06,0.14,1,0.3359,1,55,1.47,67.52,55.408945781424876
5982,80,96900.0,309,21.02,1.262,13,0.6224,1,55,98.25,136.35,51.60910055815201
5983,51,69600.0,83,23.24,0.361,1,0.3885,0,95,20.73,12.42,96.11335189805011
5984,67,37600.0,177,13.43,1.186,7,0.2453,1,95,59.39,161.52,93.78363281455566
5985,18,107300.0,35,21.8,0.857,1,0.6021,1,75,78.53,152.03,94.2988709889555
5986,65,40700.0,1100,11.59,0.791,29,0.5254,0,55,42.07,50.89,54.65862118485272
5987,52,59300.0,85,19.35,0.353,1,0.3308,0,95,21.57,19.64,95.07952203247402
5988,47,41600.0,150,8.57,0.2,1,0.2575,1,95,1.13,89.4,96.28531197032576
5989,58,43800.0,213,16.4,0.423,3,0.2837,1,55,26.35,80.13,54.328490426895286
5990,47,53900.0,85,18.53,0.706,2,0.3021,0,95,52.34,39.42,94.59096720959317
5991,19,71200.0,924,18.43,0.877,27,0.6531,1,55,64.63,111.37,54.01098268781026
5992,71,95300.0,1100,19.08,0.791,29,0.8092,1,55,56.9,121.02,53.73886590583654
5993,59,57700.0,972,23.75,0.679,22,0.5891,0,55,61.58,58.99,54.631983107927155
5994,50,42800.0,557,9.76,0.754,14,0.3722,0,55,27.14,26.84,54.698125766373074
5995,39,71900.0,541,21.65,0.721,13,0.5432,1,55,43.12,99.36,53.557342526010835
5996,30,70700.0,343,24.24,0.7,8,0.4743,0,55,64.63,48.94,53.35401476937787
5997,59,70800.0,7,21.42,4.286,1,0.3732,1,95,373.48,452.89,86.4807885156805
5998,82,76200.0,287,27.59,0.941,9,0.4907,0,55,114.99,118.81,55.03656527031676
5999,58,63200.0,79,13.8,0.38,1,0.3507,0,95,30.39,26.28,95.81690032765013
6000,31,62300.0,4,15.39,5.0,1,0.3249,0,95,308.52,306.32,93.42729601906852
6001,59,62000.0,194,16.99,1.237,8,0.377,0,55,74.56,80.71,54.582757595765536
6002,54,87300.0,4,39.55,5.0,2,0.471,1,95,786.62,872.27,96.96805804326252
6003,70,114800.0,122,29.76,1.721,7,0.6698,1,75,198.77,268.11,94.58360033175134
6004,65,70800.0,4,24.1,5.0,4,0.3723,0,95,470.73,467.2,93.32141836632238
6005,18,57500.0,479,21.89,0.501,8,0.4358,1,55,36.33,94.7,54.08598970066491
6006,64,72200.0,97,21.22,0.928,3,0.408,0,95,72.94,69.34,95.90848598404334
6007,38,47800.0,1074,22.42,0.698,25,0.5607,0,55,51.44,45.11,54.450713685165105
6008,31,76300.0,95,12.09,0.316,1,0.432,1,95,22.74,134.68,95.72987228332084
6009,52,73700.0,1085,22.44,0.691,25,0.7099,1,55,66.9,122.3,54.46978816790613
6010,62,57600.0,408,20.78,0.662,9,0.4148,0,55,54.63,61.18,54.3458339980853
6011,27,78300.0,257,26.84,0.7,6,0.4943,0,55,78.21,60.11,53.12074195008693
6012,67,67800.0,215,14.39,0.558,4,0.4174,0,55,34.57,21.68,53.863761253564036
6013,68,47200.0,129,11.67,0.698,3,0.2794,0,95,26.71,32.57,94.81363435535285
6014,56,72600.0,484,15.8,1.178,19,0.5299,1,55,88.84,141.43,54.38364686579389
6015,40,67000.0,169,22.66,0.178,1,0.3988,0,95,9.98,6.12,95.48675058865346
6016,38,81800.0,139,24.95,1.511,7,0.4791,0,95,137.45,127.95,93.96408484901744
6017,72,85900.0,29,18.14,1.034,1,0.4701,0,95,76.32,86.06,94.47187938353699
6018,29,57500.0,276,28.2,0.652,6,0.375,0,55,78.06,84.6,54.048167016642665
6019,73,58700.0,271,20.24,0.111,1,0.3805,0,55,6.57,5.92,55.67315264324697
6020,52,64400.0,616,20.28,0.877,18,0.5205,0,55,81.1,83.56,54.29480541609714
6021,53,72200.0,395,19.79,0.456,6,0.4997,1,55,37.54,89.49,54.01513416219721
6022,26,69400.0,937,25.06,0.832,26,0.6467,1,55,76.83,125.0,54.25669492230873
6023,53,70900.0,293,22.58,1.331,13,0.4601,1,55,115.47,165.28,54.703731306580195
6024,65,65100.0,944,29.21,0.636,20,0.6243,1,55,75.5,138.14,54.72236394697738
6025,32,81300.0,146,16.13,1.438,7,0.4782,1,95,93.42,184.48,94.68808418151384
6026,63,52400.0,86,10.13,0.698,2,0.2947,0,95,37.99,38.56,97.08232540403122
6027,57,117500.0,158,23.92,0.19,1,0.6939,1,75,24.86,95.56,93.37554941758127
6028,44,78800.0,567,24.59,0.582,11,0.5928,0,55,44.7,54.1,53.841968366045535
6029,70,44300.0,722,14.5,0.789,19,0.4303,1,55,44.41,92.91,55.730725809176064
6030,18,61500.0,486,25.58,0.802,13,0.4623,0,55,72.12,87.39,53.7629580691198
6031,61,82400.0,394,20.39,0.381,5,0.5618,1,55,42.74,92.01,54.12510254626615
6032,83,63300.0,1100,24.9,0.764,28,0.6587,0,55,68.31,62.58,54.599798957037166
6033,79,38400.0,1100,11.61,0.818,30,0.5112,0,55,39.6,59.64,54.56285025558201
6034,62,44600.0,29,22.61,4.138,4,0.2431,0,95,368.66,357.99,85.19298735036648
6035,50,75400.0,308,28.16,0.584,6,0.4923,0,55,49.95,49.58,53.94637986021785
6036,44,30000.0,150,11.68,1.0,5,0.2068,0,95,36.68,46.79,94.74580471787722
6037,50,33600.0,664,17.49,0.904,20,0.3507,0,55,61.25,45.81,55.089320313524375
6038,64,78100.0,1100,23.05,0.818,30,0.7353,1,55,79.97,137.55,54.18270614721455
6039,41,57500.0,636,21.21,0.896,19,0.4843,0,55,80.26,64.87,54.09485745284051
6040,68,53000.0,520,24.37,0.75,13,0.4212,1,55,62.46,117.83,54.71333885438473
6041,90,61600.0,628,24.11,0.717,15,0.507,0,55,71.65,92.01,54.933216600041575
6042,54,33900.0,5,17.66,5.0,1,0.1933,0,95,360.8,337.29,93.65785505240905
6043,32,70600.0,1100,23.91,0.682,25,0.6979,1,55,69.33,123.57,54.652947009645175
6044,32,43500.0,341,10.18,1.056,12,0.3155,1,55,40.11,90.56,54.59363968549118
6045,68,56300.0,324,18.24,0.37,4,0.3821,1,55,27.38,72.31,54.889075794060794
6046,54,72100.0,179,15.31,0.503,3,0.4323,1,95,32.02,111.72,85.86664844450151
6047,70,62600.0,508,19.3,0.768,13,0.4759,1,55,70.47,136.46,55.38062480002723
6048,46,48400.0,322,22.84,0.839,9,0.3368,1,55,90.26,147.24,54.05368302415217
6049,69,30000.0,331,14.46,0.906,10,0.2462,0,55,57.56,38.97,54.86529494004912
6050,52,72100.0,90,8.29,2.333,7,0.4054,0,95,77.79,68.37,98.41438397479716
6051,43,64300.0,268,14.41,0.784,7,0.4125,0,55,44.94,39.45,54.44593735321807
6052,48,52700.0,44,20.81,0.682,1,0.2854,0,95,57.35,41.64,94.91894346242019
6053,35,39200.0,245,13.18,0.735,6,0.269,0,55,40.39,41.27,54.29852480282046
6054,89,72100.0,111,24.73,0.541,2,0.4117,0,95,49.39,51.94,95.18268391355818
6055,53,74700.0,964,15.17,0.809,26,0.6832,1,55,64.84,122.24,54.490730974064114
6056,66,69300.0,558,22.3,0.591,11,0.5326,1,55,46.38,121.59,54.89432995504532
6057,46,97600.0,101,26.8,0.594,2,0.5641,0,95,74.04,64.63,93.59085911775813
6058,37,76200.0,112,25.38,2.143,8,0.4366,1,95,199.97,290.24,94.45400802820328
6059,51,61900.0,59,16.01,1.017,2,0.3379,0,95,62.93,57.66,95.9853776541146
6060,74,84300.0,625,26.54,0.576,12,0.6417,1,55,58.44,121.98,54.807355236450654
6061,46,64200.0,809,27.16,0.705,19,0.5787,1,55,78.42,140.87,54.35216477188807
6062,40,62900.0,147,8.07,0.204,1,0.3685,0,95,3.67,0.0,97.7278178171267
6063,58,92800.0,474,24.18,0.759,12,0.6466,1,55,84.5,153.95,53.570334858911664
6064,63,47700.0,56,8.12,3.214,6,0.2639,1,95,102.45,188.37,91.791143668777
6065,83,71100.0,63,16.36,0.476,1,0.3914,1,95,22.92,126.45,95.64984657732694
6066,61,91200.0,122,19.79,0.246,1,0.5316,1,95,11.75,114.68,93.87802392321856
6067,66,73700.0,88,20.72,0.341,1,0.4143,0,95,24.48,28.46,95.40056004115664
6068,67,59600.0,685,20.83,0.876,20,0.5125,1,55,78.78,130.49,55.08700221559402
6069,35,30000.0,22,19.02,5.0,6,0.1819,0,95,387.64,384.53,93.54447009110758
6070,39,30000.0,786,15.82,0.802,21,0.3653,0,55,41.13,45.94,54.9513750563603
6071,37,105000.0,107,29.12,0.28,1,0.61,0,75,26.21,31.48,94.74644004301095
6072,32,66900.0,161,14.64,0.745,4,0.3959,0,95,35.1,42.2,95.48707647812375
6073,69,55500.0,73,23.61,2.877,7,0.3073,0,95,269.42,276.52,86.15245232912986
6074,60,73300.0,29,4.52,1.034,1,0.3942,1,95,26.39,124.81,98.49661746855222
6075,56,45300.0,792,24.43,0.758,20,0.4579,0,55,75.44,89.58,54.333508922115364
6076,18,50600.0,175,24.33,0.857,5,0.3087,1,95,87.8,176.8,93.78827922196004
6077,90,52200.0,246,21.58,0.244,2,0.3366,0,55,27.04,27.46,55.1948449638227
6078,40,32300.0,154,25.99,1.364,7,0.2171,0,95,137.11,131.52,95.88178233199777
6079,90,30000.0,165,5.48,1.273,7,0.2099,1,95,17.66,137.09,96.95816930225466
6080,30,30000.0,143,18.4,0.21,1,0.2054,0,95,10.76,18.4,94.1930285773292
6081,41,83600.0,286,23.22,0.315,3,0.5359,0,55,35.83,45.96,54.85530704285781
6082,18,36900.0,214,16.76,0.28,2,0.2507,0,55,23.59,28.06,55.62907443349845
6083,61,77400.0,175,15.79,1.2,7,0.4633,0,95,76.42,75.86,94.57496113629928
6084,36,81300.0,36,24.17,0.833,1,0.4442,0,95,88.13,114.83,94.683912811402
6085,37,61700.0,116,20.99,1.034,4,0.3528,0,95,87.98,100.13,95.40394513270262
6086,32,54100.0,838,14.67,0.716,20,0.5262,0,55,39.36,36.15,54.52474021153881
6087,68,70400.0,509,20.22,0.766,13,0.5241,0,55,49.4,46.68,54.87296509508525
6088,67,58700.0,65,12.23,1.385,3,0.3221,0,95,77.92,80.14,95.94923684533187
6089,86,96500.0,275,22.5,0.873,8,0.61,0,55,77.8,72.39,51.623178802547294
6090,43,102000.0,922,30.1,0.748,23,0.8003,1,35,86.45,117.97,49.690990997223345
6091,59,96200.0,361,29.33,0.831,10,0.6335,1,55,96.67,136.47,52.543725065644914
6092,33,30000.0,810,18.34,0.778,21,0.3722,0,55,69.06,45.11,54.47609062110428
6093,49,54600.0,816,22.99,0.735,20,0.5225,1,55,75.53,150.3,54.41718309293947
6094,46,63300.0,50,24.36,0.6,1,0.3431,1,95,55.58,145.52,95.91773939970528
6095,63,76300.0,473,18.23,1.078,17,0.5491,1,55,82.37,134.33,54.47118715738341
6096,72,32100.0,233,16.51,0.515,4,0.2334,0,55,43.83,44.52,54.21607224856058
6097,72,31800.0,114,20.2,1.842,7,0.2067,0,95,151.61,158.57,95.27301660524635
6098,41,89600.0,127,16.54,0.236,1,0.5233,1,95,16.58,119.34,93.99019946911237
6099,72,56700.0,454,11.58,0.925,14,0.4234,0,55,26.12,36.41,55.09351734095814
6100,54,33600.0,1100,7.84,0.9,33,0.4817,0,55,38.19,43.94,54.554464271389115
6101,49,40600.0,184,7.16,0.652,4,0.2609,0,55,10.45,7.77,54.201172584167864
6102,43,70800.0,584,15.37,0.668,13,0.5498,1,55,26.1,93.75,54.607808608529545
6103,45,45700.0,331,14.23,0.634,7,0.3246,1,55,21.65,74.87,54.1793640636961
6104,85,76100.0,186,28.98,0.806,5,0.4588,1,55,86.59,151.91,53.96485762327863
6105,60,45400.0,70,14.62,1.286,3,0.2564,0,95,79.09,63.69,94.78671013339611
6106,58,30000.0,1100,6.92,0.736,27,0.4597,0,55,29.66,42.67,54.8677095882619
6107,51,94100.0,229,24.95,0.524,4,0.582,0,55,55.03,46.11,52.486519558445664
6108,90,80400.0,26,21.12,5.0,7,0.4357,0,95,436.28,421.78,93.38568270058039
6109,77,62400.0,192,15.45,0.625,4,0.3787,1,55,35.4,77.41,53.93257610517699
6110,43,51700.0,1100,14.81,0.709,26,0.592,0,55,40.14,42.17,54.847981642817345
6111,50,94800.0,301,29.56,0.997,10,0.6078,1,55,102.95,180.81,54.0650311938723
6112,51,76600.0,1,14.44,5.0,3,0.4053,0,95,284.19,282.23,93.45238298539296
6113,57,89500.0,18,15.1,5.0,5,0.4888,1,95,285.66,379.54,93.48131919593786
6114,43,50300.0,170,19.88,1.765,10,0.3058,0,95,129.62,137.3,95.18901277749356
6115,62,67500.0,508,17.06,0.827,14,0.506,0,55,61.48,55.72,54.81872063382138
6116,80,78400.0,184,29.52,0.652,4,0.4722,1,55,63.49,117.0,53.68969454048846
6117,33,49000.0,863,16.58,0.556,16,0.5027,0,55,24.17,20.68,54.85289840145015
6118,36,59200.0,118,18.38,0.254,1,0.3395,0,95,4.61,24.28,94.30022977661825
6119,47,51100.0,632,21.6,0.759,16,0.4439,0,55,71.79,72.54,54.09979158914012
6120,48,72000.0,423,12.44,0.496,7,0.5072,0,55,37.79,45.28,53.972372337268816
6121,89,44100.0,218,18.3,0.138,1,0.2864,1,55,9.5,57.38,55.45927845801371
6122,72,80400.0,361,20.23,0.748,9,0.5395,1,55,68.07,111.68,54.25566372004641
6123,71,74700.0,735,26.34,0.857,21,0.6186,1,55,80.98,142.62,54.53886377307273
6124,51,59900.0,157,15.75,0.573,3,0.3544,0,95,45.94,48.47,94.28030701299451
6125,50,73400.0,479,21.89,0.939,15,0.5332,0,55,76.49,86.79,54.43681324377615
6126,30,52300.0,175,16.05,1.029,6,0.3177,0,95,71.4,62.53,93.83819271227838
6127,68,53500.0,505,20.09,0.95,16,0.4196,0,55,76.12,75.2,55.8698246909569
6128,63,78000.0,123,20.44,2.439,10,0.4509,1,95,184.07,266.19,90.18363295415341
6129,77,81700.0,436,23.57,1.307,19,0.5704,1,55,116.14,166.2,54.721412265317845
6130,51,53500.0,312,26.79,0.962,10,0.3625,0,55,104.46,90.0,55.238835502814105
6131,53,52100.0,141,16.39,0.426,2,0.3075,0,95,13.13,10.29,93.96636994082333
6132,58,61800.0,1100,21.28,0.764,28,0.6504,1,55,67.4,135.48,54.86858223385305
6133,70,56400.0,427,29.89,1.054,15,0.4134,0,55,114.69,106.1,54.69897129669799
6134,30,92000.0,765,25.75,0.627,16,0.7204,1,55,68.91,115.2,53.98289760316617
6135,68,74200.0,1100,8.96,0.873,32,0.7162,1,55,20.4,73.73,54.84787879427655
6136,55,65300.0,921,16.46,0.749,23,0.6187,0,55,52.86,51.02,54.424179320919094
6137,37,41800.0,1025,10.25,0.761,26,0.5088,1,55,37.73,100.43,54.71058681584307
6138,20,73500.0,259,25.63,0.463,4,0.4655,0,55,46.12,33.13,52.74422685241155
6139,53,51800.0,129,17.3,0.233,1,0.3028,0,95,15.48,0.0,94.2727258327695
6140,80,56300.0,271,23.76,0.664,6,0.3666,0,55,74.99,75.63,54.16020528692491
6141,83,86800.0,116,26.08,1.81,7,0.5027,0,95,182.55,199.46,93.4870799264881
6142,61,74300.0,516,24.18,0.64,11,0.5501,0,55,57.63,55.69,54.24141090414924
6143,88,30000.0,590,8.38,1.017,20,0.3108,0,55,39.22,43.17,55.80790528407622
6144,54,61500.0,242,21.75,0.496,4,0.3882,0,55,46.53,45.74,53.28675631844114
6145,71,70800.0,382,27.45,0.471,6,0.4871,0,55,49.77,57.23,54.31751112339882
6146,47,56300.0,72,11.21,1.25,3,0.3112,0,95,46.33,43.39,97.65906085824054
6147,46,66600.0,309,18.4,0.971,10,0.4388,0,55,79.25,78.52,55.75448115408513
6148,43,30000.0,30,16.27,1.0,1,0.1834,0,95,55.17,71.56,94.15091178984468
6149,20,30000.0,474,14.99,0.759,12,0.2807,1,55,63.74,130.18,54.402292719411385
6150,77,48900.0,62,24.52,2.903,6,0.2711,1,95,275.16,363.24,85.64510144182313
6151,44,68700.0,760,23.95,0.75,19,0.5908,1,55,63.01,111.35,54.36345435736347
6152,41,30000.0,501,16.53,0.659,11,0.2875,0,55,46.31,40.35,55.025943451529315
6153,35,43300.0,66,20.58,0.455,1,0.2457,0,95,41.85,30.61,94.34254675555503
6154,52,30000.0,215,18.32,1.256,9,0.2204,0,55,84.25,78.72,54.920499443091764
6155,85,65900.0,105,20.09,0.286,1,0.3735,1,95,36.52,130.31,95.43308276554686
6156,90,113100.0,1,25.19,5.0,1,0.6259,1,75,506.44,573.7,93.51736475172196
6157,27,54800.0,1019,23.17,0.854,29,0.586,1,55,77.17,137.28,54.249291416834716
6158,49,61500.0,10,15.51,5.0,6,0.3222,0,95,313.29,296.55,93.2972587421571
6159,37,79000.0,179,21.49,0.838,5,0.4744,1,95,81.72,164.92,85.14873081993873
6160,72,68800.0,319,14.54,0.752,8,0.4553,0,55,56.61,63.2,54.63706724483276
6161,60,61500.0,293,22.88,0.717,7,0.4034,1,55,67.16,141.17,54.171174092171206
6162,44,82300.0,158,28.51,0.57,3,0.4881,0,95,54.81,57.34,95.00056741767021
6163,56,75100.0,469,16.59,0.704,11,0.5405,0,55,36.65,28.31,53.744771231460774
6164,47,69500.0,957,19.66,0.721,23,0.653,0,55,45.38,34.25,54.79789458969962
6165,82,67500.0,92,17.72,1.63,5,0.379,0,95,110.39,106.64,96.21841748640591
6166,64,59500.0,75,24.3,0.8,2,0.3292,0,95,78.06,90.73,95.54742241030998
6167,66,86500.0,20,30.06,5.0,5,0.471,1,95,602.91,703.05,96.93236626690268
6168,18,50500.0,58,15.18,0.517,1,0.278,1,95,40.41,123.04,94.53656172197137
6169,54,90700.0,97,8.15,0.309,1,0.5208,0,95,0.0,3.62,97.55994079864946
6170,90,50000.0,20,23.26,5.0,4,0.2662,0,95,465.11,479.46,93.25943994520252
6171,78,99700.0,422,25.18,0.782,11,0.6702,0,55,82.45,94.26,47.076361335555596
6172,24,68700.0,400,20.55,0.75,10,0.4798,1,55,39.19,107.49,53.53453403366857
6173,50,43700.0,93,21.37,0.645,2,0.2538,1,95,58.76,161.77,94.21520054871249
6174,35,71700.0,369,18.93,1.138,14,0.4886,0,55,108.01,95.19,54.240922684072096
6175,84,57100.0,221,15.41,0.814,6,0.3568,1,55,56.36,103.29,54.45552439462348
6176,59,66500.0,493,18.2,0.974,16,0.4952,0,55,73.37,90.77,55.640792249416684
6177,42,52200.0,60,20.28,0.5,1,0.287,0,95,38.37,34.97,94.74643952816899
6178,56,62400.0,824,23.75,0.874,24,0.5724,0,55,84.89,65.93,54.12793262384709
6179,18,77400.0,284,29.78,0.845,8,0.4972,0,55,112.95,119.02,53.6119659975398
6180,37,72300.0,220,22.86,1.091,8,0.4461,1,55,96.99,162.61,54.599083435781914
6181,56,41600.0,342,15.52,0.965,11,0.3058,0,55,69.46,68.65,55.400474697556874
6182,69,45400.0,880,21.24,0.648,19,0.4858,1,55,58.77,119.26,54.7171347048118
6183,22,64100.0,261,14.76,0.805,7,0.4092,0,55,60.54,52.26,54.30967973449597
6184,49,71000.0,122,27.75,1.475,6,0.4084,0,95,172.44,167.79,95.35366460453234
6185,72,54200.0,694,19.19,0.908,21,0.4821,1,55,71.21,108.13,55.44616340684444
6186,30,93400.0,203,22.87,1.33,9,0.5699,0,55,122.67,111.93,54.35047905952859
6187,59,82900.0,239,17.59,0.753,6,0.517,0,55,50.47,64.84,54.06427600838332
6188,56,52100.0,746,20.95,0.925,23,0.4853,1,55,85.33,107.18,54.80661439829653
6189,84,55600.0,562,16.94,0.641,12,0.4498,1,55,38.71,89.84,55.50280426336334
6190,51,59400.0,130,18.44,0.231,1,0.3439,0,95,17.95,12.61,94.2770781043356
6191,52,57400.0,169,10.25,0.533,3,0.3438,0,95,20.31,26.25,96.97974601809892
6192,70,94400.0,847,21.99,0.885,25,0.7517,1,55,67.11,100.78,52.89450878712766
6193,32,81100.0,55,19.32,0.545,1,0.4488,0,95,43.88,36.25,95.12298194070881
6194,51,64900.0,231,21.83,0.13,1,0.405,0,55,0.0,0.0,55.02514858868179
6195,47,77600.0,420,20.3,0.357,5,0.5406,1,55,25.4,84.46,54.113142454906615
6196,53,81900.0,270,9.04,1.0,9,0.5205,1,55,41.5,96.4,55.417912469605675
6197,69,69000.0,247,18.27,0.243,2,0.4344,0,55,19.11,2.55,55.4666009838442
6198,64,75300.0,813,14.02,0.812,22,0.6446,1,55,46.76,98.37,54.29979700096525
6199,42,74900.0,255,16.02,0.588,5,0.4728,1,55,30.76,77.99,54.027073072913744
6200,57,75600.0,476,26.36,0.63,10,0.5457,0,55,74.82,79.45,53.8037939129539
6201,80,53600.0,839,9.6,0.644,18,0.5235,1,55,17.64,70.18,55.17118061243247
6202,41,48000.0,32,18.67,0.938,1,0.2595,0,95,75.7,93.19,94.85446057745547
6203,57,59300.0,828,16.36,0.652,18,0.5549,1,55,53.06,101.42,55.00520262373087
6204,52,49600.0,5,13.94,5.0,1,0.2607,0,95,266.56,260.88,93.43647535716269
6205,54,33900.0,564,10.19,0.798,15,0.3245,0,55,29.27,23.95,54.71156078056695
6206,27,73600.0,441,22.64,0.884,13,0.5226,0,55,76.07,74.14,53.16385985966594
6207,79,77100.0,54,23.72,2.222,4,0.4243,0,95,213.01,221.42,94.5123486348807
6208,42,34300.0,464,6.52,0.776,12,0.2999,0,55,12.69,8.27,54.48906604028139
6209,72,63300.0,515,25.25,0.583,10,0.4823,0,55,49.56,45.61,55.02788505753514
6210,44,58900.0,347,12.9,0.865,10,0.4042,0,55,44.21,47.78,54.200710058079935
6211,44,66600.0,753,21.93,0.837,21,0.5761,0,55,68.93,59.47,54.415241232858634
6212,76,46500.0,197,11.07,0.609,4,0.2932,0,55,25.8,32.11,54.01374364443725
6213,72,40000.0,1,13.7,5.0,1,0.2169,0,95,281.14,277.36,93.49568011489315
6214,59,76700.0,58,15.11,4.655,9,0.4231,0,95,268.41,259.38,89.50997159733821
6215,68,35400.0,396,12.67,0.455,6,0.288,0,55,22.15,3.76,54.807731430368655
6216,50,59100.0,1100,17.86,0.791,29,0.6351,1,55,51.78,95.76,54.73358076849791
6217,55,58200.0,1100,12.98,0.845,31,0.63,1,55,44.06,97.0,54.70786503862715
6218,44,60200.0,912,20.6,0.724,22,0.586,0,55,54.96,54.04,54.331852516558136
6219,70,73300.0,119,23.22,0.504,2,0.4213,0,95,37.37,34.53,95.01884231497066
6220,43,96200.0,304,37.96,0.592,6,0.6168,1,55,93.03,133.24,52.479561198077434
6221,80,36400.0,128,20.1,0.703,3,0.229,0,95,78.69,76.57,94.30313671449603
6222,50,82400.0,175,28.24,1.2,7,0.494,0,95,134.75,119.22,94.75175738326239
6223,55,30000.0,210,5.65,0.714,5,0.2193,0,55,10.33,0.0,54.101732174008234
6224,68,96900.0,834,14.74,1.079,30,0.7601,1,55,57.78,123.64,52.84110033741037
6225,55,30000.0,727,13.02,0.702,17,0.3484,1,55,44.04,97.69,55.479134427019126
6226,50,115200.0,994,36.21,0.875,29,0.8585,1,35,119.72,158.94,50.98325353525057
6227,54,56600.0,48,30.86,1.875,3,0.3064,0,95,241.85,255.85,95.1492594083513
6228,70,95100.0,211,20.83,0.853,6,0.5826,1,55,57.98,112.08,53.112171229347
6229,44,85600.0,156,19.91,1.538,8,0.5078,0,95,124.02,133.31,94.46923094829137
6230,53,55400.0,111,21.03,0.27,1,0.3169,0,95,28.02,31.57,94.2693081249018
6231,55,57400.0,58,17.62,1.552,3,0.3133,1,95,115.48,202.97,95.72399075788432
6232,70,50400.0,362,16.7,0.58,7,0.3593,0,55,44.28,42.51,54.34448743130344
6233,53,81100.0,82,25.34,0.366,1,0.4572,1,95,39.23,126.39,94.27178957947662
6234,86,62300.0,302,32.92,0.596,6,0.4109,0,55,87.71,93.5,53.91268116483762
6235,52,47200.0,162,23.6,0.185,1,0.2878,1,95,9.54,114.18,94.0456806203519
6236,51,75500.0,33,30.67,0.909,1,0.4084,0,95,106.36,92.36,95.09593506327595
6237,52,45600.0,197,7.62,0.914,6,0.2886,1,55,24.63,70.51,54.59252469259233
6238,33,53700.0,126,23.43,0.714,3,0.3119,1,95,78.78,169.88,93.94600123917343
6239,37,63600.0,994,14.79,0.724,24,0.6302,1,55,46.56,93.08,54.95182691926336
6240,46,49700.0,477,25.84,0.881,14,0.3888,1,55,96.52,148.84,54.0487464426143
6241,74,58500.0,165,25.56,0.909,5,0.3488,0,95,91.5,94.8,94.6147312388493
6242,54,97000.0,295,27.57,0.712,7,0.6188,0,55,85.05,97.58,50.52623547565343
6243,47,59100.0,1100,15.15,1.009,37,0.6351,1,55,48.73,98.34,54.80390123159461
6244,76,61600.0,334,16.82,0.988,11,0.4163,0,55,63.2,57.35,55.80432311595848
6245,81,66500.0,935,17.96,0.995,31,0.6297,1,55,69.74,128.13,54.511386262012714
6246,76,78700.0,100,25.62,0.3,1,0.4481,1,95,26.95,121.1,93.74069577848061
6247,40,40300.0,741,18.06,0.769,19,0.4121,1,55,52.98,92.05,55.17832499072548
6248,47,72400.0,1059,27.96,0.652,23,0.6964,1,55,77.29,123.33,54.361544485185576
6249,86,76600.0,222,29.54,0.676,5,0.473,0,55,81.78,77.93,53.70091561067891
6250,59,30000.0,243,10.27,0.494,4,0.2264,0,55,29.84,37.26,54.07768600276215
6251,50,101700.0,362,27.63,1.492,18,0.6645,1,35,148.21,193.94,46.4725475486613
6252,67,98100.0,439,27.03,0.615,9,0.6662,0,55,78.4,67.42,49.790178498575905
6253,72,51600.0,262,17.26,0.687,6,0.3377,0,55,42.23,34.15,54.31784287207373
6254,45,39400.0,75,20.62,0.4,1,0.2303,0,95,43.52,51.77,94.39700974157611
6255,59,70600.0,47,23.04,1.915,3,0.3838,0,95,173.15,168.14,96.59201907682814
6256,71,38300.0,674,12.87,0.623,14,0.3804,1,55,35.03,93.21,56.21415121957049
6257,35,89600.0,84,22.73,1.786,5,0.51,0,95,153.77,151.47,94.79464896518995
6258,55,55200.0,20,16.53,1.5,1,0.2919,1,95,89.45,184.37,95.65794092317647
6259,36,95300.0,224,20.66,0.67,5,0.5877,1,55,60.02,110.48,52.698311890087055
6260,38,44300.0,200,16.22,0.15,1,0.2829,0,55,0.0,10.77,55.59574906280594
6261,45,60600.0,809,12.61,0.705,19,0.557,1,55,25.84,64.92,54.75562697571222
6262,63,93200.0,25,26.35,1.2,1,0.5137,0,95,132.61,128.24,93.38002208204377
6263,50,57200.0,553,25.6,0.651,12,0.4567,0,55,63.35,73.18,54.50078186377669
6264,44,68500.0,281,20.53,0.641,6,0.4418,0,55,45.58,43.04,54.265061510830634
6265,56,88100.0,211,27.95,1.137,8,0.5402,0,55,139.3,137.73,54.295695784538985
6266,36,49500.0,311,18.2,1.35,14,0.3398,0,55,113.28,122.39,54.812201498801194
6267,62,39900.0,255,10.87,0.824,7,0.2749,1,55,35.83,94.98,54.676972563613326
6268,74,38200.0,64,25.77,0.469,1,0.2228,1,95,58.53,161.49,94.72617385079113
6269,54,77100.0,83,9.45,0.723,2,0.4332,0,95,39.47,50.93,97.61976986767611
6270,52,72600.0,486,20.94,0.679,11,0.5305,0,55,56.74,41.8,53.62644063605154
6271,61,88500.0,36,19.43,3.333,4,0.4883,0,95,254.94,249.85,86.12532248370574
6272,21,52400.0,178,25.77,0.843,5,0.319,0,95,87.61,78.84,92.12672923858491
6273,64,36800.0,133,16.6,0.226,1,0.2318,1,95,3.37,101.07,94.07379963385037
6274,90,30000.0,68,27.28,2.206,5,0.1906,0,95,245.26,255.1,95.42422518375591
6275,53,120000.0,437,28.18,0.961,14,0.7733,0,35,105.69,80.12,46.02378064548713
6276,53,75700.0,334,17.55,1.168,13,0.5023,1,55,82.45,121.04,54.65218655584846
6277,68,70500.0,774,12.02,0.698,18,0.6056,1,55,33.9,67.59,55.33096230233507
6278,83,76500.0,560,27.01,0.804,15,0.5769,1,55,80.08,125.84,54.189618861552
6279,72,38300.0,148,11.57,0.203,1,0.2418,0,95,9.11,8.78,95.40148378313509
6280,18,40900.0,275,14.04,0.764,7,0.2849,1,55,32.03,102.43,54.58646210877453
6281,65,103600.0,142,31.68,1.056,5,0.6122,0,75,129.96,116.05,94.89929384155708
6282,90,85800.0,247,28.14,0.486,4,0.5373,0,55,45.8,68.89,53.468347994261514
6283,66,51200.0,31,14.63,1.935,2,0.2747,1,95,106.22,205.6,95.36491055118628
6284,35,35200.0,777,13.01,0.772,20,0.3927,0,55,22.11,26.85,54.91469180518414
6285,60,55200.0,707,9.5,0.679,16,0.4923,0,55,22.37,28.63,55.445896907350615
6286,33,54000.0,85,7.82,2.118,6,0.3026,1,95,70.14,150.1,97.8167230309043
6287,76,112200.0,161,30.65,0.559,3,0.6664,1,75,69.96,138.13,94.72755797126494
6288,39,57800.0,164,23.04,0.732,4,0.3446,0,95,76.13,64.99,94.14368758836845
6289,56,40200.0,43,17.82,0.698,1,0.2268,0,95,42.13,47.64,94.5786195268789
6290,40,60800.0,189,20.06,0.952,6,0.3687,0,55,72.56,62.54,55.017377092899785
6291,46,68800.0,359,16.79,0.669,8,0.4677,1,55,52.27,104.14,54.15520312465179
6292,80,43100.0,22,23.81,4.091,3,0.2348,1,95,388.93,476.28,84.99468765196787
6293,57,73800.0,636,12.15,0.566,12,0.5838,1,55,28.99,97.28,54.83734651905917
6294,45,88400.0,854,20.92,0.808,23,0.7249,0,55,84.53,77.44,52.93649260484725
6295,36,64100.0,859,20.42,0.524,15,0.5932,0,55,40.77,28.75,54.70478882734553
6296,23,41900.0,490,16.28,0.857,14,0.3479,0,55,51.93,55.74,54.102828097751264
6297,34,49700.0,144,17.44,0.625,3,0.2959,0,95,35.66,34.02,93.8384147927016
6298,57,30600.0,66,11.99,1.364,3,0.1925,1,95,63.1,171.13,95.6918480741702
6299,72,65600.0,206,22.54,0.437,3,0.4016,0,55,47.57,49.64,53.66175783435511
6300,45,69500.0,405,14.35,0.519,7,0.4862,0,55,34.38,36.11,54.032567994668014
6301,82,51600.0,12,17.02,2.5,1,0.272,0,95,181.66,189.44,86.15964878268028
6302,43,103300.0,1100,27.65,0.764,28,0.8378,1,35,87.39,125.98,51.123626902825585
6303,51,80800.0,795,20.46,0.83,22,0.6701,1,55,50.0,111.92,53.23645556184979
6304,37,30000.0,608,14.52,0.789,16,0.3156,1,55,50.86,111.94,54.778618608963995
6305,72,31200.0,733,15.76,0.655,16,0.3569,0,55,42.13,37.85,56.31614235842648
6306,90,51300.0,157,8.89,1.72,9,0.3076,0,95,61.18,48.17,97.46241666550053
6307,25,92000.0,237,15.46,0.886,7,0.5718,0,55,64.54,61.77,54.270020726213225
6308,49,82500.0,17,23.04,1.765,1,0.4457,0,95,160.47,139.4,95.20214270197866
6309,77,103500.0,338,22.48,0.888,10,0.6677,1,35,84.49,111.12,46.011069432131904
6310,30,60200.0,46,16.29,1.304,2,0.325,1,95,76.35,166.41,95.7405146903732
6311,65,62600.0,1,22.24,5.0,1,0.3257,0,95,432.65,444.64,93.3996246845674
6312,76,43000.0,59,11.51,0.508,1,0.2427,0,95,18.6,16.09,95.82818693827204
6313,56,72500.0,236,8.81,1.144,9,0.4522,1,55,37.81,109.35,54.64521066331264
6314,64,62700.0,306,27.69,1.275,13,0.4145,0,55,145.6,149.33,54.7079395592968
6315,85,66100.0,311,25.96,0.193,2,0.4364,0,55,11.26,0.0,55.28917463166047
6316,88,105600.0,523,31.83,0.975,17,0.7271,0,35,136.19,146.68,46.07829716497393
6317,54,62100.0,122,13.71,0.738,3,0.3568,0,95,32.75,42.19,94.90222341253869
6318,46,91200.0,135,23.29,0.889,4,0.5356,0,95,82.11,64.36,93.8327973944965
6319,39,30000.0,913,8.16,0.887,27,0.4026,0,55,29.04,35.32,54.29918369993137
6320,72,120000.0,519,27.7,0.289,5,0.7907,0,35,34.42,47.88,46.93400682992611
6321,32,52600.0,616,16.15,0.877,18,0.4481,0,55,60.26,37.85,54.30223513339782
6322,51,79100.0,1100,16.47,0.845,31,0.7401,1,55,73.77,117.02,54.3068633770678
6323,57,83600.0,1100,25.06,0.682,25,0.7608,1,55,63.54,127.07,53.391424957070356
6324,46,52800.0,1100,16.63,0.627,23,0.5985,1,55,44.21,96.48,54.93700438130299
6325,60,83200.0,1100,31.09,0.873,32,0.759,1,55,107.9,176.77,53.40328867999402
6326,90,90300.0,335,23.97,0.269,3,0.5913,0,55,33.66,42.23,55.26939209989211
6327,53,49600.0,248,4.7,0.847,7,0.323,1,55,19.51,81.97,54.584675893068116
6328,48,48900.0,8,8.27,5.0,3,0.2581,0,95,167.16,178.0,98.49107746048556
6329,72,69400.0,635,30.89,0.803,17,0.5569,0,55,87.27,78.25,54.051596020293424
6330,59,63400.0,1100,17.71,0.791,29,0.6593,1,55,52.41,103.48,54.95630180108985
6331,79,99100.0,314,26.07,0.669,7,0.6364,1,55,61.95,135.58,48.45053409811368
6332,58,80400.0,29,22.11,2.069,2,0.4366,0,95,179.4,175.07,95.07730463802
6333,51,62700.0,81,26.49,0.37,1,0.3485,1,95,32.6,137.71,95.05862724460489
6334,25,71700.0,33,11.22,0.909,1,0.386,0,95,36.65,33.84,98.56350553098748
6335,27,30000.0,260,21.15,0.808,7,0.2302,0,55,65.07,56.58,54.20527474705338
6336,24,45900.0,534,23.19,0.506,9,0.3834,0,55,43.79,33.09,54.26438914801917
6337,61,72200.0,746,20.86,0.804,20,0.6073,1,55,64.73,124.43,54.377840322779825
6338,32,83800.0,724,24.64,0.456,11,0.6668,1,55,37.52,104.73,54.126486841387184
6339,76,73400.0,21,19.16,2.857,2,0.3924,0,95,219.26,223.32,86.15512344514751
6340,56,95800.0,132,15.94,1.136,5,0.5627,1,95,65.22,161.94,94.07918104378207
6341,51,82400.0,57,25.26,0.526,1,0.4574,0,95,48.36,36.05,94.09506135322985
6342,41,51900.0,245,19.02,0.245,2,0.3346,0,55,18.24,17.43,55.46182927011791
6343,66,64300.0,811,20.98,0.703,19,0.5799,1,55,38.34,94.33,54.98421605212896
6344,41,70800.0,48,23.03,1.875,3,0.3852,1,95,192.66,278.04,96.74878345118515
6345,38,52200.0,1100,14.81,0.791,29,0.595,1,55,51.06,109.58,54.678883918277926
6346,75,101200.0,409,32.65,0.513,7,0.6748,1,35,69.56,96.85,45.653235308223756
6347,61,42900.0,55,16.48,1.091,2,0.2414,0,95,67.74,63.0,94.47496410601356
6348,51,70800.0,46,23.33,1.304,2,0.3846,0,95,122.44,129.36,96.56139549933827
6349,66,82600.0,27,21.03,1.111,1,0.4493,1,95,83.78,193.96,94.86698413377485
6350,55,58400.0,5,24.01,5.0,1,0.3045,0,95,484.12,498.43,93.09594119384921
6351,62,55100.0,1100,18.78,0.764,28,0.612,1,55,43.92,96.7,54.62649069013372
6352,41,60600.0,455,18.66,0.923,14,0.4473,1,55,58.74,118.43,54.37202679826445
6353,90,89100.0,541,29.4,0.832,15,0.6448,1,55,92.16,152.72,53.98484936371574
6354,45,52500.0,471,9.26,0.828,13,0.4034,1,55,42.75,103.24,54.271558306193796
6355,81,47800.0,1100,15.77,0.873,32,0.5686,1,55,46.25,101.75,54.54848707961781
6356,52,88600.0,1100,20.23,0.764,28,0.7825,0,55,64.49,76.68,53.64293375254098
6357,69,76200.0,29,23.3,1.034,1,0.4114,1,95,79.87,167.97,94.96841617683695
6358,67,88600.0,379,24.87,0.554,7,0.5945,1,55,55.31,98.13,54.02839053226196
6359,74,84700.0,726,22.65,0.785,19,0.6723,1,55,85.0,142.78,54.78431861705898
6360,41,108000.0,460,22.63,0.457,7,0.7232,1,35,45.37,76.49,45.679102604702884
6361,73,92000.0,322,23.68,0.652,7,0.5975,0,55,45.17,63.58,53.83137235235786
6362,86,56000.0,812,20.02,0.813,22,0.5298,1,55,65.45,115.04,54.885526402426294
6363,51,74100.0,16,20.22,5.0,4,0.3951,0,95,400.69,410.27,93.41846960097367
6364,56,53500.0,1100,23.56,0.627,23,0.6026,1,55,68.9,127.88,54.55277174594243
6365,46,53700.0,671,21.12,0.76,17,0.4719,1,55,63.4,103.66,54.495578901476655
6366,49,34100.0,3,15.21,5.0,1,0.1937,0,95,292.68,297.86,93.65785505240905
6367,84,64800.0,1053,7.99,0.741,26,0.6538,1,55,22.59,70.33,55.020293509791024
6368,38,73000.0,287,19.86,0.836,8,0.4711,0,55,60.84,84.12,54.18693651761848
6369,39,60400.0,599,22.21,0.751,15,0.4906,0,55,49.44,40.8,54.040251904615104
6370,82,47300.0,1100,15.7,0.873,32,0.5656,1,55,53.43,98.46,54.550516346247825
6371,66,35200.0,17,16.8,5.0,4,0.2007,1,95,336.04,408.47,93.54249530082461
6372,90,116300.0,32,26.32,5.0,7,0.6529,0,75,529.45,521.05,94.34991738112998
6373,47,70200.0,72,21.69,0.833,2,0.3888,1,95,80.41,181.93,96.56329565979249
6374,57,48100.0,29,24.22,1.034,1,0.2593,0,95,97.93,86.87,95.14881231403757
6375,44,72500.0,511,24.81,0.587,10,0.5376,1,55,46.24,105.65,53.9483267283252
6376,57,111400.0,168,20.23,0.536,3,0.6639,1,75,36.68,113.52,93.80136345764556
6377,25,72000.0,344,12.51,0.959,11,0.4826,0,55,47.84,37.34,54.930884664622496
6378,67,30000.0,668,16.71,0.853,19,0.3319,1,55,66.74,119.81,55.57779637999619
6379,60,120000.0,1100,33.84,0.818,30,0.8862,1,35,110.76,135.6,51.13682443122689
6380,54,30000.0,49,6.2,0.612,1,0.1869,1,95,14.12,116.97,96.62546771720403
6381,48,59300.0,263,17.85,0.57,5,0.3816,1,55,38.81,74.85,54.190090479352214
6382,40,38200.0,250,27.6,1.44,12,0.2654,0,55,158.91,165.54,54.58913985651005
6383,67,51900.0,209,16.44,0.431,3,0.3247,0,55,43.63,35.67,54.205909550261424
6384,35,67000.0,368,32.68,1.06,13,0.4594,1,55,137.89,193.31,54.087828461762115
6385,64,30000.0,262,10.38,0.916,8,0.2306,0,55,35.92,39.84,54.82214689082327
6386,90,70100.0,179,17.28,0.335,2,0.4203,1,95,23.46,119.13,85.95825304767814
6387,80,94100.0,417,20.6,0.504,7,0.6376,1,55,36.12,111.0,53.56107361643907
6388,29,42100.0,130,9.92,0.231,1,0.2551,0,95,0.0,0.0,96.26565231087378
6389,46,34000.0,204,6.64,0.882,6,0.2353,0,55,9.51,0.0,54.729520698736586
6390,62,63500.0,84,18.42,0.357,1,0.3538,0,95,20.49,41.48,95.79332774752008
6391,54,57700.0,96,19.38,2.188,7,0.3252,0,95,179.06,182.04,95.02411236470982
6392,31,47700.0,99,13.57,0.606,2,0.2744,0,95,42.23,43.03,93.91287991710605
6393,62,41400.0,299,13.83,1.003,10,0.2935,0,55,46.56,68.25,55.59524242413744
6394,55,75900.0,101,28.62,1.188,4,0.4314,0,95,134.74,120.95,95.11532018105099
6395,88,84100.0,110,27.47,2.182,8,0.4842,0,95,240.81,239.29,94.22633048734409
6396,51,41800.0,644,14.98,0.699,15,0.392,1,55,36.08,79.55,54.96084026017177
6397,75,49500.0,770,19.57,0.779,20,0.4768,0,55,71.45,69.69,55.360718866548446
6398,33,63500.0,112,11.34,0.268,1,0.3618,1,95,18.25,98.28,97.79260156718308
6399,38,41300.0,343,17.54,0.787,9,0.3045,0,55,58.1,58.36,54.18266751156488
6400,67,71200.0,370,20.37,1.054,13,0.4858,1,55,86.43,140.96,55.28873742220729
6401,73,99400.0,13,23.04,2.308,1,0.548,1,95,200.2,294.23,92.30023150772975
6402,39,60500.0,18,19.24,5.0,7,0.319,1,95,395.66,467.34,93.19193137488215
6403,55,39500.0,437,15.28,0.824,12,0.3201,0,55,55.01,62.07,54.309090325073
6404,32,68600.0,55,13.72,0.545,1,0.3745,0,95,33.18,30.27,96.14646771666824
6405,52,60700.0,449,27.5,0.869,13,0.446,1,55,89.69,170.37,54.01082275249952
6406,69,64600.0,187,24.44,0.16,1,0.3901,0,55,10.43,5.14,54.76108693720724
6407,48,73600.0,55,19.1,0.545,1,0.4037,0,95,45.59,38.66,95.88066775363444
6408,51,78700.0,809,13.0,0.63,17,0.6624,1,55,41.58,97.62,54.50934032029433
6409,36,61900.0,173,7.0,0.694,4,0.3703,1,95,33.23,115.33,97.20211075343937
6410,44,61500.0,131,29.25,0.687,3,0.356,0,95,74.5,86.19,95.54978958776533
6411,85,114300.0,345,26.28,1.043,12,0.7256,0,35,108.37,98.48,46.337399715210765
6412,56,90400.0,484,27.37,0.744,12,0.6359,1,55,64.7,110.89,53.671252461236996
6413,38,79100.0,98,17.12,0.306,1,0.4499,0,95,1.27,9.16,94.83309985700402
6414,50,66800.0,527,18.48,1.025,18,0.5076,1,55,79.96,137.08,55.57011691048244
6415,28,38500.0,23,14.49,1.304,1,0.2153,0,95,68.75,70.68,94.67673341643456
6416,38,85300.0,328,24.0,0.732,8,0.5592,1,55,54.49,95.89,53.340461975240224
6417,78,72600.0,292,21.34,0.822,8,0.4702,0,55,60.86,70.58,54.45066567546075
6418,53,52500.0,396,13.26,0.758,10,0.3812,1,55,42.95,87.63,54.037229628855385
6419,87,66300.0,718,15.28,0.794,19,0.5636,1,55,51.6,89.35,55.69870419430561
6420,53,44300.0,821,16.24,0.767,21,0.4608,0,55,36.73,40.42,54.56001046354644
6421,54,87000.0,1100,14.28,0.791,29,0.7757,1,55,55.07,107.92,53.899390402047686
6422,66,81500.0,571,18.11,0.63,12,0.6099,1,55,40.07,92.68,55.10590664861404
6423,18,61400.0,170,18.44,0.176,1,0.3666,0,95,15.18,21.87,94.29058179341622
6424,58,64700.0,662,21.69,0.725,16,0.5366,1,55,63.2,115.0,54.54237853032299
6425,54,50500.0,726,25.09,0.62,15,0.4693,0,55,62.13,44.64,54.78254654413487
6426,80,30000.0,726,12.12,0.661,16,0.3481,0,55,24.55,21.15,56.22578897631287
6427,71,38500.0,33,15.96,3.636,4,0.2174,0,95,231.93,234.81,85.5321518194873
6428,36,45600.0,1046,7.5,0.889,31,0.5386,1,55,28.82,85.61,54.50687011045902
6429,76,50400.0,267,19.23,1.124,10,0.3325,1,55,84.86,138.07,54.798245662551736
6430,51,70300.0,470,16.0,0.957,15,0.5114,1,55,62.06,141.17,55.10181242818448
6431,40,79000.0,1019,20.31,0.765,26,0.7197,1,55,70.96,142.56,54.090674599374964
6432,58,62900.0,436,21.81,0.963,14,0.4554,1,55,80.24,123.23,55.49349393641699
6433,52,94000.0,208,26.69,0.865,6,0.575,0,55,97.57,83.88,53.1691440137146
6434,81,53800.0,413,10.8,1.162,16,0.3938,0,55,48.52,61.78,54.982618860876514
6435,61,63400.0,846,23.52,0.638,18,0.5851,1,55,71.42,137.07,54.5984704124771
6436,58,64500.0,171,19.48,1.053,6,0.3848,1,95,70.8,180.6,95.8362334504471
6437,70,90900.0,51,29.97,0.588,1,0.5077,0,95,80.92,76.48,94.81405747817894
6438,74,71000.0,97,27.96,1.237,4,0.4009,0,95,134.09,132.49,95.64142196820575
6439,68,70400.0,1090,28.59,0.606,22,0.6942,1,55,86.2,123.41,54.90080395334889
6440,79,35000.0,151,8.13,0.199,1,0.2279,0,95,9.95,11.39,96.44145936491914
6441,65,48100.0,138,19.23,0.217,1,0.2862,0,95,23.49,17.11,94.20707527560945
6442,58,88600.0,371,15.4,0.809,10,0.5921,1,55,48.55,95.74,53.82987393279805
6443,76,30000.0,125,21.01,0.96,4,0.2017,0,95,86.12,95.36,94.56356059155989
6444,53,92800.0,497,31.14,1.207,20,0.6531,0,55,155.79,154.23,53.96277202233332
6445,56,75700.0,522,26.25,0.747,13,0.5605,0,55,77.3,85.54,53.782868726257064
6446,84,55100.0,654,16.14,0.872,19,0.4752,0,55,62.41,61.33,55.178530638307095
6447,83,53100.0,93,20.69,0.968,3,0.3001,0,95,53.22,58.71,94.91558944655783
6448,55,104800.0,127,22.96,1.181,5,0.6148,1,75,103.31,165.18,93.8403994665819
6449,47,93000.0,440,24.02,0.75,11,0.638,1,55,72.23,117.36,53.294295293633176
6450,80,67500.0,266,19.66,1.128,10,0.4311,1,55,92.72,152.25,55.10162963785753
6451,69,70600.0,215,10.6,0.279,2,0.4343,1,55,19.61,91.53,55.274769080892646
6452,60,52400.0,8,13.81,3.75,1,0.2749,0,95,205.13,209.79,84.93654994591388
6453,50,66800.0,62,31.37,1.452,3,0.3662,0,95,179.07,179.23,95.38272936610481
6454,61,52000.0,236,17.37,0.127,1,0.3327,1,55,15.8,85.82,55.363953706073865
6455,55,63400.0,800,20.31,0.9,24,0.5712,1,55,82.33,135.15,54.32744841800448
6456,44,100800.0,907,25.08,0.695,21,0.7925,1,35,75.64,102.68,49.291467664231746
6457,57,63400.0,223,17.46,0.269,2,0.3937,1,55,17.56,72.63,55.2934774501003
6458,60,44000.0,342,16.78,1.491,17,0.3185,0,55,120.46,124.19,54.58165229134227
6459,49,35100.0,384,13.23,0.781,10,0.2834,0,55,41.97,29.3,54.35869714989832
6460,70,70700.0,119,9.19,0.504,2,0.4058,1,95,20.26,116.55,98.10568333536338
6461,77,53400.0,38,21.94,2.368,3,0.2874,0,95,220.88,203.64,91.60071228536017
6462,71,73400.0,148,29.07,1.216,6,0.4307,0,95,153.62,150.62,95.22000210509259
6463,50,30000.0,107,8.68,1.682,6,0.1982,0,95,64.06,62.49,96.93222789255374
6464,68,82100.0,328,20.25,0.366,4,0.5397,1,55,22.43,77.11,54.68413843840208
6465,56,42900.0,384,23.93,0.859,11,0.324,1,55,83.12,118.54,53.91785586882675
6466,34,61800.0,196,15.41,0.612,4,0.3764,1,55,41.86,97.87,53.766989465136575
6467,66,60100.0,320,20.95,0.469,5,0.4032,1,55,54.92,118.66,54.44224304156183
6468,57,101500.0,202,46.86,0.743,5,0.6176,1,35,162.87,211.95,46.029696958715256
6469,90,75600.0,180,24.5,0.167,1,0.4539,1,55,11.57,81.1,57.46611077185781
6470,80,110900.0,158,26.98,1.329,7,0.6584,1,75,150.25,225.5,93.80338254012382
6471,67,79200.0,1100,26.29,0.736,27,0.7405,1,55,70.88,150.66,53.841091693398795
6472,59,95700.0,101,28.24,0.297,1,0.5526,1,95,32.55,119.95,94.73042425163102
6473,58,61200.0,208,15.87,0.721,5,0.3765,1,55,38.83,86.55,53.93691347675376
6474,38,68900.0,424,11.65,0.708,10,0.4885,0,55,46.35,46.53,53.82445043506725
6475,25,84600.0,21,25.66,5.0,4,0.4597,1,95,515.1,618.37,93.37793285016782
6476,40,81000.0,143,25.87,0.21,1,0.4755,1,95,24.08,125.51,93.59166975747209
6477,54,76000.0,21,19.91,1.429,1,0.4078,0,95,114.2,90.52,95.75781996776344
6478,19,50900.0,10,25.86,3.0,1,0.2681,1,95,313.33,398.69,86.4372021945333
6479,46,59900.0,83,26.21,0.361,1,0.3336,0,95,41.13,48.8,94.86279824898415
6480,51,88100.0,211,27.09,0.853,6,0.5402,1,55,86.95,133.06,53.38970351621618
6481,51,92500.0,552,22.48,0.652,12,0.6668,1,55,45.13,98.84,54.05244263361407
6482,44,50300.0,192,7.09,0.156,1,0.3116,1,55,0.0,58.59,55.292434139320164
6483,49,48200.0,151,16.36,0.993,5,0.29,0,95,52.1,56.93,93.65894346400819
6484,84,51800.0,376,8.59,1.117,14,0.3713,1,55,39.94,103.55,54.730484215002996
6485,66,84600.0,973,10.9,0.74,24,0.7357,1,55,25.73,93.44,53.703454906987304
6486,45,43500.0,81,19.76,0.741,2,0.2501,0,95,66.41,72.74,94.15822501004612
6487,54,82000.0,261,28.16,0.69,6,0.5183,1,55,79.65,122.37,53.59555093543353
6488,55,76500.0,17,11.72,1.765,1,0.4095,0,95,68.06,73.92,96.59470081907328
6489,42,51000.0,759,16.37,0.87,22,0.4826,0,55,53.68,64.5,54.826483822105224
6490,42,95200.0,247,24.19,0.729,6,0.594,1,55,53.56,113.09,52.57740093127088
6491,72,37700.0,65,14.19,0.462,1,0.2209,0,95,17.07,29.97,94.41758029254419
6492,48,98500.0,163,17.88,1.472,8,0.5884,1,95,101.36,198.73,93.95057375185935
6493,36,67900.0,240,26.84,1.125,9,0.4256,0,55,113.22,111.95,54.53743899110044
6494,54,30000.0,135,7.75,1.111,5,0.2038,0,95,49.52,41.05,96.53533031259774
6495,57,98800.0,382,15.07,0.079,1,0.6541,1,55,10.75,86.1,50.724605346937125
6496,21,78600.0,498,14.92,0.723,12,0.5707,0,55,40.53,30.07,53.99043411976425
6497,54,55800.0,7,20.78,5.0,3,0.2916,0,95,427.02,426.97,93.20126129185789
6498,70,47700.0,187,15.82,0.963,6,0.2968,0,55,53.14,49.58,55.178672759380966
6499,63,33600.0,491,11.19,0.794,13,0.3034,0,55,32.88,19.54,54.99901765216737
6500,90,120000.0,456,30.64,0.921,14,0.7774,1,35,119.71,163.59,45.79346944804117
6501,76,49800.0,344,19.13,0.785,9,0.3508,0,55,51.14,56.13,54.34206950154588
6502,80,43500.0,610,4.99,0.934,19,0.3919,0,55,24.12,26.56,55.41044341428502
6503,90,77600.0,153,24.23,0.784,4,0.4577,1,95,78.33,167.05,94.08777339027569
6504,68,33200.0,794,20.89,0.756,20,0.3861,1,55,67.88,128.51,54.97083619615329
6505,58,45000.0,26,16.13,3.462,3,0.2442,0,95,237.75,235.14,85.82062036308689
6506,72,89300.0,91,22.22,0.33,1,0.5103,0,95,32.97,37.78,93.7923616119665
6507,45,72700.0,20,30.37,1.5,1,0.388,1,95,183.23,292.59,95.09011433485257
6508,57,57300.0,278,15.05,0.755,7,0.3744,1,55,33.47,64.04,54.453969239712876
6509,44,63200.0,482,18.65,0.871,14,0.4715,0,55,66.66,76.68,54.11637548599123
6510,62,57100.0,188,20.22,1.117,7,0.3475,1,55,86.5,165.24,54.630740481248125
6511,44,61500.0,113,19.47,1.593,6,0.3508,0,95,123.08,140.29,95.79004274721434
6512,43,46600.0,102,15.63,0.588,2,0.2698,0,95,32.97,40.7,93.76229736344071
6513,62,54200.0,375,18.58,0.72,9,0.3849,0,55,57.44,69.68,54.145089699753534
6514,53,51800.0,212,25.61,0.566,4,0.325,1,55,50.06,96.56,53.02034285824513
6515,22,43200.0,1100,20.52,0.764,28,0.5407,0,55,64.41,66.81,54.45615658754415
6516,30,81900.0,344,21.91,0.349,4,0.5434,1,55,22.25,75.75,53.94767353947276
6517,35,77200.0,430,17.26,0.767,11,0.5413,1,55,38.56,88.89,53.23936556834117
6518,40,42400.0,23,12.7,5.0,9,0.232,0,95,251.27,261.15,93.6779434161552
6519,62,41300.0,1100,20.95,0.627,23,0.529,1,55,56.25,109.28,54.78367549140432
6520,59,62500.0,160,11.41,0.75,4,0.37,0,95,28.01,9.47,96.93096089640063
6521,73,113900.0,1100,39.1,0.791,29,0.8702,1,35,124.81,164.19,51.19524855168866
6522,68,46000.0,162,16.74,1.111,6,0.2818,0,95,71.49,71.21,94.41866182337803
6523,73,65200.0,653,12.89,0.597,13,0.5369,0,55,22.5,29.43,55.908966546177275
6524,65,68900.0,2,21.24,5.0,2,0.3609,0,95,429.26,425.16,93.4572916016341
6525,59,63500.0,194,15.52,0.464,3,0.3857,0,55,23.59,6.37,53.87429980144807
6526,74,59200.0,123,16.79,0.244,1,0.3408,1,95,19.38,104.64,94.62796136180296
6527,71,92500.0,101,16.32,1.485,5,0.533,1,95,85.26,171.11,94.24906369317328
6528,61,75700.0,145,20.16,1.241,6,0.4437,1,95,101.17,185.89,94.92063017705239
6529,77,87200.0,141,12.47,0.213,1,0.5129,1,95,15.62,104.99,94.17379961260666
6530,18,70000.0,325,17.5,0.554,6,0.4645,1,55,41.59,103.87,54.109529601600165
6531,50,82800.0,90,18.28,0.333,1,0.47,0,95,31.49,17.68,94.59806238273092
6532,50,97300.0,187,22.08,0.16,1,0.5884,0,55,19.3,28.13,52.32922844242924
6533,75,97000.0,78,20.73,1.538,4,0.5534,1,95,129.92,212.23,94.34765844534769
6534,82,119200.0,117,28.05,1.282,5,0.6919,1,75,150.61,221.8,94.90350435292844
6535,30,85600.0,580,27.28,0.724,14,0.6362,1,55,76.01,130.66,53.65530703996175
6536,79,55700.0,1,20.16,5.0,1,0.2896,0,95,407.37,404.37,93.17787739304477
6537,35,78800.0,963,28.32,0.748,24,0.7044,0,55,84.91,91.13,53.59076257100824
6538,36,76100.0,161,18.92,0.932,5,0.4511,0,95,85.34,84.25,94.452396345174
6539,51,104500.0,184,27.3,0.163,1,0.6297,1,35,19.99,53.42,47.507307647674025
6540,50,43700.0,1031,18.38,0.786,27,0.5223,1,55,47.5,78.74,54.45405694678129
6541,29,71500.0,258,26.48,0.349,3,0.4529,0,55,38.99,43.0,53.788726397755376
6542,66,52900.0,1072,14.28,0.812,29,0.5907,1,55,38.77,112.56,54.57036957412718
6543,67,78200.0,219,25.67,0.274,2,0.4819,1,55,33.96,84.04,54.59641930336112
6544,73,64100.0,18,15.33,1.667,1,0.3386,1,95,108.19,209.8,96.60474540517372
6545,48,73700.0,173,18.21,0.694,4,0.4402,0,95,45.68,37.44,94.75240900119188
6546,54,35200.0,247,13.49,0.729,6,0.2506,1,55,31.03,95.89,54.183045429801325
6547,54,81500.0,908,24.49,0.76,23,0.704,0,55,75.51,80.7,52.6872191494039
6548,84,75100.0,653,15.83,0.643,14,0.5966,0,55,33.48,29.82,55.41342971269837
6549,18,60800.0,20,14.38,1.5,1,0.3212,1,95,79.57,170.25,96.02991812732404
6550,39,102800.0,258,22.19,0.814,7,0.6413,0,35,68.2,74.66,46.01077755452972
6551,55,57000.0,780,18.79,0.885,23,0.526,1,55,71.51,126.92,54.69798375490667
6552,37,68600.0,607,15.61,0.791,16,0.5435,0,55,37.52,25.2,54.33396158803155
6553,51,66300.0,44,21.26,0.682,1,0.3582,1,95,51.96,131.68,96.34823548315644
6554,53,68800.0,460,18.53,0.457,7,0.499,0,55,53.06,58.95,54.14519165616466
6555,44,109500.0,1017,29.71,0.619,21,0.8443,1,35,89.19,116.56,50.61336081162199
6556,56,66500.0,487,20.29,0.801,13,0.4933,0,55,74.69,75.04,54.220079658188325
6557,66,55300.0,844,27.06,0.818,23,0.5355,1,55,88.89,149.77,54.20229949659148
6558,51,103500.0,646,26.13,0.604,13,0.7468,1,35,69.15,92.12,45.922159549048736
6559,47,56900.0,284,12.44,0.845,8,0.3739,1,55,38.97,83.83,54.72627012739405
6560,52,30700.0,183,13.54,0.656,4,0.2165,0,55,13.89,30.12,54.11417375549111
6561,55,49400.0,112,17.52,1.339,5,0.2861,0,95,89.28,85.15,94.84476655534114
6562,25,32800.0,66,10.38,1.818,4,0.201,0,95,71.69,81.88,97.10494293865871
6563,63,30000.0,88,22.09,0.341,1,0.1944,0,95,30.36,55.43,94.63544765473466
6564,47,55800.0,665,16.82,0.902,20,0.4829,0,55,64.55,66.94,54.80078021277677
6565,76,67700.0,158,16.93,0.949,5,0.3997,0,95,77.47,68.85,95.57922082693025
6566,65,91800.0,582,24.68,0.67,13,0.6713,0,55,66.4,67.67,54.36038576877437
6567,75,82200.0,579,17.8,0.674,13,0.6163,0,55,39.96,38.07,55.19436235133699
6568,38,73900.0,289,25.92,0.727,7,0.4772,1,55,73.81,129.48,53.391248841267796
6569,49,45000.0,754,20.58,0.676,17,0.4444,0,55,60.8,67.97,54.969010728045724
6570,34,79400.0,220,22.56,0.409,3,0.4896,1,55,36.01,99.33,53.351641269029415
6571,43,91800.0,537,26.73,0.615,11,0.6588,1,55,59.33,94.28,53.775764555224846
6572,76,77500.0,1016,19.13,0.65,22,0.7114,1,55,53.93,120.83,54.717178224617946
6573,80,78900.0,332,14.32,1.084,12,0.5213,0,55,52.95,55.69,54.980731994990386
6574,35,34400.0,252,13.53,0.714,6,0.248,0,55,31.61,25.88,54.214195529719134
6575,47,85500.0,1100,20.32,0.927,34,0.7692,0,55,78.68,86.02,53.77865954965465
6576,54,102200.0,1052,15.15,0.77,27,0.8256,1,35,40.38,64.88,51.69713571316955
6577,65,73800.0,1100,15.78,0.791,29,0.7142,0,55,47.11,37.07,54.992397509590646
6578,25,46500.0,251,10.82,0.359,3,0.3073,1,55,15.66,81.25,54.83700759038709
6579,28,56200.0,379,13.16,0.712,9,0.3978,1,55,37.14,92.81,53.68265242951072
6580,63,57800.0,913,25.34,0.756,23,0.5719,0,55,68.89,84.56,54.071325993256735
6581,22,50800.0,50,20.18,0.6,1,0.2775,0,95,51.06,44.2,94.6797824319691
6582,47,77000.0,327,26.37,0.642,7,0.5081,0,55,60.38,63.29,53.57706597573667
6583,58,71500.0,459,23.27,0.85,13,0.5153,0,55,92.32,96.2,53.517004408075756
6584,62,87500.0,357,28.54,0.84,10,0.5813,1,55,92.68,151.74,54.22373403396465
6585,53,72400.0,280,20.99,0.321,3,0.4652,1,55,31.81,93.02,55.12200586524292
6586,49,45700.0,735,24.43,0.776,19,0.4428,0,55,81.7,86.29,54.44704567120928
6587,69,57300.0,73,12.44,1.233,3,0.3168,0,95,58.52,58.71,95.82243423781223
6588,60,54200.0,131,17.79,0.458,2,0.3159,0,95,24.85,5.44,94.10933087721726
6589,44,58900.0,699,13.71,0.644,15,0.5125,1,55,41.15,104.8,55.38292741038575
6590,56,102900.0,156,31.64,0.962,5,0.6122,0,75,110.37,86.63,94.7975205940731
6591,62,107500.0,739,28.22,0.447,11,0.7851,1,35,40.3,62.96,46.07817829026305
6592,84,88400.0,4,29.19,5.0,1,0.4777,0,95,588.66,581.61,96.93236626690268
6593,68,70100.0,226,13.5,1.46,11,0.4346,1,55,77.23,141.27,54.81264365161943
6594,76,40600.0,104,13.08,0.288,1,0.2422,0,95,9.41,7.19,94.31311027602956
6595,45,67600.0,129,11.22,1.395,6,0.3905,1,95,58.62,172.37,98.19308057158337
6596,46,46600.0,1038,18.8,0.809,28,0.5423,0,55,54.47,40.6,54.54426962857777
6597,51,98400.0,165,22.62,0.182,1,0.5884,1,95,33.92,117.92,93.53475112530901
6598,53,30900.0,39,18.41,2.308,3,0.1884,0,95,178.11,155.6,91.3932699892166
6599,38,69700.0,683,20.61,0.878,20,0.5734,1,55,65.79,109.32,53.9862884069505
6600,77,51000.0,841,7.0,0.606,17,0.5081,0,55,14.47,8.14,55.32608903243725
6601,70,67800.0,217,11.87,0.415,3,0.418,0,55,24.48,39.13,54.31240329736685
6602,50,78000.0,124,22.11,0.726,3,0.4512,0,95,56.4,66.86,94.32347778374054
6603,66,88700.0,18,25.63,5.0,3,0.4839,0,95,508.13,510.51,93.45561672870626
6604,59,64500.0,657,8.59,0.685,15,0.5339,0,55,21.15,18.04,55.18135690574868
6605,67,83400.0,483,22.09,0.745,12,0.5948,0,55,58.78,66.42,54.21176635595679
6606,32,46500.0,341,11.89,0.616,7,0.3317,0,55,38.07,50.8,54.04263640813871
6607,53,69800.0,322,14.92,0.745,8,0.4623,0,55,38.75,32.28,54.290399420119186
6608,54,85800.0,692,19.59,0.867,20,0.6689,0,55,67.01,61.53,54.43278660716872
6609,66,74200.0,77,21.75,0.779,2,0.4139,0,95,68.71,64.39,95.47095944149423
6610,44,51700.0,256,14.22,0.586,5,0.3366,0,55,46.02,28.68,54.14875570349548
6611,18,51700.0,530,7.82,0.736,13,0.4164,0,55,22.33,34.44,54.48284967746635
6612,37,82700.0,184,22.98,0.326,2,0.4986,0,55,47.06,41.23,54.50118486540233
6613,54,41900.0,718,14.53,0.627,15,0.4147,0,55,33.54,30.65,55.421877793294065
6614,56,45400.0,252,12.12,1.19,10,0.3019,0,55,55.92,70.48,54.8467561065278
6615,84,83400.0,296,20.97,1.216,12,0.5377,0,55,109.49,104.1,55.08976123328512
6616,65,57800.0,381,16.93,0.315,4,0.4079,1,55,36.69,104.35,55.38904004345812
6617,56,34700.0,770,15.43,0.818,21,0.3877,0,55,48.37,30.89,55.05909490418834
6618,54,93200.0,27,22.74,3.333,3,0.5144,0,95,313.06,318.67,86.01160428433548
6619,74,45700.0,747,17.68,0.602,15,0.4465,1,55,49.35,99.9,56.042663418021085
6620,45,58800.0,4,18.58,5.0,1,0.3063,0,95,365.51,349.72,93.20541629085234
6621,53,51600.0,555,21.84,0.649,12,0.4234,0,55,56.55,45.2,54.3614957824814
6622,36,54900.0,29,26.16,5.0,6,0.2927,0,95,522.87,524.28,94.03191047342642
6623,79,51200.0,918,17.6,0.915,28,0.5333,1,55,56.16,101.56,54.33083249606597
6624,62,81400.0,631,19.1,0.618,13,0.6269,1,55,48.53,107.36,55.1408739033186
6625,43,64900.0,177,12.55,0.169,1,0.3889,0,95,9.12,1.67,94.85362381702627
6626,53,85300.0,685,26.03,0.832,19,0.6642,1,55,89.63,128.43,53.795988055229195
6627,64,54000.0,181,13.59,0.994,6,0.3284,1,55,54.59,119.29,55.758640905100755
6628,51,109000.0,893,38.09,0.873,26,0.8212,1,35,127.67,165.62,49.4005353189907
6629,46,30000.0,1017,28.4,0.649,22,0.4341,0,55,93.3,75.27,54.42546590031097
6630,44,30000.0,169,13.43,1.065,6,0.2107,0,95,58.95,65.48,94.14686218644759
6631,61,103000.0,145,17.12,0.207,1,0.6096,0,75,24.57,25.8,93.7898281903962
6632,49,73800.0,322,24.34,0.932,10,0.4869,0,55,94.24,89.93,54.493126058073344
6633,47,70600.0,40,31.08,0.75,1,0.3817,1,95,105.3,196.38,95.38319325477583
6634,32,69500.0,1100,13.86,0.9,33,0.6921,1,55,43.69,112.09,54.950252210324784
6635,56,77200.0,563,31.07,0.799,15,0.582,1,55,98.59,156.78,53.49011802222147
6636,52,70700.0,601,11.36,0.699,14,0.5544,0,55,28.18,42.07,54.69862633250045
6637,50,43700.0,518,9.28,0.753,13,0.3661,1,55,23.38,83.13,54.760778051942964
6638,58,82800.0,1,23.96,5.0,1,0.4426,1,95,481.34,578.69,93.33431922561364
6639,68,81500.0,612,27.31,0.588,12,0.622,1,55,62.26,109.69,54.639210067310486
6640,67,97400.0,411,24.28,1.168,16,0.6545,1,55,102.02,158.6,51.33891940260732
6641,64,103800.0,1083,27.82,0.886,32,0.8366,1,35,96.17,141.38,51.133211293759075
6642,51,71100.0,412,26.19,0.728,10,0.4983,0,55,73.18,73.99,53.800813853554715
6643,45,37200.0,118,21.68,1.271,5,0.2302,0,95,117.27,136.63,94.95970982568723
6644,37,98600.0,612,21.68,1.029,21,0.7147,1,55,77.66,142.85,50.20833687024074
6645,45,41600.0,321,11.92,1.121,12,0.3003,0,55,49.35,37.36,54.79547403603722
6646,55,72100.0,309,26.08,0.68,7,0.4724,0,55,64.93,60.09,53.72234224984965
6647,42,57000.0,113,20.82,0.796,3,0.3261,1,95,72.25,173.98,94.45189695594965
6648,57,56400.0,1011,21.4,0.593,20,0.5932,0,55,46.4,31.13,54.74619197780029
6649,39,77900.0,194,18.38,1.082,7,0.4723,1,55,87.92,141.75,54.742186969538025
6650,27,64500.0,27,22.87,4.444,4,0.3433,0,95,406.16,396.83,87.38530562195358
6651,69,78600.0,91,16.32,1.978,6,0.4447,0,95,133.04,133.45,95.09795245758336
6652,47,46300.0,64,18.18,1.875,4,0.2592,0,95,145.2,135.95,95.25913267884211
6653,41,58500.0,19,19.33,3.158,2,0.3087,0,95,234.56,245.09,85.98818991287762
6654,36,45000.0,43,17.34,0.698,1,0.2482,1,95,46.44,136.34,94.39006907305615
6655,62,62200.0,139,23.24,0.863,4,0.3622,0,95,83.59,90.24,95.07189686592632
6656,78,67100.0,71,14.96,0.423,1,0.3705,0,95,26.9,11.96,95.8003299171957
6657,48,102300.0,209,28.73,1.005,7,0.6243,1,35,105.12,137.07,46.24504256431483
6658,51,58800.0,1100,18.92,0.682,25,0.6334,0,55,57.19,44.39,55.00719191918274
6659,73,30000.0,583,10.54,0.823,16,0.3089,0,55,35.08,47.01,55.3234292871883
6660,24,88100.0,529,16.61,0.964,17,0.6357,0,55,65.07,57.33,55.136556316557595
6661,88,81000.0,37,31.59,1.622,2,0.4427,1,95,203.19,297.31,94.81189210544619
6662,90,69200.0,239,20.03,0.879,7,0.4331,0,55,44.97,48.49,54.578907264795966
6663,18,48400.0,401,15.49,0.973,13,0.3591,1,55,64.65,112.19,55.08611531591626
6664,53,44700.0,304,10.99,1.283,13,0.312,0,55,61.1,49.1,54.741787439679086
6665,43,103300.0,367,30.94,0.736,9,0.6746,1,35,87.72,124.57,45.76043225637116
6666,50,65100.0,318,24.82,0.943,10,0.4325,0,55,81.74,62.42,55.04689871701455
6667,48,30000.0,467,18.59,1.028,16,0.2789,1,55,72.16,140.58,55.73242634249625
6668,69,74700.0,1100,20.9,0.818,30,0.7187,1,55,76.34,129.98,54.78117078594598
6669,53,89900.0,136,27.24,0.221,1,0.528,1,95,20.82,101.08,93.67276369603553
6670,40,65300.0,127,15.68,0.236,1,0.3765,0,95,14.98,12.34,95.43005408258388
6671,52,45500.0,89,17.91,1.348,4,0.2614,0,95,93.9,99.68,94.88647250954858
6672,64,46000.0,115,16.63,0.522,2,0.2701,0,95,37.25,29.08,93.86688526019567
6673,35,41700.0,177,17.59,1.525,9,0.2645,0,95,96.76,77.34,93.99941750498142
6674,27,91400.0,431,14.64,1.114,16,0.6262,1,55,63.62,117.38,54.28551773908793
6675,89,70300.0,253,29.89,0.593,5,0.4441,0,55,79.67,87.28,53.56236128945253
6676,44,30000.0,849,22.59,0.636,18,0.3836,1,55,50.13,107.46,54.54984079488891
6677,53,72700.0,128,15.15,0.469,2,0.4204,1,95,26.22,125.25,95.24136477634177
6678,48,66600.0,529,22.88,0.681,12,0.507,1,55,70.75,135.32,54.44940654874051
6679,64,57400.0,340,11.18,1.147,13,0.3933,1,55,57.27,128.1,54.77187856909723
6680,85,49600.0,63,17.86,0.476,1,0.2748,0,95,37.62,10.69,94.9893813731675
6681,65,44700.0,477,5.73,0.881,14,0.36,0,55,23.3,10.06,54.57546125860026
6682,29,82600.0,312,20.93,1.154,12,0.5378,0,55,99.6,101.28,54.59681209047629
6683,31,65400.0,545,17.37,0.881,16,0.5046,0,55,59.37,62.14,54.18851440484008
6684,48,73700.0,690,26.84,0.826,19,0.5994,1,55,97.5,137.01,53.89735159531295
6685,50,69100.0,110,28.71,0.545,2,0.3936,0,95,58.84,51.02,95.37373125047245
6686,26,66100.0,496,28.37,1.089,18,0.4936,0,55,115.63,132.85,54.190056070600434
6687,69,58000.0,230,24.49,0.652,5,0.3645,0,55,52.8,49.26,53.58215324937442
6688,37,57100.0,11,18.98,5.0,3,0.2993,1,95,374.67,471.77,93.20126129185789
6689,80,94500.0,19,26.12,1.579,1,0.5199,0,95,159.94,177.85,92.99174368983822
6690,86,100900.0,605,27.05,0.496,10,0.7244,1,35,47.98,83.92,45.82905040429005
6691,51,38500.0,586,9.87,0.717,14,0.3561,0,55,18.9,26.78,54.83335633248707
6692,62,62000.0,33,25.03,0.909,1,0.3312,0,95,94.0,99.71,95.95333631361932
6693,34,78400.0,297,25.21,0.707,7,0.5074,1,55,63.72,115.36,53.09167862846637
6694,66,106700.0,276,29.69,0.543,5,0.6681,0,35,68.87,64.94,45.67659339341039
6695,47,100800.0,974,13.71,0.801,26,0.8059,1,35,49.69,96.51,51.264249040946936
6696,37,44700.0,453,18.97,0.927,14,0.3531,1,55,90.92,145.84,54.646828733540524
6697,50,90800.0,879,28.65,0.717,21,0.7425,1,55,78.53,123.44,52.93601142947722
6698,47,64600.0,644,19.61,0.699,15,0.5304,1,55,53.55,119.38,55.014128739105715
6699,49,85700.0,171,20.35,0.175,1,0.513,0,95,8.27,0.0,93.96163109562228
6700,71,84800.0,119,15.91,1.008,4,0.4913,1,95,54.78,165.56,94.25125477455478
6701,42,35900.0,49,8.21,3.061,5,0.21,0,95,97.16,95.3,91.85804656741843
6702,84,82300.0,310,23.12,1.161,12,0.5353,0,55,101.16,101.24,54.939298208559634
6703,32,81500.0,25,21.05,1.2,1,0.442,1,95,91.57,187.4,95.17369016468932
6704,82,70000.0,1100,19.26,0.9,33,0.6947,1,55,71.23,139.54,54.84340195659462
6705,38,56400.0,570,26.1,0.684,13,0.4571,0,55,62.83,64.58,54.12807626931938
6706,55,32000.0,332,8.52,0.452,5,0.2557,0,55,19.93,19.7,54.26125920837943
6707,47,77800.0,103,19.94,0.291,1,0.4435,1,95,30.06,115.53,94.83791595535541
6708,49,68200.0,839,28.7,0.644,18,0.6114,1,55,67.01,114.88,54.40882349368244
6709,69,48400.0,693,15.7,0.779,18,0.4463,0,55,60.11,66.53,55.61090544514642
6710,80,63200.0,15,19.81,2.0,1,0.3328,1,95,161.69,258.92,96.5366019089471
6711,75,72200.0,540,19.95,0.667,12,0.5447,1,55,52.64,124.51,55.07030976485829
6712,48,51900.0,146,21.31,0.205,1,0.3078,1,95,3.25,90.1,94.06377963802775
6713,58,65700.0,900,9.58,0.633,19,0.6148,0,55,10.55,0.0,54.809669045447784
6714,42,30000.0,28,13.48,1.071,1,0.183,0,95,70.33,73.33,94.43415492842446
6715,38,89900.0,110,23.76,1.636,6,0.5199,1,95,166.04,260.19,94.34855023133906
6716,36,61500.0,1100,14.23,0.9,33,0.6487,1,55,64.03,107.04,54.78823863538743
6717,48,40500.0,179,17.79,1.676,10,0.2592,0,95,134.12,128.93,83.65232904089599
6718,59,30000.0,143,18.43,1.259,6,0.2054,1,95,103.81,205.86,95.08036943351962
6719,22,80000.0,4,24.26,5.0,1,0.4266,0,95,487.11,473.9,93.3450799275126
6720,54,76500.0,406,30.37,0.591,8,0.5296,1,55,76.27,119.9,53.58304218056693
6721,81,74600.0,35,19.02,2.571,3,0.4037,1,95,190.13,277.84,86.32634481161094
6722,74,86900.0,392,25.53,0.689,9,0.5883,1,55,72.27,120.19,54.22677629557983
6723,45,81100.0,178,24.55,1.011,6,0.4869,1,95,105.25,208.18,92.32064736064231
6724,31,64300.0,223,18.47,1.48,11,0.399,1,55,115.46,164.91,54.82847519901451
6725,63,61300.0,188,24.86,0.798,5,0.3712,0,55,78.35,94.66,53.61952032941673
6726,18,48800.0,227,18.76,1.718,13,0.313,0,55,112.68,102.25,54.84165653947643
6727,74,77600.0,522,15.63,0.575,10,0.572,1,55,23.84,82.49,54.862857787516404
6728,51,93500.0,285,27.78,0.842,8,0.5953,1,55,97.37,151.97,53.55046131330737
6729,86,69000.0,1078,17.85,0.779,28,0.6836,1,55,51.58,106.61,54.91781620504519
6730,26,90200.0,912,21.92,0.658,20,0.7475,1,55,63.02,93.4,53.294905642230404
6731,71,76000.0,936,20.16,0.833,26,0.6826,1,55,57.44,101.46,54.081651370955285
6732,53,72600.0,1100,24.57,0.873,32,0.7081,1,55,96.69,150.02,54.510804859285834
6733,49,114300.0,30,32.54,5.0,7,0.6411,1,75,643.3,698.6,96.96805804326252
6734,32,95100.0,723,23.47,0.788,19,0.7252,1,55,85.79,111.56,52.97922112379975
6735,65,102300.0,57,24.26,0.526,1,0.579,1,75,38.63,101.28,93.6988004010154
6736,66,50500.0,137,7.34,1.095,5,0.2981,0,95,36.98,40.35,96.79352953412702
6737,85,117000.0,64,24.0,1.875,4,0.6658,1,75,172.55,252.32,94.12577006827098
6738,72,66700.0,147,15.27,0.612,3,0.3905,1,95,37.31,120.07,95.36392489908582
6739,45,58200.0,68,20.29,0.882,2,0.3203,0,95,80.19,78.18,95.38500098932624
6740,38,30000.0,597,13.96,0.653,13,0.3126,0,55,43.68,47.91,55.059322885226074
6741,32,67300.0,795,15.55,0.717,19,0.593,0,55,38.01,51.26,54.60444538362504
6742,80,47200.0,859,17.84,0.873,25,0.4904,1,55,57.4,125.26,54.40877279182636
6743,42,71000.0,347,20.31,1.124,13,0.4774,1,55,78.73,142.84,54.37084298279605
6744,80,45600.0,467,4.14,0.514,8,0.3622,0,55,0.0,0.0,54.644489633002024
6745,64,104600.0,452,31.23,0.664,10,0.7041,1,35,76.28,110.78,45.692122661780566
6746,61,77800.0,398,26.72,0.377,5,0.535,0,55,33.46,34.17,53.949626076192004
6747,50,111900.0,84,25.6,2.857,8,0.643,0,75,280.51,278.34,86.54620037136074
6748,66,45700.0,505,18.62,0.891,15,0.3738,1,55,64.72,105.95,54.77899108437239
6749,55,97500.0,8,23.0,3.75,1,0.5348,0,95,344.74,359.15,84.98683374456729
6750,49,30000.0,939,6.48,0.735,23,0.4104,0,55,18.94,23.27,54.55061814798701
6751,67,71800.0,18,31.59,1.667,1,0.3822,0,95,204.25,212.95,95.07265701775965
6752,53,51300.0,788,21.44,0.647,17,0.4935,0,55,50.85,57.46,54.70822632398063
6753,41,52800.0,791,22.62,0.872,23,0.5036,0,55,76.36,72.03,54.30085113890588
6754,65,56200.0,856,17.01,0.841,24,0.5447,0,55,63.76,48.77,54.6237434675875
6755,54,45600.0,821,22.47,0.767,21,0.4687,0,55,63.52,71.03,54.1792287382417
6756,63,40100.0,311,9.16,0.579,6,0.29,0,55,7.78,14.65,54.49139964007505
6757,47,54100.0,14,16.89,2.143,1,0.2848,0,95,142.21,145.11,95.0762288294079
6758,34,63200.0,1100,23.18,0.764,28,0.6582,1,55,67.35,143.87,54.67888764884238
6759,84,95200.0,30,21.15,1.0,1,0.5276,0,95,71.68,66.02,94.07114408434697
6760,81,76400.0,341,26.01,0.792,9,0.5088,1,55,79.21,131.06,54.28081756459213
6761,70,92500.0,618,25.39,0.825,17,0.6848,1,55,76.71,133.77,54.175501662335485
6762,48,32600.0,239,15.94,0.126,1,0.2369,0,55,7.41,2.44,55.72542626729944
6763,50,54900.0,154,14.63,0.39,2,0.3259,0,95,26.18,23.83,94.00900168655586
6764,78,84500.0,107,24.7,0.841,3,0.4858,1,95,78.8,184.12,93.69235556682521
6765,49,71000.0,229,30.31,1.31,10,0.441,0,55,162.91,156.44,54.20658937200089
6766,44,44700.0,78,17.58,1.538,4,0.255,1,95,105.7,194.91,94.90332141233273
6767,87,91000.0,1100,26.43,0.736,27,0.7923,1,55,75.69,136.47,53.32372764122266
6768,54,53600.0,3,21.56,5.0,1,0.2796,0,95,428.73,415.53,93.35760499379225
6769,85,54700.0,71,12.48,0.423,1,0.3026,0,95,19.56,18.75,95.13184938955798
6770,31,70400.0,317,19.9,1.041,11,0.4644,0,55,71.85,70.51,55.2767641407507
6771,64,66900.0,332,19.22,0.904,10,0.4477,0,55,54.87,61.13,54.74339673166944
6772,90,61000.0,663,8.53,0.905,20,0.5142,1,55,39.82,102.86,55.36390804486573
6773,56,53500.0,862,21.97,0.592,17,0.53,1,55,53.72,107.12,54.62282916305857
6774,51,41700.0,140,11.6,0.214,1,0.2556,0,95,5.59,4.73,95.03046283083515
6775,35,52700.0,504,21.3,0.774,13,0.4146,0,55,74.45,74.1,53.92629535290543
6776,73,91700.0,307,19.96,0.879,9,0.5912,0,55,93.09,90.02,54.43036653500964
6777,42,67500.0,337,30.34,1.424,16,0.4529,1,55,160.82,228.74,54.063089280806395
6778,53,84700.0,151,21.31,0.199,1,0.5007,1,95,16.65,116.67,93.96398108155094
6779,34,71600.0,402,30.35,0.746,10,0.4982,0,55,95.9,108.56,53.470530627315505
6780,81,57300.0,135,17.73,0.667,3,0.3337,1,95,34.26,120.49,94.27461849926792
6781,75,34400.0,70,14.89,0.857,2,0.2082,0,95,38.83,51.34,94.36072612980156
6782,54,45300.0,134,24.63,2.015,9,0.2713,0,95,206.14,207.34,94.60197590233298
6783,35,46900.0,122,12.45,1.475,6,0.2762,0,95,73.02,79.86,94.56665761974014
6784,81,54500.0,967,18.42,0.589,19,0.5684,1,55,37.85,73.76,55.04209226273447
6785,49,84400.0,96,25.36,2.188,7,0.4817,0,95,208.83,225.09,94.00135457988738
6786,36,81600.0,12,24.26,5.0,5,0.4387,1,95,487.81,587.22,93.3450799275126
6787,25,105400.0,74,26.03,1.216,3,0.6026,0,75,115.4,134.04,93.64929273483058
6788,44,46800.0,175,16.55,0.171,1,0.2891,1,95,3.17,109.29,93.46398142904896
6789,30,93500.0,599,28.26,0.751,15,0.685,0,55,77.25,56.77,53.78054675891516
6790,44,96200.0,135,25.31,1.111,5,0.566,1,95,109.77,219.98,93.62408307549791
6791,68,62700.0,134,24.24,1.343,6,0.3636,1,95,121.41,218.28,95.81955105358115
6792,49,73700.0,17,23.01,1.765,1,0.393,1,95,154.85,256.27,96.38689933073877
6793,61,92300.0,256,27.1,0.469,4,0.5794,0,55,58.4,63.82,52.77530419743831
6794,43,61400.0,261,24.88,1.149,10,0.3933,1,55,115.69,169.7,54.530962426060285
6795,56,62300.0,146,17.79,1.644,8,0.3648,1,95,117.11,208.07,95.5122645412235
6796,88,58400.0,127,24.29,0.945,4,0.3376,0,95,95.31,102.36,94.86322677822243
6797,49,30000.0,708,13.72,0.89,21,0.3431,0,55,40.37,32.05,54.8553462603775
6798,62,67900.0,283,13.18,0.848,8,0.4387,1,55,47.61,102.9,54.71906629526015
6799,28,44700.0,166,15.06,1.265,7,0.2763,0,95,79.62,93.64,94.25575286915036
6800,81,47600.0,13,13.53,2.308,1,0.2532,0,95,116.72,104.52,91.44182032300961
6801,47,72300.0,53,22.72,1.698,3,0.3955,0,95,159.09,157.1,96.61454491178365
6802,73,38100.0,548,14.29,0.547,10,0.3431,0,55,33.15,44.83,55.314220685179535
6803,53,81500.0,310,22.86,0.968,10,0.5304,1,55,90.61,137.43,55.28975698723056
6804,65,77200.0,572,26.65,0.577,11,0.5847,1,55,74.84,110.76,54.214689178991016
6805,66,58800.0,379,26.25,0.95,12,0.4132,0,55,100.73,80.91,55.651808207910136
6806,47,62100.0,87,20.78,0.345,1,0.3468,0,95,21.29,16.59,95.49380294769338
6807,74,43800.0,1100,22.0,0.791,29,0.5443,0,55,70.65,87.49,54.33875337021886
6808,42,78200.0,96,20.84,0.312,1,0.4438,0,95,26.11,18.49,95.00405126755851
6809,68,71500.0,525,12.91,0.686,12,0.5358,0,55,26.56,23.68,55.21590307672496
6810,48,69100.0,122,14.47,0.984,4,0.3972,0,95,40.76,41.29,95.82498491673238
6811,61,76700.0,519,20.53,0.867,15,0.5656,1,55,70.68,136.74,53.73420761344096
6812,47,49900.0,512,21.46,0.938,16,0.4003,1,55,88.06,151.63,54.86725377756937
6813,56,33300.0,444,14.03,0.541,8,0.2896,1,55,37.98,91.45,54.40448758374683
6814,37,81500.0,1100,28.15,0.627,23,0.7513,1,55,72.86,133.85,53.41564288842615
6815,59,80300.0,146,31.2,0.205,1,0.4721,1,95,38.14,143.75,94.99634001733993
6816,56,54000.0,11,13.66,2.727,1,0.2836,0,95,150.4,133.94,86.21790098901687
6817,46,71800.0,140,31.39,1.714,8,0.4186,0,95,213.63,209.86,95.17518818495049
6818,54,91200.0,199,15.51,1.357,9,0.5554,0,55,85.82,73.81,54.53014220270637
6819,57,89300.0,172,32.64,0.174,1,0.5354,1,95,16.85,104.59,94.7175619110507
6820,45,51100.0,921,17.5,0.912,28,0.5336,1,55,53.7,115.2,54.316263264716945
6821,53,33300.0,1083,13.83,0.859,31,0.4746,0,55,39.69,27.69,54.51820980829163
6822,38,33900.0,323,15.04,0.279,3,0.2625,1,55,12.95,91.04,55.74377286327018
6823,90,65500.0,845,15.83,0.639,18,0.5973,1,55,47.39,108.98,55.391343051954834
6824,73,99300.0,325,32.4,0.277,3,0.6407,1,55,24.32,73.48,49.497096550751834
6825,60,50700.0,697,14.14,0.732,17,0.4616,0,55,33.61,32.29,55.244981315384614
6826,75,56500.0,47,15.65,0.638,1,0.3056,0,95,46.38,33.5,95.19499014402257
6827,21,45200.0,711,9.88,0.759,18,0.4324,0,55,27.14,12.4,54.783193289568004
6828,18,46400.0,296,13.31,0.101,1,0.3188,0,55,3.78,0.0,55.69971791184658
6829,48,63400.0,1100,16.01,0.627,23,0.6593,0,55,37.15,50.24,55.205376410935216
6830,32,33500.0,87,11.19,1.034,3,0.2081,0,95,61.74,47.67,96.34082728029398
6831,51,87000.0,664,22.17,0.813,18,0.6677,0,55,76.58,88.91,53.78617796172254
6832,58,62600.0,460,13.82,0.326,5,0.461,0,55,20.04,18.18,55.01967339722552
6833,71,120000.0,330,35.97,0.364,4,0.7491,1,35,53.95,91.34,45.75489339913676
6834,36,36600.0,109,14.73,1.651,6,0.2257,0,95,100.55,101.28,94.52184141991282
6835,62,99800.0,611,26.84,0.589,12,0.7205,1,55,78.02,140.77,47.09835791337108
6836,55,94200.0,75,28.44,0.8,2,0.5354,1,95,88.02,193.99,94.81765645697467
6837,61,57600.0,42,28.76,0.714,1,0.3101,0,95,83.49,81.34,95.52583340314595
6838,46,54900.0,123,22.78,1.463,6,0.3175,0,95,133.54,138.64,95.20925646545395
6839,79,50500.0,91,16.34,0.33,1,0.2863,0,95,28.8,41.8,94.71277514828333
6840,53,45500.0,112,11.46,0.536,2,0.2669,0,95,38.21,46.35,95.5451997069086
6841,85,71000.0,503,22.34,0.895,15,0.5259,1,55,75.27,126.14,54.38727377225264
6842,42,62800.0,84,24.73,1.429,4,0.3499,0,95,144.98,143.03,95.93586863215916
6843,68,34000.0,1005,15.81,0.716,24,0.4547,0,55,46.69,36.82,54.92931266259624
6844,54,113000.0,574,27.28,0.627,12,0.773,1,35,57.28,110.45,45.63088933151031
6845,49,58400.0,118,19.83,0.508,2,0.3351,0,95,48.06,51.12,94.20274015496474
6846,66,68600.0,193,10.94,0.155,1,0.4155,0,55,19.29,5.26,55.18308625455531
6847,50,50800.0,431,18.35,0.696,10,0.3816,0,55,57.64,49.25,54.14120827077744
6848,18,52000.0,81,21.46,0.741,2,0.2913,0,95,58.55,57.01,94.59028816492057
6849,18,50100.0,1100,17.29,0.709,26,0.5824,1,55,38.18,106.6,54.81324929501621
6850,77,69300.0,115,26.01,1.565,6,0.3963,1,95,167.95,261.04,95.25336789084825
6851,76,68900.0,36,26.12,0.833,1,0.3707,0,95,78.4,84.44,95.15108262516044
6852,87,88300.0,1100,20.73,0.6,22,0.7812,0,55,41.91,34.77,53.921018974391224
6853,55,69800.0,369,22.68,0.65,8,0.4769,0,55,60.64,67.09,54.02957980916944
6854,33,75400.0,22,21.52,1.364,1,0.4045,0,95,123.3,136.31,95.89487237879335
6855,48,63400.0,576,9.37,0.729,14,0.5019,1,55,24.63,87.53,54.693092639163005
6856,55,69900.0,30,19.55,1.0,1,0.3747,0,95,76.55,51.98,96.6085364236797
6857,38,56500.0,65,13.32,0.462,1,0.3104,0,95,23.72,22.19,95.17317502271393
6858,83,91700.0,91,24.42,0.33,1,0.525,0,95,24.91,14.33,93.61823369013892
6859,90,78800.0,199,25.23,0.603,4,0.4793,0,55,57.81,64.53,53.19167594275992
6860,63,63300.0,29,18.41,1.034,1,0.3372,0,95,63.2,63.91,96.48181741007726
6861,55,61100.0,257,14.66,1.167,10,0.3903,1,55,74.32,146.43,54.84758603277772
6862,33,58300.0,400,19.91,0.825,11,0.4166,0,55,88.01,84.69,53.65543330677662
6863,81,70800.0,186,32.84,0.484,3,0.4266,1,55,64.06,119.79,53.51632053708683
6864,56,64000.0,1,8.74,5.0,3,0.3333,1,95,184.33,278.1,98.37843619954468
6865,50,52300.0,612,19.01,0.833,17,0.4451,1,55,61.25,123.44,54.589272175688706
6866,63,82700.0,188,19.69,0.16,1,0.4999,0,55,1.83,0.0,55.06140732385365
6867,45,80400.0,905,19.93,0.431,13,0.6975,1,55,52.37,97.37,53.97130853240042
6868,57,102900.0,183,24.91,0.164,1,0.6202,1,35,9.58,38.94,47.72286829747159
6869,30,47300.0,20,15.37,3.0,2,0.2534,0,95,192.02,197.86,85.90894890547251
6870,73,82600.0,242,25.4,1.116,9,0.5161,0,55,115.11,125.51,54.39670099980644
6871,53,30000.0,954,13.29,0.597,19,0.415,0,55,41.23,40.3,54.95858451047048
6872,75,86400.0,824,12.15,0.837,23,0.7073,1,55,40.14,101.06,53.54751756279467
6873,52,33800.0,646,21.47,0.836,18,0.3467,0,55,62.48,67.56,54.07364067988467
6874,53,43900.0,247,22.23,1.215,10,0.2929,0,55,102.72,102.14,54.78247734215286
6875,34,67800.0,85,17.14,1.765,5,0.3787,0,95,139.83,139.01,96.57659014146354
6876,68,54500.0,105,18.42,2.0,7,0.3105,0,95,149.92,157.54,95.26878206048141
6877,40,46100.0,1,23.0,5.0,1,0.2435,0,95,477.42,496.58,93.41764576289684
6878,47,53200.0,164,23.15,0.915,5,0.3195,0,95,81.79,91.67,94.0545182156786
6879,55,80300.0,16,28.83,1.875,1,0.432,1,95,221.94,328.96,94.89700568637872
6880,57,45800.0,446,18.74,0.942,14,0.3573,0,55,60.34,80.73,55.104164774732496
6881,26,58100.0,304,22.56,0.395,4,0.3867,0,55,35.88,28.9,53.92477140322148
6882,51,56200.0,127,25.47,0.709,3,0.3256,1,95,90.02,192.03,94.28762426923971
6883,69,85000.0,638,21.03,0.846,18,0.6494,0,55,64.89,79.46,54.338259580061965
6884,49,81600.0,35,24.44,4.286,5,0.4457,0,95,413.48,422.87,86.35352446337833
6885,51,30000.0,505,3.77,0.653,11,0.2886,0,55,16.47,10.48,54.8957429887137
6886,58,87500.0,501,15.23,0.898,15,0.6242,0,55,55.62,47.65,54.23246520666737
6887,53,51800.0,224,20.27,0.67,5,0.3283,0,55,69.49,85.82,53.56828740087711
6888,37,66400.0,870,23.22,0.862,25,0.61,1,55,78.14,137.29,54.108080702535545
6889,54,45100.0,465,14.83,0.581,9,0.3588,0,55,35.02,38.07,54.300147610453344
6890,72,76200.0,498,18.4,0.904,15,0.5561,0,55,69.07,69.26,54.383068441205175
6891,37,115000.0,1100,25.47,0.736,27,0.8732,1,35,66.38,116.48,51.04749493225591
6892,49,66500.0,808,20.93,0.631,17,0.5921,1,55,42.44,107.18,54.703448677962115
6893,32,50700.0,300,6.04,0.7,7,0.3434,1,55,5.79,58.93,54.003668132525846
6894,71,63300.0,12,21.82,5.0,4,0.3325,0,95,409.94,419.05,93.3996246845674
6895,53,33800.0,1,15.23,5.0,1,0.1921,0,95,303.92,305.7,93.65785505240905
6896,41,92600.0,785,25.13,0.573,15,0.7284,1,55,47.19,110.91,53.85256213035506
6897,57,72000.0,431,20.18,0.835,12,0.5097,0,55,63.09,76.65,53.62371584811441
6898,35,39000.0,1100,8.93,0.6,22,0.5149,0,55,29.59,41.96,54.77739917246225
6899,37,40100.0,360,10.52,1.167,14,0.3027,1,55,41.54,79.28,54.44978252413431
6900,30,60300.0,534,26.66,1.011,18,0.4698,1,55,113.33,173.47,54.970692494707485
6901,37,81000.0,1100,18.94,0.845,31,0.749,1,55,51.38,121.16,53.92722890685999
6902,78,45400.0,479,20.85,0.752,12,0.3645,1,55,57.24,105.05,54.45871233199981
6903,43,86000.0,313,17.49,1.246,13,0.5588,1,55,101.1,175.99,54.93838325981006
6904,63,64700.0,244,19.63,1.23,10,0.4077,1,55,93.16,154.36,54.97533885541341
6905,41,42700.0,816,14.2,0.699,19,0.4495,0,55,50.01,59.59,54.719043226115886
6906,68,57800.0,191,17.23,1.414,9,0.3522,0,55,116.3,125.87,54.66910677174046
6907,38,98300.0,457,23.04,0.591,9,0.6722,1,55,51.12,92.67,49.188150584857965
6908,56,36000.0,248,22.62,0.726,6,0.2545,0,55,60.36,70.32,53.733498551478746
6909,56,49800.0,1100,27.11,0.6,22,0.5806,1,55,47.78,107.71,54.53527822349167
6910,90,92000.0,203,24.99,0.887,6,0.5614,1,55,91.0,141.52,53.60935095547747
6911,66,71700.0,555,18.69,0.703,13,0.5463,0,55,55.59,71.83,54.947775797849125
6912,45,46400.0,1047,10.31,0.716,25,0.5438,0,55,35.69,16.75,54.83491626520216
6913,67,87700.0,474,16.16,0.696,11,0.6174,0,55,56.12,49.99,54.506650094597134
6914,90,93300.0,83,31.24,0.361,1,0.5324,1,95,36.9,146.44,94.8124566160168
6915,27,66400.0,96,12.62,0.938,3,0.3738,1,95,62.32,167.41,96.18652534152453
6916,41,49300.0,62,15.19,2.419,5,0.2731,0,95,144.72,139.35,89.15669376869414
6917,51,54600.0,410,18.97,0.512,7,0.3976,0,55,41.76,34.64,54.36727033549995
6918,48,69600.0,317,7.43,1.041,11,0.4596,1,55,30.4,83.78,55.21485109888767
6919,49,36200.0,325,9.18,0.831,9,0.2741,0,55,24.34,28.26,54.36999772456333
6920,33,88500.0,505,16.58,0.832,14,0.6311,0,55,45.59,42.15,54.04550160121992
6921,79,105500.0,56,22.5,0.536,1,0.5978,1,75,49.92,125.06,93.78407178612628
6922,31,55200.0,586,19.57,0.614,12,0.4547,1,55,40.35,97.28,55.10016807834841
6923,52,71900.0,5,25.92,5.0,1,0.379,1,95,516.64,609.41,93.94191361765094
6924,73,93500.0,2,20.71,5.0,2,0.5084,1,95,410.9,502.63,93.54298446935476
6925,54,105900.0,111,23.58,0.27,1,0.6164,1,75,22.57,87.07,93.6676017030236
6926,38,94300.0,52,23.55,0.577,1,0.5289,1,95,39.96,135.97,94.00585624096865
6927,32,30000.0,143,10.47,0.839,4,0.2054,0,95,9.8,10.61,96.01997901492355
6928,51,57600.0,870,20.73,0.828,24,0.5575,0,55,75.37,67.27,54.130242093054
6929,42,72900.0,1100,23.18,0.845,31,0.7097,1,55,87.35,146.45,54.632287427569594
6930,58,55200.0,77,4.67,2.338,6,0.3068,0,95,23.18,36.23,97.93303866498927
6931,31,97600.0,314,27.84,0.86,9,0.6278,1,55,99.12,156.02,50.35906697705168
6932,69,102000.0,532,25.94,0.733,13,0.7115,1,35,77.79,118.36,45.817663174615035
6933,57,48300.0,59,18.54,0.508,1,0.2675,0,95,27.08,38.22,94.99189449745013
6934,58,62200.0,148,25.23,0.203,1,0.3648,0,95,27.67,28.59,94.62465223987894
6935,79,54100.0,330,9.18,0.545,6,0.3711,1,55,29.12,94.31,54.41114653178968
6936,48,59500.0,10,12.65,3.0,1,0.3116,1,95,160.27,233.51,86.21415581614806
6937,43,57900.0,259,18.33,0.695,6,0.3723,0,55,64.92,59.1,54.21363883711767
6938,46,83200.0,65,10.87,0.923,2,0.4647,0,95,48.13,38.38,97.93292985070096
6939,52,45700.0,214,15.8,0.14,1,0.2935,0,55,2.2,17.56,55.53912810973788
6940,53,30000.0,4,18.73,5.0,1,0.1786,1,95,374.74,477.32,93.65374326790491
6941,41,30000.0,183,16.48,1.148,7,0.2136,0,55,78.76,67.93,55.0270536445813
6942,21,36600.0,32,15.88,0.938,1,0.2094,0,95,71.73,63.23,94.1349542191388
6943,45,49200.0,543,16.22,0.663,12,0.4055,1,55,41.01,83.55,55.061139077987555
6944,61,70100.0,145,18.38,0.828,4,0.41,0,95,55.82,60.34,95.37800825548901
6945,57,42700.0,84,13.98,0.357,1,0.2471,0,95,6.73,9.92,94.22270614097215
6946,75,43600.0,264,17.68,1.136,10,0.2957,0,55,87.32,84.35,54.95673003418728
6947,88,52100.0,629,10.06,0.572,12,0.4491,0,55,24.69,17.17,55.47581116521871
6948,68,44200.0,14,23.95,2.143,1,0.2379,0,95,198.37,199.3,94.45369080996018
6949,79,58200.0,164,15.04,0.366,2,0.3468,1,95,28.18,150.2,94.53194801741836
6950,68,55100.0,352,21.05,0.767,9,0.3834,1,55,61.86,114.27,54.558687036306544
6951,84,85300.0,157,23.2,0.382,2,0.5062,1,95,24.85,132.54,93.57521050740773
6952,86,50400.0,824,11.79,0.765,21,0.4992,0,55,46.72,44.97,54.92141144902575
6953,71,60700.0,439,25.57,1.025,15,0.4429,0,55,88.33,99.26,56.03435397892782
6954,67,56000.0,1100,23.81,0.682,25,0.6173,1,55,66.1,128.37,54.64076623156186
6955,52,81400.0,204,14.36,0.441,3,0.4969,1,55,24.44,80.35,53.87873626163606
6956,54,61600.0,953,18.87,0.724,23,0.6065,1,55,41.54,104.16,54.74757373715619
6957,49,85900.0,108,23.92,1.944,7,0.4947,0,95,188.61,201.82,94.44493025318904
6958,66,43000.0,691,6.09,0.738,17,0.4131,0,55,12.43,14.33,55.586415761356385
6959,43,61600.0,89,8.64,2.022,6,0.3446,0,95,83.35,82.76,98.42965198611769
6960,52,52300.0,861,13.68,0.732,21,0.5223,0,55,48.09,55.96,54.573026464218216
6961,18,31900.0,228,8.22,1.184,9,0.2314,1,55,40.7,113.23,54.88424305400212
6962,84,69400.0,214,15.19,0.981,7,0.4267,1,55,39.67,81.99,55.23981330676064
6963,51,100600.0,187,18.52,0.963,6,0.608,1,35,66.89,90.44,46.73543476889766
6964,63,48700.0,435,16.69,0.483,7,0.3706,0,55,27.18,42.55,54.23134714379031
6965,80,67300.0,264,15.63,0.227,2,0.4293,1,55,23.87,74.68,55.711139619638566
6966,60,38400.0,1100,21.33,0.845,31,0.5112,0,55,73.52,87.19,54.427559141632806
6967,80,39400.0,295,16.81,1.119,11,0.2824,0,55,77.78,72.26,55.014683983800516
6968,34,44300.0,1100,20.62,0.955,35,0.5474,1,55,86.91,138.44,54.41902434549039
6969,90,62600.0,221,10.95,0.136,1,0.3884,0,55,19.0,30.62,55.30497510351875
6970,73,60100.0,94,15.87,1.277,4,0.3377,0,95,92.73,101.29,95.55628453155585
6971,59,61100.0,451,19.85,0.532,8,0.4491,0,55,46.61,36.49,54.398288954046144
6972,79,35200.0,206,17.54,0.437,3,0.2411,1,55,28.49,90.67,54.253336791663344
6973,35,47900.0,296,13.95,0.608,6,0.3269,1,55,37.41,86.95,54.32730751902599
6974,50,74500.0,271,18.67,0.886,8,0.4753,0,55,65.9,71.48,54.74600991663662
6975,80,41500.0,904,14.27,0.697,21,0.4693,1,55,46.07,102.91,54.953808645127985
6976,23,51100.0,356,16.18,0.758,9,0.3615,0,55,44.52,44.03,53.72135529403177
6977,65,73100.0,107,31.79,1.402,5,0.4164,0,95,185.51,180.56,95.11953639657153
6978,64,50400.0,291,19.13,1.134,11,0.3392,1,55,87.15,126.67,54.7519557812861
6979,88,78800.0,339,22.02,0.973,11,0.5229,0,55,88.79,83.71,55.68018449992492
6980,28,30000.0,325,8.2,0.831,9,0.2448,0,55,17.69,25.86,54.12485464464323
6981,82,89100.0,589,17.19,0.713,14,0.6584,0,55,46.84,52.63,55.15270448484824
6982,45,70700.0,6,19.54,5.0,1,0.3723,0,95,394.37,387.28,93.48090616216838
6983,47,64600.0,12,25.34,5.0,2,0.3397,0,95,505.34,517.64,93.18044629406391
6984,34,84400.0,450,21.66,0.533,8,0.5909,0,55,27.4,32.33,53.44613201179189
6985,37,54500.0,11,17.39,2.727,1,0.2861,1,95,179.82,282.3,86.20330161264432
6986,62,53400.0,1100,14.29,0.655,24,0.602,1,55,40.17,86.13,55.05545102455345
6987,36,90000.0,677,14.79,0.753,17,0.6874,1,55,56.58,130.99,54.65561558718562
6988,68,106300.0,758,28.13,0.633,16,0.7841,1,35,69.36,110.55,46.44183345575085
6989,44,48200.0,25,15.96,1.2,1,0.2588,1,95,72.7,184.47,94.81907124560358
6990,34,58400.0,517,20.99,0.638,11,0.453,0,55,61.98,57.11,54.259890621623356
6991,46,85100.0,217,23.54,0.415,3,0.5237,1,55,39.16,77.31,53.29659305876605
6992,61,64600.0,297,14.87,0.707,7,0.4231,0,55,48.0,39.99,54.56667085984691
6993,50,76500.0,693,22.6,0.433,10,0.6167,1,55,36.78,103.64,54.200415182447294
6994,56,81600.0,406,15.78,0.369,5,0.5607,1,55,20.04,65.2,54.20018745253418
6995,67,55600.0,23,19.43,3.913,3,0.2947,0,95,310.69,327.07,84.44681354619757
6996,73,77400.0,1100,21.3,0.764,28,0.7319,1,55,70.47,119.69,54.66971470279369
6997,50,63900.0,1100,27.29,0.682,25,0.662,0,55,71.88,77.23,54.74414276769536
6998,37,35800.0,12,11.04,5.0,3,0.2021,0,95,211.81,215.62,98.65397691805376
6999,56,44400.0,482,10.03,0.622,10,0.3597,1,55,11.6,64.97,54.55623581258549
7000,63,52900.0,473,15.87,0.634,10,0.4064,1,55,27.95,81.37,54.392608704153
7001,30,79500.0,57,24.97,0.526,1,0.4397,0,95,47.47,39.08,94.74732961432267
7002,40,82200.0,464,8.34,1.099,17,0.582,1,55,39.2,115.25,54.30827759144549
7003,43,78300.0,109,26.12,0.826,3,0.4484,1,95,72.98,174.61,93.97877385966463
7004,51,73400.0,290,19.97,0.828,8,0.4745,0,55,53.34,38.55,54.311484176246985
7005,42,71100.0,7,14.96,5.0,2,0.3749,0,95,302.22,290.11,93.45238298539296
7006,67,73200.0,430,19.14,0.349,5,0.5168,1,55,39.27,101.03,54.469379560200345
7007,28,68200.0,727,16.52,0.66,16,0.5778,1,55,52.32,108.66,55.0976911491465
7008,28,69600.0,236,14.31,0.89,7,0.4346,0,55,36.21,19.5,54.47312047908814
7009,49,34300.0,85,5.45,0.706,2,0.2109,0,95,18.52,45.36,96.29415236616028
7010,52,47800.0,39,20.82,5.0,8,0.2603,1,95,424.05,492.6,93.31245902211934
7011,30,38400.0,39,12.96,0.769,1,0.2183,0,95,35.9,32.71,94.15191398733607
7012,45,86300.0,269,20.99,1.115,10,0.5471,1,55,91.72,148.34,54.55257624970984
7013,48,98300.0,1100,28.97,0.818,30,0.8203,1,55,97.46,147.07,53.23022126008796
7014,48,30000.0,826,14.78,0.763,21,0.3769,0,55,49.01,58.98,54.57717768536483
7015,58,98500.0,697,16.98,0.775,18,0.7353,1,55,55.65,117.22,50.21169547608708
7016,44,64600.0,588,23.05,0.714,14,0.513,1,55,71.63,129.48,54.204635488810446
7017,80,91300.0,125,31.11,0.24,1,0.5331,1,95,31.59,127.31,94.7716414211819
7018,63,77200.0,64,24.1,1.406,3,0.428,0,95,130.53,137.34,94.88347929125091
7019,41,92400.0,4,19.53,5.0,1,0.5023,1,95,387.03,481.37,93.56666648838997
7020,57,69800.0,458,13.11,0.852,13,0.5046,1,55,38.45,79.77,53.77417809001801
7021,57,36800.0,844,11.01,0.746,21,0.4224,1,55,29.17,95.27,54.5090158422058
7022,76,67000.0,1065,20.57,0.845,30,0.6693,1,55,74.02,147.96,54.80686592270906
7023,45,73800.0,993,28.2,0.665,22,0.6863,0,55,68.83,71.11,54.31717218564657
7024,68,63100.0,454,15.67,1.057,16,0.4622,1,55,74.81,132.3,55.53298257342514
7025,56,79000.0,277,18.61,0.433,4,0.5048,0,55,24.33,25.41,54.34207625299109
7026,80,68600.0,55,25.4,0.545,1,0.3745,0,95,57.0,45.26,95.40716214054792
7027,77,56900.0,705,16.36,0.851,20,0.5021,1,55,62.38,113.38,55.491508330394794
7028,58,42800.0,663,24.99,0.679,15,0.4035,0,55,71.46,80.87,54.60033831620973
7029,51,56000.0,1100,17.66,0.818,30,0.6173,1,55,43.0,101.99,54.566203322625505
7030,64,71100.0,786,26.5,0.725,19,0.6127,1,55,77.92,151.53,54.52314269978294
7031,52,30000.0,540,16.41,0.778,14,0.2976,0,55,45.17,54.1,54.8918121208177
7032,84,54400.0,121,21.7,0.496,2,0.3143,0,95,32.47,29.87,94.21437855861073
7033,56,30000.0,107,13.61,0.28,1,0.1982,0,95,17.03,25.24,94.32112043719839
7034,48,50600.0,271,17.03,1.55,14,0.3347,0,55,95.59,95.11,54.90528706837989
7035,47,88500.0,1100,25.37,0.682,25,0.782,1,55,71.17,111.19,53.282722563906916
7036,34,35900.0,17,19.38,1.765,1,0.2035,0,95,148.47,160.43,95.35145752560081
7037,64,81600.0,178,24.87,0.337,2,0.49,1,95,35.94,137.52,91.72809172707268
7038,41,120000.0,616,19.16,0.779,16,0.81,1,35,57.84,123.76,46.09557014672099
7039,74,99300.0,784,26.18,0.689,18,0.7595,0,55,70.87,67.01,49.7872223364593
7040,33,63400.0,186,16.23,1.29,8,0.3828,0,55,91.06,99.91,54.64723065032777
7041,57,83400.0,618,19.78,0.874,18,0.6346,1,55,66.71,115.81,53.92580937769884
7042,75,40200.0,139,18.32,0.647,3,0.2484,0,95,43.69,36.53,94.14100252227547
7043,18,30000.0,154,22.99,0.195,1,0.2076,0,95,10.48,35.31,94.21485129082139
7044,89,72400.0,391,19.7,0.46,6,0.4997,0,55,29.1,9.98,54.40078730826908
7045,48,72000.0,515,30.66,0.757,13,0.5358,0,55,99.98,101.1,53.608986596658134
7046,57,88400.0,965,17.78,0.591,19,0.7516,1,55,38.14,112.03,54.25019683507306
7047,65,55100.0,1100,24.42,0.709,26,0.612,1,55,73.7,114.71,54.53240929332155
7048,67,71500.0,119,22.88,1.765,7,0.4105,0,95,166.62,162.97,96.02570690360784
7049,60,69300.0,168,21.44,0.893,5,0.4122,1,95,68.94,174.45,95.68255534095222
7050,72,65600.0,130,26.76,0.692,3,0.3791,0,95,67.71,57.12,94.89332752924035
7051,64,65300.0,115,16.61,0.261,1,0.373,0,95,21.96,26.68,95.44003369677212
7052,85,53100.0,1100,24.35,0.764,28,0.6003,1,55,75.54,124.06,54.34321001499122
7053,64,72700.0,97,19.86,0.619,2,0.411,0,95,47.74,62.55,95.56279047089417
7054,88,75700.0,183,18.14,0.82,5,0.4554,0,55,63.19,77.65,54.362683376349246
7055,70,58800.0,88,12.19,1.364,4,0.329,0,95,74.61,71.24,95.98504589018651
7056,24,72800.0,475,28.85,0.947,15,0.5283,1,55,108.97,136.68,54.20931991848087
7057,90,93600.0,639,29.75,0.751,16,0.6962,1,55,84.82,146.4,53.98564937648525
7058,45,77200.0,528,19.19,0.852,15,0.5714,0,55,66.34,77.99,53.58957097310593
7059,80,48100.0,22,19.94,1.364,1,0.2576,0,95,102.35,109.02,95.37856448336223
7060,55,67100.0,477,20.7,0.943,15,0.4939,0,55,79.22,84.62,54.9757832506762
7061,73,49500.0,445,15.66,0.539,8,0.3782,0,55,33.78,37.85,54.38795280105296
7062,43,64600.0,159,24.51,0.566,3,0.3818,0,95,48.96,46.96,95.44807054520741
7063,66,48100.0,943,14.09,0.859,27,0.522,0,55,45.18,38.93,54.42750363848114
7064,51,91000.0,1100,12.69,0.709,26,0.7923,0,55,33.4,35.15,53.856543809459524
7065,82,86800.0,1048,24.32,0.63,22,0.7633,1,55,67.15,121.11,53.59893712651273
7066,62,90600.0,238,23.92,0.63,5,0.5637,0,55,53.28,61.42,53.12597052529391
7067,71,90300.0,1023,20.58,0.88,30,0.7731,1,55,65.97,113.67,53.64397535985538
7068,18,51900.0,525,13.32,0.343,6,0.4161,0,55,15.29,12.18,55.11620329649828
7069,54,55900.0,336,10.59,0.804,9,0.3833,1,55,38.57,95.55,54.08867267557802
7070,62,103000.0,8,23.64,3.75,1,0.5683,1,75,360.42,428.93,84.98683374456729
7071,59,62300.0,160,14.97,0.562,3,0.3688,0,95,35.75,22.91,94.75023714935647
7072,71,39800.0,618,20.79,0.68,14,0.3727,1,55,62.27,124.77,55.356462352360296
7073,49,85000.0,252,25.33,1.071,9,0.5339,0,55,117.81,105.8,54.33662109638146
7074,56,68200.0,193,17.81,0.777,5,0.4132,0,55,56.61,59.52,54.11118307893719
7075,75,100600.0,98,27.7,1.531,5,0.5813,0,75,163.22,169.58,94.34818557406855
7076,18,62700.0,502,18.87,0.956,16,0.4746,1,55,71.54,141.78,55.326076552296065
7077,65,66600.0,349,18.64,0.774,9,0.4511,0,55,46.82,70.9,54.397365136971594
7078,49,95800.0,543,24.1,0.663,12,0.6822,1,55,67.07,136.27,52.80864274495706
7079,39,30000.0,650,23.36,0.785,17,0.327,1,55,69.42,118.36,54.242257793612104
7080,61,53900.0,222,21.31,0.946,7,0.3392,1,55,81.53,134.57,54.82687058885789
7081,76,50600.0,307,16.1,0.391,4,0.3448,1,55,24.5,83.53,54.566069292838826
7082,73,30000.0,55,18.97,1.091,2,0.1881,0,95,79.72,80.11,94.98900744147659
7083,53,82900.0,442,26.72,0.679,10,0.5795,1,55,74.37,131.91,53.743992720635596
7084,70,56300.0,112,19.74,0.536,2,0.322,0,95,41.32,54.79,94.26765319588942
7085,70,87000.0,104,21.41,0.288,1,0.5002,0,95,19.62,21.9,93.8723341775196
7086,54,73000.0,305,18.98,0.59,6,0.4767,1,55,36.01,101.14,54.47697809289581
7087,43,75300.0,614,15.92,0.928,19,0.5861,0,55,61.94,51.61,54.344560087858454
7088,44,53200.0,190,18.88,0.632,4,0.3266,0,55,38.08,43.85,54.05937568303928
7089,69,51800.0,473,14.72,0.951,15,0.3999,0,55,70.35,54.57,55.72874799707292
7090,54,66700.0,168,17.82,0.893,5,0.3968,0,95,73.95,86.08,95.51489517564787
7091,37,80700.0,508,25.23,0.531,9,0.5863,1,55,40.87,94.94,53.72714943878217
7092,26,58100.0,309,27.15,0.777,8,0.3882,1,55,89.4,131.52,53.6867204855979
7093,69,53100.0,18,19.84,1.667,1,0.2808,0,95,141.4,139.52,95.92092288949307
7094,46,38000.0,190,15.17,1.105,7,0.2502,1,55,62.36,123.02,54.97640773307069
7095,61,70500.0,1056,20.48,0.739,26,0.6857,1,55,63.35,106.86,54.79673204841266
7096,76,57600.0,694,24.33,0.865,20,0.503,0,55,83.18,75.29,55.04898120900565
7097,33,59100.0,308,20.8,1.169,12,0.3937,1,55,102.72,154.66,54.710214430367806
7098,54,59800.0,112,19.94,0.268,1,0.3411,0,95,17.8,27.04,94.50036665716735
7099,52,55100.0,620,19.59,0.677,14,0.4646,1,55,61.16,96.93,55.08766305750154
7100,61,72400.0,450,13.72,0.533,8,0.5181,1,55,28.1,88.59,53.881646531617015
7101,76,80800.0,508,24.07,1.122,19,0.5869,1,55,105.49,158.84,54.63405403764542
7102,32,101700.0,62,20.88,0.484,1,0.5769,1,75,45.61,132.23,94.35262943676283
7103,65,82900.0,352,24.41,0.426,5,0.552,1,55,48.8,108.71,53.96135905359923
7104,73,102100.0,908,21.64,0.958,29,0.7979,1,35,64.23,113.72,50.00326907506769
7105,52,47200.0,251,20.04,0.478,4,0.311,0,55,15.08,20.09,53.801668134478334
7106,53,31000.0,124,13.88,0.242,1,0.2055,0,95,16.17,4.95,94.13213772941971
7107,62,66100.0,673,14.19,0.579,13,0.5486,0,55,27.57,32.75,55.6552120098655
7108,61,84200.0,138,21.18,0.87,4,0.4936,1,95,63.14,163.95,94.13569492746271
7109,65,81700.0,155,33.28,0.774,4,0.4835,1,95,100.04,188.95,94.97528945258564
7110,65,92400.0,556,12.49,0.594,11,0.6674,1,55,52.97,103.37,55.025241028450054
7111,38,30000.0,304,15.33,0.592,6,0.24,0,55,25.66,2.41,54.71956447110915
7112,72,94700.0,100,19.15,0.9,3,0.5462,1,95,76.03,179.16,93.95633585692681
7113,75,76000.0,174,28.28,1.379,8,0.4545,1,95,149.9,244.25,94.95511207630058
7114,58,33200.0,540,19.06,0.778,14,0.3143,0,55,47.7,42.71,54.95349210182119
7115,30,75200.0,619,22.21,0.679,14,0.587,0,55,55.43,46.06,53.79791381051824
7116,53,68200.0,133,24.82,0.677,3,0.3952,1,95,55.84,146.56,95.57770297467845
7117,58,73600.0,59,22.26,2.034,4,0.4049,0,95,168.56,173.61,95.95505542610559
7118,36,82200.0,75,22.36,2.8,7,0.4617,0,95,244.63,247.1,86.21238642718998
7119,49,72800.0,195,17.93,0.308,2,0.4414,0,55,13.37,10.68,55.22778632235149
7120,31,30000.0,173,12.7,1.387,8,0.2115,0,95,69.29,57.68,94.58695617578758
7121,65,64000.0,380,17.28,0.711,9,0.4449,1,55,50.49,102.69,54.35861979492651
7122,58,31600.0,235,14.79,0.128,1,0.2316,0,55,1.26,0.0,55.604117487358835
7123,27,73000.0,116,11.49,0.259,1,0.4186,1,95,16.94,110.31,97.60659939177923
7124,61,95600.0,1040,29.49,0.865,30,0.7986,1,55,96.72,158.47,53.268865387118524
7125,54,38700.0,115,25.54,1.826,7,0.2362,0,95,185.32,180.44,95.17625547374472
7126,64,52700.0,177,15.74,0.508,3,0.3203,0,95,14.63,31.85,93.49068751340415
7127,48,45100.0,130,22.64,0.692,3,0.2694,0,95,63.32,58.1,93.97891678765002
7128,41,52700.0,91,17.23,0.33,1,0.2975,0,95,40.76,24.08,94.68873180204898
7129,42,71100.0,96,17.65,1.562,5,0.4012,0,95,116.64,114.86,96.11172340692552
7130,46,53900.0,11,16.18,2.727,1,0.2831,1,95,175.11,264.51,86.20861284765216
7131,55,78700.0,36,22.23,0.833,1,0.4285,1,95,64.81,194.37,94.91982897497996
7132,58,88000.0,134,19.59,0.896,4,0.5157,1,95,83.27,174.07,94.02811790810601
7133,52,87500.0,64,26.16,0.469,1,0.4908,0,95,47.79,32.93,93.4340325902871
7134,48,40100.0,156,13.42,1.154,6,0.2519,0,95,56.56,56.97,94.33954584577435
7135,49,92900.0,846,18.57,0.638,18,0.7445,1,55,42.2,95.57,53.93235034564333
7136,90,102800.0,37,25.32,1.622,2,0.5759,1,75,180.86,244.2,93.30260246732388
7137,42,95000.0,92,20.78,0.326,1,0.5455,1,95,26.15,124.75,94.2089994508356
7138,46,59900.0,1100,17.35,0.545,20,0.6397,0,55,41.43,47.09,55.22882682866812
7139,90,56200.0,542,18.16,0.941,17,0.4473,1,55,66.73,122.54,55.684303785136585
7140,62,45700.0,798,10.16,0.865,23,0.4622,0,55,34.63,31.96,54.58897002911516
7141,32,37300.0,29,22.89,1.034,1,0.2116,1,95,91.27,182.59,94.678548147725
7142,69,68000.0,26,24.26,1.154,1,0.3627,0,95,123.36,117.13,96.46383903331366
7143,40,79800.0,782,18.82,0.806,21,0.661,1,55,61.03,103.21,53.73076232785108
7144,70,95400.0,11,24.21,5.0,2,0.5229,1,95,472.94,582.79,93.40684956106611
7145,51,54000.0,679,21.28,0.972,22,0.4762,0,55,85.89,110.27,55.04849817502628
7146,48,62800.0,1,20.46,5.0,1,0.3268,0,95,408.28,398.01,93.42318387822017
7147,82,68200.0,514,29.63,0.7,12,0.5122,0,55,86.01,79.99,54.146526607643295
7148,65,53700.0,376,16.86,0.878,11,0.3823,0,55,56.56,45.74,54.16851965484583
7149,72,83900.0,781,28.53,0.691,18,0.6829,0,55,74.53,83.44,54.27241504949314
7150,62,74000.0,76,14.43,0.395,1,0.4124,0,95,29.95,19.8,95.56319075539568
7151,47,66400.0,31,14.06,3.871,4,0.3551,0,95,232.58,239.56,84.54229477215074
7152,65,74500.0,125,29.6,1.2,5,0.4303,0,95,127.21,131.49,95.15950436212802
7153,76,82100.0,230,20.16,0.13,1,0.5093,1,55,11.14,64.61,55.12167453446623
7154,57,78100.0,3,15.88,5.0,1,0.4149,0,95,313.28,326.88,93.42877492636353
7155,86,53600.0,438,17.8,0.89,13,0.4001,0,55,56.07,52.57,54.62613828794887
7156,69,86600.0,514,29.31,0.467,8,0.6228,0,55,37.5,37.52,54.07706478488531
7157,59,71200.0,249,16.86,0.482,4,0.4483,0,55,35.39,23.22,53.89152463204787
7158,59,56700.0,229,18.3,1.834,14,0.3568,1,55,130.38,160.97,54.796463731559115
7159,57,70300.0,163,11.27,0.552,3,0.4166,0,95,20.54,31.14,97.90028213368055
7160,34,68000.0,265,17.86,1.132,10,0.4338,0,55,90.49,84.31,54.88105732838459
7161,53,87300.0,11,28.08,5.0,5,0.4731,0,95,558.08,569.65,96.8675705953264
7162,59,43800.0,610,12.65,0.639,13,0.3936,0,55,28.48,24.96,55.26845927432919
7163,48,91400.0,144,17.35,0.833,4,0.5396,1,95,47.12,141.03,93.92738925875955
7164,61,66700.0,1028,16.12,0.934,32,0.6574,1,55,52.96,110.02,54.88271337922005
7165,55,54400.0,19,15.11,3.158,2,0.2876,1,95,202.6,292.21,86.08405431564866
7166,68,56300.0,422,22.27,1.28,18,0.4113,0,55,118.92,102.76,55.10068239662081
7167,66,46200.0,472,18.83,0.636,10,0.367,0,55,58.2,49.49,54.60853076150091
7168,58,30000.0,70,17.36,3.0,7,0.1909,0,95,201.6,192.1,86.07860016313684
7169,32,74600.0,1100,21.33,0.764,28,0.7182,0,55,68.07,67.74,54.72119687013341
7170,85,112600.0,802,23.79,0.711,19,0.8175,1,35,76.04,122.21,47.98650981129236
7171,53,30600.0,407,10.71,0.885,12,0.2671,0,55,42.55,35.29,54.17891042772805
7172,54,44800.0,1073,18.88,0.727,26,0.5421,0,55,67.55,66.55,54.66475631184656
7173,49,79600.0,366,29.89,0.738,9,0.5362,0,55,91.45,93.84,53.57398946406693
7174,47,62400.0,588,14.66,0.816,16,0.4995,1,55,47.84,94.89,54.574473797412516
7175,81,87700.0,100,18.07,0.3,1,0.5033,1,95,2.85,101.7,93.94177378092625
7176,79,67700.0,38,14.48,0.789,1,0.3644,0,95,49.03,60.04,95.94657526984659
7177,63,54400.0,901,22.32,0.832,25,0.5476,0,55,79.06,83.0,54.09346515979206
7178,53,59900.0,188,18.77,1.277,8,0.3632,1,55,105.06,159.56,54.54385859612979
7179,66,30000.0,481,17.28,0.811,13,0.2825,0,55,49.7,41.29,54.92393215702928
7180,56,41200.0,53,13.64,1.132,2,0.2333,0,95,61.49,60.31,94.49066810379419
7181,52,84300.0,162,25.74,0.926,5,0.5016,1,95,82.62,170.09,93.45746775023288
7182,61,91200.0,489,22.24,0.92,15,0.6418,0,55,68.94,63.07,54.130381863008836
7183,48,93100.0,321,16.24,0.374,4,0.6037,0,55,28.4,27.18,54.39512897847759
7184,59,75100.0,57,25.88,0.526,1,0.4133,0,95,64.58,62.5,94.30964080309904
7185,58,30000.0,276,14.32,0.761,7,0.2337,0,55,54.0,64.33,54.602572216134845
7186,65,53700.0,476,16.5,0.756,12,0.4121,1,55,53.4,102.52,54.56008802638004
7187,44,90600.0,297,25.0,0.101,1,0.5817,0,55,26.47,30.35,54.789354135994074
7188,67,101500.0,209,18.0,0.144,1,0.6197,1,35,7.23,37.58,47.8772627085169
7189,40,90600.0,906,25.74,0.762,23,0.748,0,55,85.64,76.53,52.67336963510067
7190,45,58000.0,3,15.72,5.0,3,0.3019,0,95,303.86,309.92,93.20541629085234
7191,46,35800.0,540,14.59,0.667,12,0.3282,0,55,13.78,17.97,55.13844053687122
7192,37,60500.0,119,24.77,0.252,1,0.3469,0,95,21.12,15.12,94.49766546475459
7193,72,68700.0,225,23.52,0.933,7,0.4258,1,55,86.81,110.56,54.542499619638534
7194,39,94700.0,1100,23.32,0.736,27,0.8069,1,55,70.53,136.74,53.39022399525047
7195,43,67400.0,43,19.6,2.791,4,0.3642,0,95,217.33,225.1,86.38372066591282
7196,76,69600.0,1100,7.64,0.736,27,0.6927,1,55,25.38,91.93,55.14635041728309
7197,45,64500.0,183,15.57,0.164,1,0.3883,0,55,24.14,36.21,55.46719052082816
7198,52,72800.0,43,21.76,3.488,5,0.3954,0,95,309.5,309.65,85.87119483688537
7199,38,74800.0,85,17.4,2.118,6,0.4199,0,95,141.29,137.12,95.48329681578775
7200,69,52600.0,226,11.26,0.398,3,0.3332,0,55,0.0,0.0,54.45141162009901
7201,69,45600.0,2,19.24,5.0,1,0.2415,1,95,376.2,472.55,93.39456077607106
7202,68,96400.0,506,30.99,0.711,12,0.6753,1,55,98.88,149.39,52.30276467754934
7203,64,32300.0,354,11.24,0.932,11,0.2624,0,55,37.87,30.05,54.94968929718346
7204,56,99600.0,146,29.32,0.205,1,0.5898,1,95,29.47,110.88,94.71123548926302
7205,46,30000.0,18,18.12,5.0,3,0.1811,0,95,367.52,357.22,93.62396564476012
7206,41,49900.0,309,12.6,1.068,11,0.3415,0,55,53.38,39.92,54.618982465976735
7207,77,89800.0,81,19.83,0.37,1,0.5103,0,95,28.65,38.58,94.14153176166623
7208,68,67600.0,651,29.16,0.737,16,0.5509,0,55,80.65,91.81,54.47764630335019
7209,43,35000.0,652,9.66,0.92,20,0.3552,0,55,53.37,45.94,54.81343903000432
7210,56,74200.0,921,18.08,0.651,20,0.6688,0,55,39.43,51.68,54.38922759113759
7211,50,65400.0,12,29.64,2.5,1,0.3441,1,95,305.37,401.39,91.83631670165863
7212,36,56700.0,293,15.66,0.922,9,0.3753,1,55,64.4,134.08,54.698322878527385
7213,58,52500.0,796,24.64,0.716,19,0.5034,0,55,75.49,81.45,54.509868758916475
7214,48,62900.0,668,14.32,0.539,12,0.5275,1,55,29.91,91.24,55.26927405897814
7215,39,49600.0,206,18.13,0.583,4,0.3117,0,55,30.44,32.89,53.99849654812872
7216,30,111100.0,42,32.09,4.286,6,0.6263,1,75,540.97,608.75,93.75756506679035
7217,28,54600.0,151,15.85,1.987,10,0.3235,1,95,119.78,201.57,94.9864686813252
7218,49,56000.0,411,18.9,0.584,8,0.4062,1,55,47.11,104.16,54.510077201418014
7219,54,53400.0,516,21.73,0.581,10,0.4224,0,55,57.63,56.67,54.401569782675175
7220,40,99300.0,194,20.39,0.464,3,0.6024,1,55,40.36,121.35,48.420424431780546
7221,66,32800.0,404,26.12,1.188,16,0.277,0,55,126.2,133.68,55.027323295044596
7222,54,72300.0,947,26.03,0.824,26,0.6656,0,55,94.13,85.69,54.05031817074713
7223,65,62000.0,114,17.51,1.842,7,0.3539,1,95,112.29,206.45,95.80877747594502
7224,52,34500.0,45,14.0,2.667,4,0.2035,1,95,131.7,223.01,86.02238159431711
7225,42,45200.0,377,26.34,0.398,5,0.3345,0,55,29.55,29.16,53.95884236402672
7226,57,72100.0,74,19.04,0.405,1,0.4006,1,95,38.25,120.13,95.84058747224859
7227,34,42600.0,100,14.03,0.3,1,0.2504,0,95,0.76,9.84,93.89537453094249
7228,64,72300.0,122,26.58,0.246,1,0.4162,1,95,26.08,117.12,94.3546179374792
7229,39,98100.0,414,17.71,0.58,8,0.6592,1,55,33.8,95.35,49.99726588035067
7230,71,71800.0,203,20.38,0.443,3,0.4378,0,55,37.35,31.32,53.780539684592156
7231,49,33300.0,1100,15.42,0.791,29,0.4799,0,55,47.66,43.68,54.65748095268866
7232,73,50800.0,55,14.1,1.091,2,0.2787,0,95,63.54,69.47,95.0350404177082
7233,36,55200.0,305,10.45,1.082,11,0.3702,1,55,42.03,76.32,54.50795533546986
7234,43,55200.0,266,18.63,0.789,7,0.359,0,55,64.46,74.33,54.650752807642824
7235,61,69400.0,443,23.85,0.609,9,0.4974,0,55,69.81,84.5,54.32895777270943
7236,75,75600.0,154,17.94,0.779,4,0.4459,1,95,66.02,175.52,94.3642909247978
7237,83,106900.0,492,20.14,0.488,8,0.7258,1,35,36.41,64.4,45.97848676445576
7238,56,65100.0,37,26.05,0.811,1,0.3495,0,95,77.59,80.6,95.55733279031996
7239,86,47000.0,74,19.69,1.622,4,0.2649,0,95,129.31,124.85,95.18167133458992
7240,50,88200.0,460,21.42,0.978,15,0.6162,1,55,99.6,139.74,55.18275190654389
7241,74,95300.0,188,28.9,0.798,5,0.5768,0,55,91.82,92.71,53.238086679713966
7242,39,66700.0,183,21.21,0.492,3,0.4012,1,55,48.45,88.88,53.57135211192916
7243,62,61200.0,48,28.13,0.625,1,0.331,1,95,76.6,177.59,95.49977819547838
7244,18,70700.0,311,23.93,1.061,11,0.4644,1,55,107.74,170.92,54.57803663273547
7245,36,56800.0,76,11.57,1.184,3,0.315,0,95,64.98,77.89,96.6006913635931
7246,63,30000.0,368,11.21,0.815,10,0.2548,0,55,26.01,31.13,54.488118568684946
7247,33,72400.0,267,17.81,0.787,7,0.4612,1,55,48.36,99.22,54.254317850253905
7248,62,85100.0,69,24.31,0.435,1,0.4776,1,95,42.68,135.79,94.1542813930429
7249,70,98300.0,530,23.23,0.566,10,0.6919,1,55,62.44,118.66,49.784959180335306
7250,46,47900.0,85,11.55,1.059,3,0.2719,0,95,58.75,73.38,95.71056976298499
7251,39,66500.0,153,22.92,0.392,2,0.3911,0,95,35.57,50.3,95.59008798538294
7252,47,68600.0,781,25.29,0.691,18,0.5965,1,55,77.89,132.05,54.445876067337274
7253,39,63600.0,368,19.03,1.141,14,0.4387,1,55,83.48,148.31,54.36869966413186
7254,53,67000.0,454,21.1,0.727,11,0.4861,0,55,54.75,49.59,53.89454522517999
7255,57,66200.0,206,15.09,0.146,1,0.4052,1,55,0.0,59.36,55.281752346697246
7256,50,68400.0,1100,17.65,0.709,26,0.6863,1,55,48.96,100.46,55.090110564766405
7257,83,86200.0,994,20.52,0.664,22,0.7482,1,55,51.73,109.17,53.807241626704666
7258,43,88200.0,217,26.02,0.691,5,0.5426,0,55,79.95,71.73,53.20037142416682
7259,79,53900.0,96,19.37,0.312,1,0.305,0,95,28.68,14.47,94.65383103029448
7260,37,57800.0,131,17.02,1.145,5,0.3354,1,95,78.39,160.92,94.87135109570384
7261,56,56300.0,283,16.6,0.636,6,0.3701,0,55,42.7,48.53,54.5950705787764
7262,75,57100.0,192,8.73,0.469,3,0.3486,1,55,13.02,56.88,54.00095084079738
7263,74,34900.0,57,23.26,1.053,2,0.2076,0,95,83.74,80.33,94.94931823747413
7264,48,64100.0,361,9.19,0.748,9,0.4396,0,55,18.04,26.94,54.12674863361077
7265,64,76900.0,213,23.64,0.704,5,0.472,0,55,72.86,84.07,53.290746752776094
7266,62,63100.0,877,19.65,0.718,21,0.5927,1,55,55.33,100.53,54.73105031471785
7267,46,63000.0,173,18.12,0.694,4,0.3767,0,95,39.81,15.8,94.59008228947658
7268,65,75800.0,378,21.33,0.794,10,0.5166,1,55,78.68,125.64,54.06162410041926
7269,87,101000.0,463,21.84,0.778,12,0.6883,0,35,81.55,83.56,45.60348438706923
7270,63,57800.0,692,21.93,0.91,21,0.5036,1,55,89.46,151.17,54.90538170052353
7271,65,42400.0,816,9.79,0.699,19,0.4477,0,55,30.76,18.97,55.09021371596712
7272,66,65300.0,83,21.43,1.084,3,0.3637,0,95,95.21,77.54,96.68486851168308
7273,30,99600.0,960,21.55,0.969,31,0.7984,0,55,83.33,74.25,52.485826138378314
7274,63,42200.0,416,14.2,0.721,10,0.3289,0,55,42.26,37.07,54.193523003719
7275,38,75300.0,268,19.3,0.784,7,0.4793,1,55,65.55,141.43,54.25440621297843
7276,45,87300.0,400,22.27,0.45,6,0.5931,1,55,45.75,101.84,53.54983702508566
7277,90,30000.0,63,17.01,0.476,1,0.1896,0,95,36.02,42.51,94.61064741562991
7278,51,72800.0,235,20.74,0.766,6,0.4538,0,55,37.33,48.33,53.840922722228676
7279,42,75100.0,260,25.93,0.923,8,0.4756,1,55,104.94,155.45,54.10155426536485
7280,75,63400.0,37,24.73,2.432,3,0.34,0,95,242.17,243.17,90.04858003907388
7281,39,48200.0,281,18.77,0.854,8,0.3244,0,55,53.26,55.79,54.72188416420208
7282,47,51000.0,165,21.06,1.273,7,0.3081,0,95,108.82,114.88,94.92640184613906
7283,76,62300.0,43,29.47,0.698,1,0.3356,0,95,84.7,83.41,95.45066712939656
7284,56,58900.0,42,11.77,2.143,3,0.317,1,95,88.33,193.77,96.6962607500506
7285,28,49300.0,87,22.78,0.69,2,0.2793,0,95,57.73,68.77,94.46901841021415
7286,64,59600.0,18,26.66,1.667,1,0.3142,1,95,168.92,261.09,95.49463836585349
7287,48,88600.0,266,25.46,0.677,6,0.5602,0,55,61.16,68.75,53.10462155802176
7288,81,44700.0,34,26.23,0.882,1,0.2447,0,95,97.1,100.99,95.13316819935895
7289,45,30000.0,59,23.37,0.508,1,0.1888,1,95,42.51,164.13,94.55690084900348
7290,73,93900.0,75,22.4,1.2,3,0.5336,0,95,108.27,117.23,93.92506436404133
7291,85,67000.0,731,18.75,0.821,20,0.5718,0,55,67.48,71.34,55.65788833859151
7292,41,54000.0,846,20.75,0.745,21,0.5281,1,55,58.36,107.67,54.175938511882435
7293,52,62100.0,218,16.19,0.688,5,0.3846,1,55,50.78,95.43,54.045777758306585
7294,62,70800.0,321,34.18,0.561,6,0.4681,0,55,87.54,92.82,53.67932920810828
7295,40,51000.0,549,21.59,0.82,15,0.418,1,55,77.58,115.5,53.97262728610242
7296,60,76600.0,960,21.72,0.75,24,0.6922,1,55,69.96,141.2,54.166683379527704
7297,51,44000.0,251,9.55,0.598,5,0.2944,1,55,29.68,64.09,54.2120981238423
7298,51,57900.0,155,19.94,1.161,6,0.3426,1,95,95.76,180.47,95.02207012821596
7299,56,30000.0,167,8.57,1.078,6,0.2103,1,95,43.74,148.74,96.45269414463162
7300,56,89800.0,415,27.27,0.434,6,0.6123,0,55,37.95,37.6,53.70895960360411
7301,58,61900.0,670,6.77,0.761,17,0.5219,0,55,20.01,21.84,55.20327014083972
7302,45,77100.0,1100,28.48,0.682,25,0.7305,1,55,80.83,128.96,54.21549984168768
7303,46,73200.0,564,18.86,0.798,15,0.5582,0,55,59.6,58.33,53.948595802880554
7304,53,76100.0,275,12.96,0.109,1,0.4864,0,55,25.67,32.51,55.59143171688826
7305,54,64600.0,551,19.61,0.762,14,0.5015,0,55,58.24,49.92,54.79354903518014
7306,48,71800.0,387,20.85,0.93,12,0.4948,0,55,63.3,60.68,54.42364406436029
7307,61,46000.0,48,16.58,0.625,1,0.254,1,95,41.89,136.94,94.48120614332935
7308,24,34200.0,1100,22.03,0.655,24,0.4854,0,55,64.35,61.64,54.48253298891607
7309,43,60500.0,122,20.98,2.213,9,0.3478,0,95,178.73,186.24,94.71543258365716
7310,50,49700.0,193,21.44,1.244,8,0.3087,0,55,106.39,110.99,54.60584145268622
7311,40,91900.0,266,22.54,0.564,5,0.5801,0,55,50.26,49.22,53.14420705949828
7312,83,78500.0,508,23.91,0.709,12,0.5731,1,55,67.33,105.27,54.44690984511393
7313,55,50000.0,82,10.96,0.366,1,0.2815,0,95,11.26,23.08,97.07998655920497
7314,58,59900.0,67,20.28,1.343,3,0.3292,0,95,117.72,108.48,95.86961484230739
7315,47,66200.0,188,16.14,0.16,1,0.3998,0,55,27.67,45.43,55.333818513333924
7316,55,63600.0,750,26.14,0.84,21,0.5571,1,55,81.11,127.67,54.35941175433607
7317,34,66500.0,56,20.35,2.143,4,0.3628,0,95,163.98,166.53,96.52048206385552
7318,52,65800.0,179,23.18,0.67,4,0.3947,1,95,58.62,159.98,86.02351669314454
7319,39,32600.0,87,16.2,0.345,1,0.2044,1,95,33.61,126.65,94.1837802973925
7320,50,30000.0,327,23.53,1.101,12,0.2453,1,55,101.56,159.68,54.573922834891114
7321,18,49800.0,990,9.67,0.758,25,0.547,0,55,32.25,29.42,54.717496618593685
7322,36,73000.0,196,20.38,0.765,5,0.443,0,55,55.06,73.96,53.717418254171704
7323,80,62400.0,220,14.56,0.409,3,0.387,1,55,38.09,95.11,54.33645888483859
7324,69,93800.0,191,13.82,0.785,5,0.5687,0,55,41.03,39.87,53.706138678703105
7325,77,68400.0,144,15.13,0.625,3,0.3996,1,95,39.82,137.26,95.31394203863644
7326,79,98300.0,416,30.61,0.433,6,0.6609,0,55,46.65,57.97,49.43836467604908
7327,66,91400.0,203,23.56,1.33,9,0.5578,0,55,118.2,122.11,54.350798767830696
7328,47,85500.0,213,21.73,1.549,11,0.5249,0,55,134.61,136.44,54.57177143952668
7329,37,36100.0,858,19.28,0.874,25,0.4224,1,55,68.24,108.89,54.184076043523056
7330,74,69200.0,1100,20.96,0.818,30,0.6906,1,55,75.48,142.04,54.94923723673919
7331,56,90900.0,1100,26.7,0.9,33,0.7919,1,55,82.62,141.12,53.388814491553724
7332,90,77700.0,79,23.27,0.38,1,0.4356,1,95,27.76,118.31,94.49295674824023
7333,49,75400.0,288,24.02,0.417,4,0.4861,1,55,34.57,92.83,53.5171432266592
7334,89,42700.0,96,14.16,0.312,1,0.2499,0,95,18.63,32.54,94.15791558724897
7335,52,104700.0,146,30.94,1.027,5,0.6198,1,75,118.07,200.22,94.8733151920849
7336,78,53000.0,823,11.89,0.729,20,0.5148,1,55,33.91,108.59,55.175489395908905
7337,84,30000.0,692,14.07,0.607,14,0.3386,1,55,29.01,92.76,56.22138076456159
7338,38,54200.0,209,23.61,0.718,5,0.3373,0,55,66.72,47.43,53.41722603700603
7339,47,30000.0,176,13.73,0.682,4,0.2122,0,95,31.26,43.87,93.31978522039722
7340,37,38600.0,197,13.64,1.066,7,0.2546,0,55,50.07,32.64,55.02371930770713
7341,34,114500.0,368,38.62,0.734,9,0.7322,1,35,115.67,164.18,45.75433220553649
7342,66,59200.0,220,25.97,0.136,1,0.3685,0,55,23.03,31.88,54.82726520504783
7343,52,34400.0,43,15.87,1.395,2,0.2027,0,95,95.06,111.86,94.80404644537794
7344,56,65700.0,378,15.0,1.111,14,0.4546,0,55,75.56,79.99,54.39971338270681
7345,64,47900.0,75,7.01,0.8,2,0.2695,1,95,32.27,130.13,96.7555495976791
7346,23,76800.0,430,25.06,0.977,14,0.5388,0,55,96.65,109.04,54.806501070412835
7347,77,50700.0,178,23.93,0.506,3,0.31,1,95,63.4,146.63,91.98660770784586
7348,49,69500.0,995,22.4,0.814,27,0.6636,1,55,78.98,134.39,54.62526958445594
7349,64,42700.0,349,7.85,0.516,6,0.3134,1,55,8.6,61.3,54.27815372338211
7350,66,120000.0,868,28.8,0.726,21,0.8537,1,35,78.29,108.99,49.018117584111536
7351,78,80200.0,47,19.6,0.638,1,0.4409,0,95,51.23,45.52,94.85024006611337
7352,53,61500.0,98,20.03,1.224,4,0.3466,0,95,105.11,106.69,95.80416821977384
7353,19,51600.0,237,27.46,0.38,3,0.3308,0,55,39.91,47.09,53.83699399892576
7354,56,53600.0,557,21.99,0.539,10,0.4361,1,55,39.64,109.51,54.32516550365548
7355,58,49600.0,326,20.32,0.92,10,0.3446,0,55,81.1,78.25,54.436645447183096
7356,37,44800.0,318,16.49,0.849,9,0.3163,0,55,47.06,43.39,54.4987016752968
7357,58,100800.0,338,27.19,0.799,9,0.6529,1,35,89.33,96.12,45.40646018487367
7358,49,52200.0,510,14.21,0.941,16,0.4134,0,55,53.83,68.48,55.18043297332776
7359,32,30000.0,61,17.27,0.492,1,0.1892,1,95,23.25,104.67,94.5018159494459
7360,66,42700.0,32,15.44,1.875,2,0.2353,0,95,130.02,134.82,94.83896061247637
7361,45,82500.0,482,18.26,0.685,11,0.5892,1,55,50.17,108.09,54.10566170205097
7362,48,58300.0,63,22.82,0.476,1,0.3194,0,95,33.96,43.87,95.32951904200206
7363,47,60600.0,81,7.93,1.111,3,0.3369,0,95,35.63,26.83,97.75353939106613
7364,76,93800.0,581,21.35,1.084,21,0.6818,1,55,78.73,139.47,54.08521500701682
7365,54,48500.0,245,20.34,0.98,8,0.3163,0,55,82.62,98.91,55.46519870121348
7366,56,78500.0,661,27.9,0.817,18,0.6189,0,55,98.07,100.39,53.66661257481117
7367,48,49600.0,265,19.8,1.019,9,0.3276,1,55,102.32,148.56,55.83716709241842
7368,63,78700.0,231,18.44,0.13,1,0.4887,0,55,10.37,0.0,55.25603923156511
7369,78,61400.0,51,18.96,1.176,2,0.3329,0,95,83.92,98.81,95.89277522747604
7370,66,62100.0,41,20.77,2.927,4,0.334,1,95,244.83,335.44,86.21404683590522
7371,67,84600.0,570,30.49,0.789,15,0.6276,1,55,107.75,160.34,53.87939671741776
7372,65,82700.0,73,27.01,0.822,2,0.4642,0,95,92.82,118.1,94.1158747103367
7373,32,56900.0,164,23.17,0.183,1,0.3396,0,95,23.62,32.85,94.04536348130036
7374,40,52100.0,291,18.14,0.619,6,0.3486,0,55,51.0,62.45,54.412026186924706
7375,52,98000.0,418,19.35,0.574,8,0.6598,1,55,48.48,119.89,50.43971820334914
7376,43,75000.0,578,14.22,0.882,17,0.5734,0,55,38.95,23.35,53.903664952063515
7377,37,53200.0,75,16.47,2.4,6,0.2959,0,95,146.46,161.81,90.72075275701187
7378,23,44900.0,752,20.23,0.997,25,0.4432,0,55,68.04,84.75,55.06829313175759
7379,32,81900.0,125,19.78,0.24,1,0.4754,0,95,9.41,4.95,94.30714479607958
7380,51,66600.0,1100,22.85,0.682,25,0.6767,0,55,53.68,61.2,54.89087559311036
7381,54,61400.0,40,15.24,0.75,1,0.3299,0,95,60.6,70.27,95.69668860904946
7382,42,64800.0,53,16.52,0.566,1,0.3523,0,95,31.75,24.67,96.05086934937432
7383,56,72300.0,105,27.89,0.286,1,0.4111,0,95,32.71,41.85,95.15716089534007
7384,48,62400.0,64,23.19,0.469,1,0.342,1,95,41.55,130.2,95.64108555475578
7385,74,94100.0,35,22.58,2.571,3,0.5224,1,95,233.76,354.68,86.34029355107906
7386,52,90800.0,1100,19.47,0.682,25,0.7915,0,55,53.67,55.29,53.753360527730976
7387,67,78600.0,104,26.53,1.731,6,0.4487,0,95,173.65,179.32,93.99303108002086
7388,58,94500.0,26,28.56,5.0,5,0.522,1,95,575.98,654.71,96.93236626690268
7389,31,60400.0,63,22.26,0.952,2,0.3308,0,95,79.33,83.29,95.44937856721414
7390,53,79100.0,748,20.98,0.882,22,0.6475,1,55,68.31,135.51,53.77213771720739
7391,34,81900.0,9,16.81,3.333,1,0.4396,1,95,221.66,307.71,85.94196279374691
7392,53,86000.0,909,22.83,0.693,21,0.7268,1,55,69.76,119.53,53.118778156716886
7393,42,81600.0,89,29.28,1.011,3,0.4624,1,95,113.41,201.3,95.07783680075308
7394,61,79500.0,149,17.38,0.805,4,0.4681,1,95,56.7,140.16,94.35307185903348
7395,32,101500.0,1100,25.46,0.873,32,0.8317,1,35,92.13,114.18,51.32219582000795
7396,55,53700.0,421,26.23,0.57,8,0.3956,0,55,61.86,72.15,54.133370497989844
7397,65,63700.0,773,18.03,0.699,18,0.5647,0,55,52.03,39.37,55.53739766944101
7398,70,63500.0,225,18.89,0.667,5,0.3949,1,55,39.17,76.33,54.022289443303926
7399,42,54700.0,7,11.45,4.286,1,0.2861,0,95,197.31,191.99,91.59124220649308
7400,55,30000.0,150,17.62,0.2,1,0.2068,1,95,6.78,102.28,94.35678902938906
7401,58,94500.0,128,20.47,0.469,2,0.5536,0,95,24.32,30.13,93.71115595231406
7402,81,48700.0,302,9.53,0.695,7,0.3329,1,55,22.79,68.92,54.341119600998184
7403,30,63600.0,216,14.77,1.389,10,0.3928,1,55,77.91,127.03,54.793553804227855
7404,40,32100.0,426,15.86,0.563,8,0.2791,0,55,59.4,64.81,54.74112618480497
7405,90,85000.0,123,14.85,1.463,6,0.4938,0,95,94.71,103.76,94.44326737423769
7406,50,47500.0,250,10.2,1.2,10,0.3123,1,55,55.23,122.67,54.87743215796656
7407,23,34700.0,423,18.0,0.638,9,0.2914,1,55,42.67,102.47,54.41194015548585
7408,45,67100.0,211,19.7,0.853,6,0.412,0,55,65.73,49.16,54.38606455988552
7409,18,42900.0,177,11.87,1.017,6,0.2703,0,95,68.86,60.11,94.04059755298648
7410,59,53700.0,592,16.45,0.811,16,0.4474,0,55,48.28,60.82,54.761352796870206
7411,69,71400.0,392,29.4,0.765,10,0.4939,0,55,92.0,109.71,54.03660058130268
7412,40,78800.0,528,28.23,0.625,11,0.581,1,55,85.31,139.43,53.935758295129
7413,47,46200.0,426,16.39,0.915,13,0.3538,0,55,54.2,52.44,54.461850159862976
7414,71,47400.0,39,21.19,0.769,1,0.2584,0,95,66.38,56.37,94.6778990211037
7415,25,59500.0,201,19.53,0.746,5,0.3647,0,55,58.13,72.34,53.78099294171468
7416,33,71900.0,231,11.91,0.779,6,0.447,1,55,30.0,74.42,54.12768085949676
7417,51,94900.0,303,14.47,0.99,10,0.6089,1,55,63.5,138.12,54.7046651124518
7418,42,39900.0,905,11.44,0.928,28,0.4599,1,55,33.54,87.73,54.31365220656958
7419,50,57300.0,190,10.72,0.474,3,0.3491,0,55,26.53,17.93,53.98037828329716
7420,34,85500.0,211,24.18,0.711,5,0.5243,0,55,72.2,54.37,53.025713277147105
7421,59,107200.0,120,23.33,0.25,1,0.6266,0,75,30.51,27.81,93.4852848689689
7422,52,43500.0,808,18.65,0.928,25,0.4519,0,55,67.68,66.41,54.500205881591164
7423,64,51300.0,972,19.9,0.741,24,0.5506,0,55,62.1,58.91,54.590949877963105
7424,58,73600.0,608,24.49,0.691,14,0.5741,1,55,75.9,130.95,54.05195595319599
7425,59,53700.0,216,13.4,0.833,6,0.3365,0,55,33.38,47.23,54.23780140331408
7426,30,44100.0,560,19.19,0.75,14,0.3806,0,55,47.9,54.09,54.44849121072408
7427,63,71700.0,176,15.98,0.341,2,0.429,0,95,26.45,28.4,94.88933954908994
7428,49,96300.0,682,28.0,0.924,21,0.7209,1,55,110.07,176.49,52.6481787462001
7429,52,36900.0,550,21.65,0.873,16,0.337,1,55,76.69,122.52,54.13249950104764
7430,73,100100.0,733,28.63,0.859,21,0.7514,1,35,105.73,147.87,47.321652761066694
7431,43,50500.0,83,16.69,0.361,1,0.2843,1,95,21.2,123.15,94.49298609965734
7432,78,76900.0,173,24.37,0.347,2,0.4596,0,95,43.96,58.96,93.84587469661993
7433,80,103400.0,504,17.84,0.714,12,0.7114,1,35,50.37,71.66,46.20968031170083
7434,68,74400.0,826,12.37,0.835,23,0.6433,1,55,35.09,81.42,54.2090732751051
7435,38,55400.0,991,20.64,0.787,26,0.5812,0,55,76.37,68.27,54.43349451170295
7436,18,72700.0,302,27.44,0.497,5,0.4739,1,55,61.17,120.95,53.57851013272843
7437,73,65000.0,170,13.59,1.059,6,0.3874,1,95,53.96,151.2,95.78081473413552
7438,57,76300.0,183,21.52,0.328,2,0.4591,0,55,24.79,30.47,54.48183872738858
7439,42,58100.0,638,20.91,0.658,14,0.4886,1,55,59.84,93.77,54.66365175863818
7440,75,87100.0,21,19.99,1.429,1,0.475,0,95,106.26,120.98,94.64271702838161
7441,40,32700.0,47,13.21,0.638,1,0.1969,1,95,36.28,133.63,94.16240875523107
7442,48,42300.0,10,19.41,3.0,1,0.2286,0,95,231.57,237.1,85.90727968459535
7443,64,37200.0,497,16.12,1.026,17,0.3241,0,55,67.87,71.58,55.95000802024939
7444,36,60000.0,21,19.56,5.0,5,0.3172,0,95,375.03,368.75,93.0621066021038
7445,53,32500.0,55,9.96,4.364,8,0.1976,0,95,166.61,171.79,94.20427479207915
7446,74,54300.0,554,17.99,0.812,15,0.4394,0,55,60.46,61.22,55.105938198056855
7447,59,42500.0,18,14.39,3.333,2,0.2313,0,95,200.27,200.9,85.96279793743842
7448,76,100300.0,110,23.32,0.545,2,0.5831,1,75,49.79,129.72,93.47137162554846
7449,74,48000.0,108,14.49,0.556,2,0.2781,0,95,38.01,36.98,94.20528490800191
7450,55,38000.0,1100,15.56,0.818,30,0.5088,0,55,39.06,25.45,54.64441894376547
7451,18,62800.0,100,15.08,2.1,7,0.3544,1,95,123.08,216.27,95.83108358400018
7452,36,96600.0,108,24.55,1.389,5,0.5602,0,95,138.64,154.89,93.74159412225944
7453,68,65200.0,15,17.95,2.0,1,0.3438,0,95,143.1,137.57,96.62903472634987
7454,29,59000.0,483,14.19,0.807,13,0.4461,1,55,51.91,107.85,53.99919795829301
7455,49,90900.0,690,13.89,0.652,15,0.6956,0,55,34.17,42.51,55.10514220987132
7456,61,84600.0,243,27.43,0.617,5,0.5287,0,55,65.72,86.91,53.356524460323755
7457,80,78900.0,154,25.57,1.753,9,0.466,1,95,184.53,276.97,93.97806764717546
7458,45,50800.0,62,13.6,0.484,1,0.2805,1,95,22.03,104.76,94.63740849700969
7459,44,72400.0,48,24.27,5.0,8,0.3946,0,95,478.14,484.86,93.36414886802993
7460,54,36200.0,146,10.31,1.027,5,0.2321,1,95,46.07,132.95,96.23385000467401
7461,61,53100.0,955,16.43,0.691,22,0.5563,0,55,37.7,40.66,54.885063849280336
7462,52,94500.0,18,21.52,1.667,1,0.5196,1,95,154.84,255.9,94.59538140751265
7463,73,95900.0,1100,23.0,0.682,25,0.8115,1,55,48.01,98.21,53.558036225435494
7464,41,71400.0,26,23.94,1.154,1,0.3822,0,95,108.12,105.4,96.56900026947774
7465,57,30000.0,1100,12.49,0.764,28,0.4597,0,55,51.18,59.37,54.76837329116061
7466,63,41200.0,23,14.48,1.304,1,0.2267,0,95,91.33,102.26,94.76643798901422
7467,48,49300.0,117,21.11,0.256,1,0.2869,0,95,20.89,21.33,94.26121247887106
7468,69,64200.0,457,19.94,0.722,11,0.4699,1,55,66.42,123.1,54.82821664792371
7469,58,39300.0,249,12.94,0.241,2,0.2705,1,55,18.68,62.44,55.53244558453025
7470,68,62400.0,179,20.56,0.168,1,0.3749,0,95,9.88,11.06,85.13206703121303
7471,58,102700.0,1100,30.37,0.655,24,0.8357,1,35,83.31,114.39,51.04397289153932
7472,61,74600.0,1100,26.47,0.9,33,0.7182,1,55,88.4,144.19,54.43411678092436
7473,44,67400.0,337,13.49,0.89,10,0.4523,1,55,35.53,104.71,54.233275835577295
7474,44,41400.0,119,9.84,1.261,5,0.2493,0,95,53.67,42.41,96.79247731713839
7475,76,34800.0,392,20.22,0.765,10,0.2839,0,55,66.38,78.13,54.706637234765644
7476,66,41400.0,90,14.77,1.333,4,0.2426,0,95,69.27,71.22,94.56238329116634
7477,38,30000.0,167,3.5,1.437,8,0.2103,0,95,18.98,18.71,96.99763076420497
7478,58,67200.0,320,16.43,0.844,9,0.4458,1,55,45.98,92.29,54.34542393493416
7479,18,65700.0,325,17.66,1.2,13,0.4383,1,55,81.08,138.87,54.67747978207758
7480,45,42700.0,243,14.84,0.741,6,0.2858,1,55,40.49,117.21,54.616634537785465
7481,71,71300.0,1053,24.52,0.798,28,0.6891,1,55,84.19,113.72,54.48155878770874
7482,53,95400.0,101,19.66,1.485,5,0.5508,1,95,112.78,188.22,94.21924189138788
7483,57,106500.0,359,30.65,0.501,6,0.6895,1,35,51.33,84.56,45.591287179364095
7484,18,73800.0,244,22.5,0.738,6,0.4626,0,55,80.15,83.42,53.425808938352574
7485,48,59900.0,190,12.55,0.158,1,0.3638,0,55,11.89,21.29,55.21642212730362
7486,61,81700.0,10,20.66,3.0,1,0.4387,0,95,255.09,259.61,86.10564820419049
7487,63,95000.0,264,26.72,0.682,6,0.5979,1,55,77.76,116.4,52.45203252560488
7488,71,30000.0,272,14.7,0.662,6,0.2328,0,55,46.45,52.62,54.700455403264165
7489,51,95300.0,1100,26.19,0.709,26,0.8092,1,55,77.77,131.04,53.25353605183664
7490,52,53000.0,407,15.01,0.885,12,0.3873,0,55,56.86,65.71,53.95097990851346
7491,32,49200.0,166,20.15,0.181,1,0.299,0,95,15.61,8.44,94.03620550777063
7492,52,56900.0,406,16.54,1.182,16,0.41,1,55,74.69,114.37,54.588928466003004
7493,34,67500.0,24,32.86,2.5,2,0.3593,0,95,335.69,331.18,91.84086409439394
7494,24,35500.0,156,8.73,0.192,1,0.2312,0,95,4.59,9.5,96.38856290175066
7495,37,55400.0,142,31.8,1.056,5,0.3253,0,95,135.27,139.09,95.70949838351851
7496,81,81200.0,315,17.42,1.048,11,0.5302,0,55,75.99,76.15,55.55582682530937
7497,50,68600.0,646,26.65,0.789,17,0.5555,0,55,87.74,81.63,53.93741976830948
7498,59,73800.0,528,25.21,0.568,10,0.5508,0,55,49.16,47.84,54.021290557387914
7499,46,56400.0,240,13.91,1.625,13,0.3583,1,55,92.02,161.84,54.92827671046834
7500,25,73600.0,385,24.04,0.935,12,0.5052,0,55,81.74,107.26,54.150421979868305
7501,71,90400.0,69,21.08,0.435,1,0.5102,0,95,38.11,42.36,94.1045331630592
7502,18,78500.0,93,23.15,0.968,3,0.4447,1,95,95.88,201.13,94.85884079708539
7503,46,72200.0,385,21.57,0.701,9,0.4966,1,55,74.88,122.61,53.65972071655401
7504,54,84500.0,54,20.93,0.556,1,0.4693,1,95,51.17,159.7,94.78818966044608
7505,59,84100.0,112,20.45,0.268,1,0.4849,0,95,28.83,25.34,94.2287521939681
7506,43,118800.0,296,29.52,0.811,8,0.7354,0,35,87.06,74.39,45.848216080591186
7507,24,84400.0,156,18.14,0.192,1,0.5004,1,95,18.24,124.76,94.0487409854042
7508,41,60300.0,105,14.71,0.571,2,0.3419,0,95,24.67,25.57,94.70174355088723
7509,42,43300.0,192,21.27,0.938,6,0.2759,0,55,89.42,103.36,54.92266504497432
7510,42,56900.0,178,20.68,0.506,3,0.3435,1,95,33.33,136.59,91.85374799022841
7511,71,61200.0,73,12.65,0.411,1,0.3379,0,95,12.98,0.04,95.63882611817222
7512,34,71500.0,38,15.71,2.368,3,0.3863,1,95,154.84,251.69,92.83723022850144
7513,60,51300.0,614,7.01,0.635,13,0.4396,0,55,31.24,22.28,55.138570097158315
7514,58,90600.0,1062,28.14,0.706,25,0.7828,1,55,87.93,155.57,53.365964050886326
7515,71,39000.0,917,19.29,0.622,19,0.4581,1,55,45.16,101.02,54.94537004149673
7516,53,30300.0,60,9.1,0.5,1,0.1902,0,95,10.29,3.7,96.84483342971075
7517,68,64800.0,770,22.97,0.779,20,0.5704,0,55,68.15,47.85,55.20397747076525
7518,52,46700.0,30,26.93,3.0,3,0.253,1,95,324.17,430.83,88.47532349799576
7519,62,40000.0,104,8.3,0.288,1,0.2395,0,95,8.94,5.52,96.57696553659723
7520,29,46400.0,243,13.88,0.988,8,0.3047,0,55,46.62,44.0,55.562024296457864
7521,18,41600.0,453,8.43,0.795,12,0.3359,0,55,37.1,41.93,54.21366004379511
7522,61,66400.0,51,24.7,0.588,1,0.3608,0,95,68.56,59.71,95.90486959564893
7523,62,53400.0,394,17.53,0.761,10,0.3858,1,55,68.44,108.26,54.218374195529265
7524,63,55300.0,565,16.3,0.956,18,0.4489,0,55,49.05,50.98,55.69367030125798
7525,46,63100.0,6,20.6,5.0,1,0.3298,0,95,405.53,396.22,93.42318387822017
7526,80,91300.0,231,20.91,1.558,12,0.5658,0,55,132.32,131.55,54.688541020780136
7527,47,94300.0,460,22.14,0.652,10,0.651,0,55,57.78,49.13,53.164694983962065
7528,62,69500.0,80,21.8,0.375,1,0.3871,0,95,29.1,15.51,96.0674019150058
7529,65,71700.0,1100,17.7,0.764,28,0.7035,1,55,47.24,85.83,54.92517821025802
7530,84,67000.0,42,17.71,2.857,4,0.3616,0,95,194.41,195.42,86.29773112607776
7531,50,74100.0,19,20.33,1.579,1,0.3959,0,95,144.61,155.58,96.32388567953372
7532,44,71000.0,1100,21.11,0.764,28,0.6999,1,55,53.1,117.88,54.851289274090945
7533,30,87800.0,68,26.18,3.529,8,0.4939,1,95,357.1,452.35,87.16539039625478
7534,81,30500.0,881,17.49,0.783,23,0.396,1,55,45.27,114.52,54.5992125486328
7535,62,61500.0,311,11.73,1.64,17,0.4088,0,55,78.49,73.13,54.82281463444485
7536,63,73700.0,203,28.09,1.33,9,0.4494,0,55,147.25,155.44,54.48409035430647
7537,90,71400.0,1100,21.01,0.764,28,0.702,1,55,67.52,117.59,54.91634303802524
7538,61,46500.0,808,15.32,0.78,21,0.4702,1,55,42.14,89.89,54.77535030781067
7539,33,33300.0,471,10.48,0.701,11,0.2966,0,55,30.09,38.19,54.471997208536706
7540,52,81300.0,170,32.14,0.882,5,0.4857,1,95,114.07,213.39,94.98856565269536
7541,38,45700.0,1004,28.65,0.807,27,0.5262,1,55,105.08,166.38,54.148740894947245
7542,48,30000.0,4,23.83,5.0,1,0.1786,0,95,490.83,475.95,93.65374326790491
7543,48,81600.0,235,22.85,0.255,2,0.5078,0,55,22.1,32.39,54.87216167881583
7544,45,72600.0,180,22.61,1.333,8,0.4356,0,55,127.4,134.17,57.26479468919827
7545,31,57800.0,2,26.13,5.0,3,0.3006,0,95,523.9,519.87,94.00957609353398
7546,82,51200.0,739,16.48,0.568,14,0.4776,1,55,43.61,104.44,55.95665427508885
7547,60,63600.0,39,22.25,0.769,1,0.3417,1,95,71.52,177.48,96.11476289367091
7548,51,89700.0,185,24.59,1.297,8,0.5419,1,55,133.46,181.1,54.27934469283749
7549,68,33700.0,163,24.65,1.288,7,0.2249,0,95,133.82,126.53,95.15901117279763
7550,63,33800.0,496,22.25,0.605,10,0.3057,0,55,57.24,54.36,54.869414097590024
7551,60,52800.0,194,17.23,1.237,8,0.3255,1,55,86.35,119.13,54.563013335146245
7552,67,66800.0,131,27.65,0.687,3,0.3864,1,95,84.32,182.63,95.4192397984514
7553,57,55000.0,109,18.23,1.101,4,0.3143,1,95,79.21,183.32,94.95720504011622
7554,66,80700.0,410,19.38,0.512,7,0.5564,1,55,35.08,95.78,54.17111561534323
7555,68,90500.0,85,22.15,0.353,1,0.5158,0,95,18.84,23.63,93.89621312213994
7556,58,71500.0,643,21.46,0.653,14,0.5721,0,55,59.46,69.69,54.2613706636225
7557,51,76000.0,17,17.47,3.529,2,0.4066,0,95,252.14,251.14,85.65750544262826
7558,81,75900.0,205,18.8,0.732,5,0.4634,0,55,41.26,25.54,53.99285017582889
7559,47,63600.0,428,12.32,0.911,13,0.4572,1,55,39.98,96.28,54.24320073094858
7560,62,39200.0,387,11.77,1.008,13,0.3051,1,55,53.46,121.48,55.60217952118921
7561,62,44800.0,331,17.89,0.634,7,0.3198,1,55,44.22,102.83,54.19665163983808
7562,45,34600.0,130,20.4,0.462,2,0.2217,0,95,38.14,34.42,94.08511953989648
7563,41,59100.0,375,23.44,0.24,3,0.4138,0,55,29.8,37.65,55.23839846128072
7564,49,68700.0,725,22.45,0.538,13,0.5802,1,55,47.45,106.31,54.653574023256304
7565,47,33000.0,539,7.3,0.501,9,0.313,1,55,17.7,70.55,54.91723346455554
7566,30,61500.0,228,14.92,0.921,7,0.3841,1,55,46.32,102.51,54.59730981543099
7567,44,44400.0,326,15.67,0.644,7,0.3163,0,55,43.18,40.0,54.35375590866739
7568,60,43500.0,26,21.34,1.154,1,0.2375,0,95,87.79,93.94,95.12039629058064
7569,77,56300.0,295,15.66,0.508,5,0.3736,1,55,21.45,67.45,54.580286480483224
7570,64,43300.0,17,10.4,1.765,1,0.2346,0,95,69.4,72.7,97.0405084222559
7571,18,70300.0,147,27.79,1.224,6,0.4118,0,95,140.45,149.14,95.36203860716176
7572,66,63700.0,680,15.88,0.75,17,0.5361,0,55,48.06,50.44,55.67757090738963
7573,46,80300.0,179,16.41,1.173,7,0.4823,1,95,70.68,168.17,85.5412018737545
7574,63,57300.0,350,19.73,0.171,2,0.3956,1,55,20.52,76.22,55.60215582120683
7575,55,56500.0,208,18.22,1.01,7,0.3498,1,55,76.16,136.5,55.110468589381256
7576,52,103700.0,178,23.05,0.506,3,0.6233,0,75,55.01,51.42,91.41160414402273
7577,53,30500.0,698,14.58,0.731,17,0.343,0,55,35.51,34.2,55.29669049673957
7578,55,92000.0,967,19.17,0.869,28,0.7682,1,55,78.11,124.1,53.29550930050886
7579,78,104300.0,163,23.09,0.552,3,0.6224,0,75,63.64,60.94,93.39791112966063
7580,55,81100.0,118,21.98,1.017,4,0.4683,1,95,96.71,171.66,94.38109082100083
7581,73,61700.0,121,9.08,0.248,1,0.3542,0,95,12.91,13.2,97.61236652239977
7582,71,98200.0,277,29.51,0.758,7,0.6205,0,55,93.45,99.61,49.835191489157005
7583,66,60400.0,538,12.2,0.502,9,0.4717,1,55,27.14,81.47,55.313832380040544
7584,25,44200.0,554,11.94,0.758,14,0.3794,0,55,25.22,34.43,54.58449036007381
7585,74,60600.0,137,24.09,1.095,5,0.3526,1,95,100.72,209.08,95.3677401060538
7586,47,51400.0,13,20.56,5.0,4,0.2712,0,95,410.37,410.21,93.35160128924882
7587,67,47500.0,123,17.56,0.244,1,0.2794,0,95,8.9,0.0,94.1192144269618
7588,38,84900.0,514,14.19,0.642,11,0.6129,1,55,47.92,113.83,54.60455719243871
7589,35,44800.0,398,13.69,0.603,8,0.3382,0,55,37.02,45.92,54.24537640929136
7590,89,71200.0,677,19.6,0.709,16,0.5806,1,55,69.84,129.33,55.5101275560286
7591,39,31500.0,1100,14.01,0.682,25,0.4688,1,55,44.54,94.3,54.88013135537769
7592,74,69400.0,79,26.12,0.38,1,0.3862,0,95,28.53,32.31,94.92469200037056
7593,57,41100.0,187,26.14,0.321,2,0.264,0,55,44.02,40.91,54.70228375658856
7594,48,38800.0,425,18.89,0.706,10,0.3131,0,55,49.74,42.4,54.491863712337896
7595,54,62500.0,566,16.7,0.742,14,0.4933,1,55,60.48,119.07,54.937181462008866
7596,33,82800.0,365,28.49,0.904,11,0.5554,1,55,115.08,160.35,53.83679348907852
7597,55,74200.0,670,18.18,0.851,19,0.5964,0,55,72.7,80.26,54.123087649672485
7598,37,72100.0,65,7.7,0.462,1,0.3979,1,95,22.82,120.63,98.6296623310635
7599,48,60900.0,39,12.89,0.769,1,0.3269,1,95,43.12,137.0,95.80246711920711
7600,71,61200.0,97,7.32,1.237,4,0.3446,1,95,36.14,130.72,97.9971520593955
7601,59,82400.0,704,20.44,0.767,18,0.6535,0,55,77.79,67.06,54.32934576389956
7602,30,48200.0,110,16.34,0.545,2,0.2796,0,95,37.8,27.67,93.6709529411851
7603,69,85300.0,190,14.83,1.263,8,0.5165,1,55,71.84,144.17,54.55210375786015
7604,55,91000.0,1100,19.38,0.791,29,0.7923,1,55,64.85,118.34,53.76104179105441
7605,46,45500.0,640,9.69,0.75,16,0.4127,1,55,38.26,79.02,54.700316389933825
7606,68,53000.0,103,17.31,0.874,3,0.3022,1,95,69.41,173.6,94.87276582767163
7607,52,52900.0,37,13.67,2.432,3,0.2846,0,95,124.29,114.05,89.82576389711296
7608,35,30200.0,206,19.58,0.437,3,0.2193,0,55,42.87,48.63,54.17836113240197
7609,86,61300.0,936,20.04,0.673,21,0.5997,1,55,59.46,129.2,54.97916300117052
7610,55,92300.0,87,31.87,0.345,1,0.5275,1,95,41.22,134.05,94.8371881852264
7611,54,42800.0,148,14.15,0.203,1,0.2627,0,95,4.89,16.47,93.8631989484727
7612,48,91400.0,226,34.43,0.796,6,0.5649,1,55,121.07,183.4,53.69720453459621
7613,75,59900.0,406,19.0,0.739,10,0.428,1,55,68.39,139.13,54.80302921615602
7614,46,107600.0,403,23.5,0.744,10,0.7068,1,35,82.49,123.31,45.6419826514993
7615,29,45500.0,1100,28.87,0.709,26,0.5547,1,55,71.41,121.13,54.33527428933538
7616,43,59600.0,65,9.8,3.231,7,0.327,0,95,124.98,104.15,91.79982528753165
7617,78,50500.0,1100,14.81,0.818,30,0.5848,0,55,48.91,40.99,54.60653997762808
7618,69,53400.0,79,9.68,0.759,2,0.298,1,95,41.41,131.39,97.18889756239028
7619,51,92300.0,184,14.65,0.815,5,0.5574,0,55,54.22,64.15,53.92869187808332
7620,78,79600.0,104,11.6,2.019,7,0.4548,0,95,91.89,104.03,96.35380800984679
7621,68,89200.0,390,26.46,0.615,8,0.6013,1,55,66.39,110.43,54.18891777622441
7622,50,36400.0,72,8.81,0.417,1,0.2169,0,95,20.41,32.63,96.67668857137065
7623,52,78200.0,333,20.46,0.811,9,0.5173,1,55,72.35,119.62,53.78029182098612
7624,61,45800.0,346,21.33,0.867,10,0.3292,0,55,87.42,79.08,54.047277203155915
7625,41,34100.0,127,17.43,1.181,5,0.2189,0,95,93.99,80.16,94.75699115159094
7626,55,70000.0,402,22.57,0.97,13,0.4884,1,55,97.55,155.93,55.385397798631345
7627,60,70800.0,107,26.69,0.28,1,0.4027,0,95,23.78,17.92,94.68389481349844
7628,26,60300.0,120,27.09,0.25,1,0.3461,0,95,21.47,34.6,94.80646401064503
7629,52,79500.0,472,15.67,0.636,10,0.5682,1,55,31.94,77.86,53.83056767468251
7630,50,82300.0,36,24.76,2.5,3,0.4503,0,95,250.99,258.31,86.04581800162008
7631,72,99300.0,80,23.53,0.375,1,0.568,0,95,31.54,19.42,93.67252425099232
7632,24,33800.0,334,14.34,0.269,3,0.2647,1,55,20.2,85.51,55.621412882657005
7633,49,95300.0,65,16.74,0.923,2,0.539,1,95,67.72,163.9,94.33533270234676
7634,47,102900.0,384,22.78,0.625,8,0.6771,1,35,58.92,96.85,45.73683832901516
7635,71,60500.0,274,16.96,0.219,2,0.3918,0,55,22.11,18.53,55.86601410642419
7636,54,30000.0,972,21.65,0.772,25,0.4204,1,55,61.93,112.78,54.19213229865439
7637,86,42100.0,1100,10.54,0.709,26,0.5339,0,55,18.31,23.27,54.968456197800855
7638,66,57500.0,352,6.7,1.193,14,0.3974,0,55,26.57,44.65,54.76216915007531
7639,48,105900.0,409,25.85,0.733,10,0.6996,0,35,82.74,72.24,45.555323946392136
7640,59,66200.0,1100,13.65,0.791,29,0.6746,1,55,58.15,109.75,55.06684577888857
7641,49,50800.0,93,16.92,0.645,2,0.2883,1,95,55.74,144.61,94.38138375262204
7642,70,53600.0,59,21.34,0.508,1,0.2938,1,95,42.03,121.91,94.92436187084047
7643,32,32600.0,421,14.39,0.641,9,0.2803,0,55,44.85,29.61,54.311826904701924
7644,41,80600.0,87,19.93,1.724,5,0.4557,1,95,126.62,214.29,95.43054100194286
7645,63,64700.0,139,18.92,1.295,6,0.3765,0,95,110.68,106.72,95.91730356458157
7646,76,113300.0,870,31.23,0.586,17,0.8322,0,35,77.71,91.87,48.44755620972681
7647,18,70800.0,662,14.85,0.589,13,0.5737,1,55,41.63,106.52,54.761781385387145
7648,78,87000.0,276,26.69,0.326,3,0.5535,0,55,19.83,11.63,54.666407554902875
7649,53,59500.0,276,13.9,1.087,10,0.3866,0,55,64.48,72.2,54.99874277983571
7650,23,35700.0,623,18.37,0.482,10,0.3509,0,55,50.52,42.53,55.065118044040254
7651,18,39300.0,179,8.18,1.173,7,0.2536,1,95,41.11,135.23,85.2442023293505
7652,29,31000.0,194,17.36,0.928,6,0.2201,0,55,64.08,67.32,54.90506001747969
7653,55,84100.0,220,22.11,0.818,6,0.5185,0,55,70.68,91.78,53.54269267317776
7654,54,56700.0,827,18.99,0.689,19,0.5388,0,55,46.96,49.64,54.74118996206681
7655,66,87200.0,122,27.87,1.721,7,0.507,0,95,192.96,178.18,94.79289880242732
7656,46,66100.0,789,15.81,0.76,20,0.584,0,55,38.72,46.16,54.90326708575161
7657,36,55100.0,625,18.14,0.528,11,0.4662,0,55,42.31,53.68,54.96142038500671
7658,48,39000.0,247,17.37,0.364,3,0.2685,1,55,34.57,98.45,54.94598143587121
7659,56,71500.0,295,19.23,0.203,2,0.4644,0,55,12.58,2.63,55.68568674389159
7660,59,61200.0,1100,22.76,0.845,31,0.647,1,55,80.4,136.64,54.58806411175668
7661,42,81300.0,48,23.84,3.125,5,0.4479,1,95,297.89,392.71,86.13943310849739
7662,70,53000.0,227,15.05,1.189,9,0.3357,0,55,75.14,92.83,54.76758439946722
7663,44,75700.0,543,27.66,0.718,13,0.5669,1,55,87.12,148.29,53.81058423871502
7664,40,96500.0,524,27.28,0.515,9,0.6808,0,55,59.91,77.08,51.05025734940005
7665,46,68900.0,193,16.12,0.311,2,0.4173,0,55,27.34,20.24,55.2606292108952
7666,73,85100.0,2,18.5,5.0,1,0.4569,0,95,374.57,372.41,93.51441385568369
7667,53,76600.0,1093,20.39,0.741,27,0.7263,1,55,67.74,117.37,54.55111589541365
7668,43,102500.0,856,27.61,0.911,26,0.7889,1,35,103.54,148.33,49.24383097235163
7669,71,76000.0,178,10.33,1.517,9,0.4557,0,95,65.73,77.13,95.24016919312771
7670,90,86700.0,103,19.0,0.291,1,0.498,0,95,28.05,31.96,93.91548376079035
7671,59,65000.0,136,16.86,0.221,1,0.3774,1,95,14.73,110.67,95.3600327965935
7672,76,52900.0,266,10.75,0.338,3,0.346,1,55,18.53,77.71,55.1012570356642
7673,73,43200.0,103,11.37,1.748,6,0.2539,0,95,72.77,58.94,96.53898534067814
7674,45,89600.0,244,24.13,0.861,7,0.5595,1,55,69.0,119.89,53.6016832501162
7675,55,43800.0,61,14.13,0.492,1,0.2468,1,95,28.94,120.63,94.25350633930164
7676,33,76300.0,27,19.39,1.111,1,0.4114,0,95,80.17,80.04,95.54749335145632
7677,52,73100.0,132,14.07,0.227,1,0.424,1,95,28.61,117.09,95.12472751195322
7678,44,82100.0,48,21.25,0.625,1,0.4528,0,95,47.11,38.61,94.88578231920768
7679,48,52800.0,145,10.4,2.069,10,0.3123,1,95,92.56,171.58,97.70557008843264
7680,42,45800.0,807,24.17,0.929,25,0.4656,1,55,84.5,143.82,54.19446468569869
7681,50,71900.0,195,29.5,0.308,2,0.436,0,55,36.51,22.8,54.27683567261029
7682,64,60700.0,636,16.74,0.519,11,0.504,1,55,26.17,91.17,55.344436776886866
7683,53,38700.0,78,10.19,0.769,2,0.228,0,95,22.02,25.26,96.26196188844845
7684,23,99300.0,852,29.17,0.739,21,0.7746,1,55,88.87,152.73,51.21971842230741
7685,42,45800.0,904,19.83,0.796,24,0.4958,0,55,60.31,51.4,54.17952741183383
7686,29,38900.0,198,25.21,1.212,8,0.2562,0,55,128.51,147.15,54.50792756395251
7687,59,60700.0,9,29.81,3.333,1,0.3177,0,95,407.76,429.96,91.83988560368752
7688,64,93100.0,457,13.83,0.985,15,0.6434,1,55,42.08,97.39,55.198746232701886
7689,59,30000.0,141,20.29,0.426,2,0.205,0,95,43.32,47.25,94.31006968894211
7690,42,87000.0,144,21.94,1.042,5,0.5126,0,95,83.76,83.63,94.05400756077003
7691,59,46700.0,1100,19.75,0.736,27,0.562,1,55,55.48,120.55,54.69560357909384
7692,47,69000.0,24,24.24,3.75,3,0.3678,0,95,352.39,360.31,84.91188915707502
7693,36,47000.0,356,20.73,0.169,2,0.3386,0,55,3.04,0.0,55.25784326835332
7694,68,109400.0,347,31.41,0.951,11,0.7015,1,35,103.92,130.66,46.00403199433163
7695,69,70400.0,126,17.76,0.238,1,0.4061,0,95,13.67,17.6,95.03511093063767
7696,71,53300.0,146,13.23,0.822,4,0.3152,0,95,43.99,51.73,94.37609145830542
7697,45,56700.0,13,24.44,5.0,4,0.2978,0,95,485.83,487.32,93.03622142220188
7698,75,70900.0,114,16.28,0.263,1,0.4054,0,95,2.8,0.0,95.21770023428876
7699,47,67100.0,68,29.37,0.441,1,0.3697,0,95,36.15,41.72,95.50107961366773
7700,66,76400.0,60,17.64,0.5,1,0.422,1,95,35.36,148.61,95.08778078706582
7701,46,63200.0,56,17.58,0.536,1,0.3442,1,95,44.0,116.04,95.88992865167049
7702,51,35300.0,60,14.34,0.5,1,0.2098,0,95,30.66,40.06,94.34992443111008
7703,18,50500.0,90,9.87,1.0,3,0.2861,0,95,54.42,72.74,96.5704823142167
7704,50,76700.0,148,13.81,0.811,4,0.4507,0,95,44.49,53.93,94.57131815655401
7705,57,51300.0,141,22.26,1.064,5,0.3033,1,95,97.26,191.45,94.70319488818751
7706,48,77700.0,552,13.05,0.598,11,0.5817,1,55,31.05,95.02,54.63868971058997
7707,85,71700.0,173,33.35,0.173,1,0.4281,0,95,16.83,15.96,95.0964988213791
7708,35,56400.0,202,17.99,0.743,5,0.3475,1,55,52.15,112.57,53.88208080514044
7709,45,88100.0,721,18.07,0.707,17,0.6891,1,55,57.81,113.64,55.03777284795617
7710,40,30000.0,64,16.6,0.469,1,0.1898,0,95,38.16,39.28,94.25087985595353
7711,45,48800.0,130,5.01,0.231,1,0.2877,1,95,7.49,94.87,96.53053435700265
7712,73,94500.0,22,22.51,2.727,2,0.5208,0,95,258.2,253.56,86.31145737882524
7713,80,108400.0,40,25.23,0.75,1,0.6101,0,75,79.35,95.6,93.22520536856145
7714,43,110600.0,60,20.26,0.5,1,0.6287,0,75,43.13,36.94,94.37124441281784
7715,43,63700.0,1100,16.4,0.736,27,0.6609,1,55,60.3,95.74,54.99770551706038
7716,35,70600.0,377,28.22,0.716,9,0.4843,0,55,75.1,110.26,53.89634279299411
7717,77,86600.0,103,23.91,1.748,6,0.4974,0,95,178.6,174.24,94.20025021719643
7718,74,95600.0,177,26.34,0.169,1,0.5752,1,95,10.01,102.33,92.38154250885749
7719,53,71200.0,6,16.75,5.0,1,0.3752,1,95,332.87,423.85,93.45238298539296
7720,31,79600.0,959,15.32,0.688,22,0.7075,1,55,27.47,82.63,53.99677169826991
7721,33,70300.0,875,19.34,0.617,18,0.6341,1,55,49.74,97.15,54.49451656218848
7722,58,76600.0,539,9.2,0.223,4,0.5711,0,55,18.81,33.71,55.06637385428762
7723,64,47500.0,6,11.64,5.0,5,0.2511,0,95,225.3,223.3,95.94544091532434
7724,20,51100.0,145,11.4,1.034,5,0.3033,0,95,44.89,34.43,96.11331354614332
7725,50,53000.0,462,7.76,0.909,14,0.4037,1,55,26.44,52.75,54.23677442241892
7726,83,45600.0,392,20.09,0.689,9,0.3409,0,55,53.65,64.6,54.371500413113885
7727,51,30000.0,31,13.85,1.935,2,0.1836,1,95,98.82,189.41,94.90547386424356
7728,80,61100.0,94,16.07,0.319,1,0.3432,0,95,20.81,24.56,95.2170964033232
7729,66,61700.0,13,22.61,5.0,3,0.3241,0,95,464.76,455.47,93.26961738595492
7730,37,63600.0,1100,11.32,0.764,28,0.6604,1,55,30.59,86.52,55.009260227005385
7731,50,75700.0,659,14.64,0.728,16,0.602,1,55,44.47,99.2,54.55647798328917
7732,53,68600.0,1071,25.88,0.756,27,0.6796,1,55,80.04,144.25,54.580079709566945
7733,39,56400.0,36,29.87,4.167,5,0.3022,1,95,494.71,591.36,93.03830296043293
7734,39,42600.0,834,19.81,0.755,21,0.4544,0,55,62.05,50.82,54.33315568980235
7735,81,88600.0,367,25.65,0.49,6,0.5909,1,55,47.23,126.25,54.019731257998316
7736,38,59500.0,1100,16.02,0.791,29,0.6374,1,55,54.03,113.37,54.870878407604984
7737,73,59500.0,145,16.13,1.034,5,0.3487,1,95,66.15,151.7,95.0551383433225
7738,48,59700.0,764,20.09,0.746,19,0.5376,1,55,48.7,105.59,55.02062338787068
7739,55,49600.0,561,24.3,0.749,14,0.4133,0,55,58.41,62.32,53.99323416153501
7740,65,55900.0,853,20.52,0.633,18,0.5419,0,55,34.85,39.69,54.95322516683799
7741,45,51200.0,463,22.47,0.778,12,0.3934,1,55,66.65,125.28,54.00617592766053
7742,65,61000.0,405,14.57,0.444,6,0.4343,0,55,32.52,34.98,54.42590904748227
7743,20,71800.0,384,23.85,0.703,9,0.4938,0,55,61.23,70.4,53.35738887074195
7744,62,74900.0,243,17.88,0.494,4,0.4691,1,55,33.36,95.63,53.848832256812976
7745,18,90100.0,570,24.22,0.895,17,0.6586,1,55,81.48,143.94,53.61540126513492
7746,51,89600.0,133,26.52,1.805,8,0.5252,0,95,184.79,167.03,93.64010787067264
7747,70,109100.0,577,23.71,0.572,11,0.7564,1,35,71.87,89.53,46.100844284499715
7748,66,78900.0,153,16.75,0.784,4,0.4657,0,95,46.14,38.21,94.37934300925554
7749,33,72000.0,1100,22.61,0.736,27,0.7051,1,55,55.75,108.26,54.577250789504966
7750,35,50800.0,875,16.95,0.789,23,0.5175,1,55,46.33,93.74,54.41049902455517
7751,43,79900.0,88,22.67,0.682,2,0.4517,0,95,62.44,52.28,94.7070122019637
7752,58,51800.0,342,21.06,0.614,7,0.3615,0,55,47.14,49.52,53.85211130873661
7753,20,30000.0,69,21.04,0.87,2,0.1908,1,95,75.51,161.78,94.51399413881283
7754,55,97100.0,342,27.88,0.702,8,0.6331,1,55,72.44,103.41,50.38843861676362
7755,60,39800.0,50,18.63,3.6,6,0.2266,0,95,263.57,249.99,85.59050025805132
7756,50,73200.0,55,18.48,0.545,1,0.4014,0,95,34.63,28.53,95.9885513144099
7757,64,48300.0,1015,15.51,0.768,26,0.5456,0,55,46.92,44.33,54.80326280390065
7758,59,89500.0,129,25.7,1.163,5,0.5233,1,95,125.26,229.25,93.38837976485527
7759,46,89700.0,148,21.64,1.014,5,0.5305,1,95,94.33,193.67,93.99993082564711
7760,22,69500.0,571,22.68,0.683,13,0.5378,1,55,73.22,108.17,53.92693802345325
7761,57,91600.0,42,19.66,3.571,5,0.5092,0,95,270.32,284.85,85.75965055392945
7762,39,62000.0,300,28.95,0.1,1,0.4085,0,55,3.26,1.27,55.0284306685397
7763,45,109900.0,286,27.45,0.42,4,0.688,1,35,38.77,74.46,45.48086875645233
7764,63,82300.0,28,22.99,3.214,3,0.4478,0,95,295.53,296.74,86.03924287595878
7765,79,50900.0,565,15.22,0.584,11,0.4223,1,55,26.94,73.41,55.20959237452992
7766,54,66300.0,664,29.51,0.633,14,0.547,0,55,69.21,74.84,54.12502983413868
7767,64,63600.0,235,13.27,0.511,4,0.3985,0,55,32.6,13.12,53.8746828850514
7768,30,54700.0,504,14.69,0.595,10,0.4265,1,55,43.52,111.92,54.739236160130915
7769,59,31000.0,879,18.92,0.819,24,0.3984,0,55,67.53,69.4,54.3036913587709
7770,54,72900.0,552,22.13,0.924,17,0.5527,1,55,84.36,142.99,53.98733141848501
7771,76,40100.0,496,13.13,0.786,13,0.3396,0,55,35.98,41.25,55.243475804930746
7772,46,30000.0,121,11.76,1.488,6,0.2009,0,95,70.17,65.75,95.61574304545982
7773,51,57000.0,295,17.1,0.305,3,0.3777,1,55,29.99,97.7,55.90949598336105
7774,73,52700.0,249,18.42,0.723,6,0.3402,0,55,58.56,51.31,54.23199617996833
7775,53,46500.0,80,24.74,2.25,6,0.264,0,95,229.74,219.73,92.62871077559255
7776,36,30000.0,289,17.53,1.038,10,0.2366,0,55,80.39,81.88,55.879925930695684
7777,90,54100.0,213,23.23,1.408,10,0.3378,1,55,128.21,169.43,54.611111330846505
7778,37,57800.0,267,16.5,0.562,5,0.3741,1,55,42.16,91.5,54.26971691215061
7779,54,51500.0,92,20.3,1.63,5,0.2916,1,95,129.32,226.93,95.26407523621852
7780,61,74300.0,838,13.37,0.716,20,0.6461,0,55,43.05,50.4,54.39755415034135
7781,60,95200.0,930,25.19,0.806,25,0.774,0,55,91.03,90.65,52.76263558484186
7782,52,75200.0,721,21.87,0.915,22,0.6174,0,55,92.47,83.43,54.07434118968115
7783,52,86000.0,46,32.01,0.652,1,0.476,0,95,88.24,84.87,94.96642297039759
7784,51,87500.0,438,30.91,0.342,5,0.6056,1,55,45.44,93.76,53.65496732745635
7785,36,39800.0,80,14.68,3.0,8,0.2332,1,95,187.26,281.29,85.87362303197494
7786,90,81200.0,59,18.09,1.525,3,0.4507,0,95,103.43,97.23,95.00552180805683
7787,51,85100.0,660,18.82,0.727,16,0.6561,1,55,66.3,111.52,54.740545725328445
7788,65,57800.0,48,17.2,0.625,1,0.3127,1,95,44.05,128.03,95.33613159340989
7789,49,47200.0,112,23.59,0.268,1,0.2752,0,95,26.39,8.01,94.08474542443057
7790,49,74900.0,30,23.31,1.0,1,0.404,1,95,89.63,195.45,95.6536448031345
7791,47,32300.0,870,17.44,0.69,20,0.4034,1,55,38.75,100.91,54.85601458115639
7792,29,37000.0,177,19.61,0.847,5,0.2426,0,95,78.21,65.93,93.3902554811599
7793,52,50400.0,1025,12.59,0.761,26,0.5614,0,55,41.56,48.06,54.71055238889621
7794,48,73100.0,365,17.42,0.082,1,0.4959,0,55,2.76,3.18,55.288968899958725
7795,75,73600.0,376,23.64,0.878,11,0.5024,0,55,85.82,72.9,54.54764863632886
7796,35,82700.0,495,18.51,0.788,13,0.5943,1,55,55.65,100.15,53.868855349709264
7797,45,43600.0,175,8.91,0.857,5,0.2732,0,95,16.91,15.41,95.63253427864647
7798,40,41500.0,1100,10.81,0.736,27,0.5303,1,55,30.4,92.81,54.723239882855964
7799,80,81000.0,321,27.42,0.748,8,0.5308,0,55,70.78,76.73,54.251183269480116
7800,40,45200.0,348,14.91,0.776,9,0.3265,1,55,48.18,97.8,54.079874965968834
7801,65,54300.0,46,19.27,1.304,2,0.294,0,95,113.2,117.79,95.42443258899108
7802,71,30000.0,1100,9.34,0.791,29,0.4597,1,55,24.42,77.79,54.641651358166186
7803,53,70700.0,169,22.5,0.888,5,0.4208,1,95,86.25,173.9,95.60137275037219
7804,32,92800.0,79,22.57,3.038,8,0.5281,0,95,269.15,278.76,86.27794706061923
7805,32,38800.0,298,18.05,0.503,5,0.2802,0,55,36.15,37.71,54.47105387635269
7806,70,89500.0,529,21.04,0.681,12,0.6437,0,55,50.29,55.4,54.71293947102144
7807,34,59600.0,72,21.46,2.917,7,0.3289,1,95,255.35,339.37,86.11016484234815
7808,62,30000.0,796,11.86,0.716,19,0.3682,1,55,44.74,94.54,55.30951805305376
7809,57,46600.0,332,16.59,0.994,11,0.3297,0,55,67.5,75.7,55.26437529540345
7810,61,46100.0,1041,15.56,0.749,26,0.5402,0,55,50.9,48.1,54.824138653144196
7811,63,60000.0,37,19.13,0.811,1,0.3215,0,95,66.33,64.1,95.65496868369951
7812,39,70600.0,530,21.99,0.906,16,0.5319,1,55,77.7,122.09,53.546453864497984
7813,38,100400.0,164,22.59,1.098,6,0.5999,1,75,109.67,186.64,93.83099547692034
7814,67,37300.0,1100,15.0,0.627,23,0.5045,0,55,33.48,22.69,55.09828916751444
7815,44,52600.0,288,18.82,0.833,8,0.3506,1,55,50.13,108.79,54.814543871155415
7816,18,38800.0,308,18.36,0.487,5,0.2827,0,55,28.39,18.47,54.42311737389587
7817,66,40600.0,334,15.71,1.078,12,0.2985,1,55,72.67,125.57,54.96581398416824
7818,37,63400.0,507,15.07,1.065,18,0.4805,1,55,61.1,131.85,54.710240277968985
7819,63,66600.0,476,20.42,1.134,18,0.4905,0,55,93.37,97.03,54.68297712279535
7820,79,31700.0,354,18.11,0.847,10,0.2595,0,55,59.45,55.98,54.62783298534777
7821,55,65400.0,124,13.14,0.484,2,0.3762,0,95,26.89,35.45,95.58450819337799
7822,72,43100.0,543,9.86,0.829,15,0.3699,1,55,41.44,89.21,55.19116047823157
7823,58,65800.0,116,16.56,0.259,1,0.3762,0,95,29.36,19.5,95.64614003307639
7824,82,97100.0,829,23.6,1.013,28,0.7598,1,55,87.87,139.23,52.408998624801136
7825,37,71100.0,356,9.68,1.011,12,0.4808,1,55,46.6,112.59,54.83270902553124
7826,55,68700.0,58,23.18,1.034,2,0.376,0,95,97.45,107.87,96.6704469514709
7827,66,56100.0,770,17.5,0.857,22,0.5174,0,55,50.2,45.24,55.335310942597815
7828,52,65800.0,706,8.11,0.68,16,0.5569,0,55,26.01,23.17,55.198159869124844
7829,75,80800.0,93,16.55,0.323,1,0.4587,0,95,36.17,40.37,94.52464586531492
7830,48,73300.0,226,19.49,0.133,1,0.454,1,55,4.46,83.75,55.313300543313346
7831,90,69900.0,431,11.62,0.766,11,0.4968,0,55,33.77,31.4,54.594167110093
7832,90,76600.0,941,26.34,0.733,23,0.6872,0,55,64.38,78.21,54.040624679322036
7833,60,38400.0,658,16.69,0.821,18,0.3763,0,55,53.88,56.37,55.02711211071911
7834,64,51400.0,1100,21.1,0.764,28,0.5902,1,55,65.76,129.3,54.55420740066508
7835,75,83900.0,181,17.44,0.994,6,0.5051,0,55,85.13,95.27,55.90342654233094
7836,35,78700.0,955,23.86,0.817,26,0.7018,0,55,70.5,72.26,53.59779414680491
7837,33,62600.0,98,16.09,0.306,1,0.3527,0,95,27.41,27.12,95.25230080898044
7838,76,100300.0,199,24.08,1.206,8,0.6098,0,35,118.57,116.5,47.01458060240927
7839,60,76700.0,162,23.27,0.556,3,0.455,1,95,69.63,168.13,94.08457034398411
7840,51,59300.0,33,18.54,1.818,2,0.3167,0,95,136.22,148.1,96.26817557547045
7841,55,39400.0,237,19.95,1.139,9,0.268,0,55,90.48,103.71,54.85490184672538
7842,18,87800.0,619,23.87,0.921,19,0.6596,0,55,94.71,106.82,53.758892425801314
7843,52,80600.0,366,19.77,0.82,10,0.5423,1,55,68.76,119.1,53.73998331175113
7844,42,100200.0,490,29.24,0.796,13,0.6913,1,35,100.59,129.9,45.75210188103769
7845,71,113700.0,667,32.32,0.855,19,0.7955,0,35,115.02,106.74,46.26930073344995
7846,72,41400.0,148,16.65,0.203,1,0.2561,1,95,1.72,98.26,94.04008206361868
7847,65,40000.0,593,22.68,0.607,12,0.3666,1,55,59.24,123.57,55.072625429739546
7848,62,30000.0,803,13.32,0.71,19,0.3702,1,55,41.82,91.17,55.310526945101174
7849,30,79300.0,1100,21.26,0.655,24,0.741,1,55,49.78,102.95,54.13126095002892
7850,65,80800.0,101,22.14,0.594,2,0.4612,0,95,54.92,61.39,94.1146244050778
7851,66,69300.0,813,19.75,0.701,19,0.6101,0,55,40.69,37.48,55.18305730816515
7852,76,43500.0,1093,14.97,0.769,28,0.5403,1,55,48.09,101.19,54.70758068222994
7853,90,70100.0,387,16.94,0.775,10,0.4843,1,55,57.99,124.14,54.587140351209214
7854,26,63100.0,343,14.49,1.05,12,0.4281,0,55,68.53,68.77,54.71530392666746
7855,48,80000.0,91,22.55,1.319,4,0.4532,1,95,124.58,212.38,95.00813887795023
7856,42,68100.0,509,26.21,0.766,13,0.51,1,55,73.22,129.18,53.887298609187106
7857,58,79500.0,549,26.0,0.71,13,0.5915,0,55,62.12,66.45,53.86925177992906
7858,55,62400.0,194,21.3,0.773,5,0.3793,0,55,73.39,98.43,53.66110845035241
7859,51,89000.0,627,29.6,0.766,16,0.6684,0,55,93.93,109.12,53.65527716646103
7860,72,81700.0,277,22.35,1.516,14,0.5214,0,55,139.48,171.4,54.85777735320703
7861,36,36300.0,291,10.5,0.309,3,0.2662,0,55,26.43,15.77,55.755387951619035
7862,37,90600.0,354,21.84,0.508,6,0.5988,1,55,31.52,100.43,53.3650644746662
7863,38,87300.0,165,22.79,0.182,1,0.521,0,95,31.02,46.54,93.82177729309372
7864,49,73600.0,752,18.48,0.798,20,0.6172,1,55,54.49,109.8,54.414162047105336
7865,34,66700.0,52,23.06,1.154,2,0.3628,1,95,113.04,204.12,96.87697125770775
7866,54,99600.0,244,29.62,0.492,4,0.6189,0,55,58.19,65.56,47.3320923321153
7867,52,30100.0,204,5.85,1.176,8,0.2185,0,55,24.75,21.49,54.70001318767221
7868,42,88500.0,978,22.55,0.798,26,0.755,1,55,59.91,103.47,53.19326263574511
7869,70,58000.0,856,4.18,0.841,24,0.5556,1,55,8.68,49.51,54.60620465839166
7870,54,87800.0,18,22.71,5.0,4,0.4784,0,95,457.94,442.97,93.47947850256166
7871,73,71100.0,86,20.15,0.349,1,0.3982,0,95,30.97,33.3,95.76534357373627
7872,52,38300.0,936,24.63,0.801,25,0.4597,1,55,86.53,148.24,54.1442364659835
7873,55,54600.0,116,25.57,0.259,1,0.314,0,95,20.96,11.21,94.31404427452411
7874,45,84500.0,46,27.34,1.304,2,0.4668,0,95,148.58,153.42,94.4155917679756
7875,55,60600.0,87,14.29,0.69,2,0.3385,0,95,39.97,44.74,95.24906867074151
7876,67,54300.0,869,13.06,0.759,22,0.5371,1,55,44.71,103.18,54.653374927911045
7877,48,50400.0,76,12.08,0.395,1,0.282,1,95,23.19,124.99,95.5102937774234
7878,64,80300.0,306,29.68,1.078,11,0.5218,1,55,124.21,181.36,54.21373308979839
7879,41,99000.0,65,20.3,0.462,1,0.5616,1,95,39.53,147.86,94.35852063458448
7880,68,30000.0,208,12.57,1.01,7,0.2189,0,55,54.47,60.71,55.239420256475015
7881,45,120000.0,889,23.5,0.607,18,0.8569,1,35,63.35,85.8,48.653750096576005
7882,69,72100.0,928,14.52,0.744,23,0.6592,1,55,55.25,128.65,54.39463269706397
7883,56,77400.0,74,23.27,2.838,7,0.4322,1,95,259.09,344.48,86.24965006097918
7884,81,61000.0,73,19.92,3.699,9,0.3368,1,95,285.41,380.24,85.16094519138726
7885,35,60900.0,203,8.01,0.148,1,0.3733,1,55,15.04,95.56,55.068331280579514
7886,30,64000.0,218,13.09,0.413,3,0.3958,0,55,11.33,16.23,54.09452588605207
7887,45,41000.0,433,17.43,0.624,9,0.3271,0,55,51.77,43.55,54.675126776970465
7888,31,43300.0,319,16.13,1.411,15,0.3086,0,55,83.76,87.13,54.67171680928419
7889,31,85100.0,1,20.76,5.0,1,0.4566,1,95,410.16,510.39,93.56666648838997
7890,66,34600.0,1100,18.22,0.845,31,0.4879,0,55,60.95,62.96,54.40162528974733
7891,55,74300.0,156,13.93,0.962,5,0.4386,0,95,41.99,36.92,95.07534463525872
7892,47,55600.0,92,15.37,0.326,1,0.3129,0,95,12.28,0.0,94.83433876262917
7893,48,43400.0,70,19.1,0.429,1,0.2471,1,95,19.39,102.74,94.3834446414264
7894,45,104400.0,286,22.41,0.524,5,0.6582,1,35,52.33,79.53,45.65785222557704
7895,83,50600.0,172,19.15,1.919,11,0.3079,0,95,146.9,159.85,95.23901602121178
7896,42,38700.0,100,10.07,0.9,3,0.2328,0,95,36.37,24.18,96.06734044224739
7897,33,56700.0,760,14.39,0.868,22,0.518,1,55,49.47,106.03,54.45666031086556
7898,69,51700.0,175,8.84,0.171,1,0.3145,1,95,5.91,114.89,96.58060193811251
7899,51,64300.0,34,9.36,0.882,1,0.3442,0,95,29.17,35.67,98.79915600566359
7900,90,75300.0,668,18.92,0.853,19,0.6023,0,55,72.21,86.42,54.721916961004055
7901,46,68100.0,241,22.47,0.373,3,0.4271,1,55,19.42,68.56,53.94279062721999
7902,69,65200.0,195,19.21,0.769,5,0.396,0,55,47.55,53.83,54.19527274064768
7903,73,53900.0,374,23.89,0.561,7,0.3829,1,55,64.47,130.98,54.56460803488496
7904,46,76700.0,14,19.54,5.0,3,0.4098,1,95,392.94,497.35,93.48090616216838
7905,42,60100.0,15,8.41,4.0,2,0.3161,1,95,118.36,222.26,91.6046513089944
7906,68,57200.0,309,20.3,0.971,10,0.3829,0,55,81.4,69.45,55.99205779039931
7907,65,98100.0,549,19.32,0.874,16,0.6959,1,55,54.83,116.5,50.287796890381784
7908,31,57700.0,13,19.28,2.308,1,0.3029,0,95,188.4,193.27,93.17949740292946
7909,36,84100.0,112,11.19,1.607,6,0.4849,1,95,79.29,172.79,97.8484357524017
7910,18,83400.0,869,21.13,0.69,20,0.7036,0,55,75.1,69.05,53.29331842374687
7911,65,94000.0,850,27.61,0.812,23,0.7506,1,55,87.29,146.79,52.637872261126276
7912,51,78700.0,426,24.71,0.352,5,0.5492,1,55,25.06,70.18,53.902686986887495
7913,52,64400.0,462,18.41,0.584,9,0.4726,1,55,38.68,89.37,54.54824040556017
7914,26,57900.0,1100,18.43,0.927,34,0.6282,1,55,64.2,128.62,54.624554573563465
7915,36,56100.0,70,15.93,1.714,4,0.3096,0,95,112.3,122.72,95.64055812369807
7916,47,30000.0,382,13.01,0.864,11,0.2582,1,55,30.31,90.13,54.42720998244845
7917,44,77900.0,352,24.82,0.511,6,0.5214,1,55,50.69,101.09,53.470448369235235
7918,57,70500.0,102,16.83,0.294,1,0.3995,0,95,11.68,0.56,95.6557247273602
7919,65,84300.0,345,19.39,0.696,8,0.5583,1,55,49.88,97.08,54.04920383184361
7920,90,69500.0,492,12.53,0.732,12,0.5133,1,55,47.75,115.61,55.08392898071705
7921,55,79000.0,84,25.08,2.857,8,0.445,0,95,294.64,296.58,86.24165435072828
7922,74,39900.0,74,14.39,2.027,5,0.2323,1,95,122.51,216.49,94.61181137651603
7923,41,37600.0,1025,9.33,0.761,26,0.483,1,55,33.49,90.13,54.71058681584307
7924,27,30000.0,111,18.61,0.811,3,0.199,0,95,58.26,65.1,94.10167738302141
7925,49,61000.0,304,18.64,0.987,10,0.4037,1,55,73.2,117.94,55.77473069475504
7926,28,43400.0,45,12.53,0.667,1,0.2413,0,95,20.85,15.99,94.08751945765309
7927,55,46000.0,248,21.09,0.121,1,0.3039,0,55,0.34,6.8,55.24439625667804
7928,42,69400.0,461,18.43,0.911,14,0.503,0,55,68.17,70.57,54.01096086974861
7929,22,49500.0,73,9.31,0.822,2,0.2768,0,95,21.65,32.71,96.68749969357978
7930,85,40900.0,44,20.66,0.682,1,0.23,0,95,61.88,69.41,94.61960295229385
7931,46,116600.0,504,23.02,0.357,6,0.7733,1,35,32.47,59.75,45.95935034994287
7932,27,58600.0,632,33.62,0.854,18,0.4898,1,55,112.47,134.09,53.25673287676052
7933,70,45300.0,381,14.29,0.63,8,0.3362,1,55,31.16,88.2,54.426261246724124
7934,43,48500.0,1019,6.93,0.795,27,0.548,1,55,25.64,70.19,54.59390351436193
7935,74,65200.0,290,28.28,0.621,6,0.4246,1,55,75.67,135.75,54.48518313523124
7936,43,58900.0,439,18.28,0.752,11,0.432,0,55,47.94,63.85,54.110674257380566
7937,46,90500.0,125,24.58,0.24,1,0.5282,1,95,19.4,104.11,93.5720878007142
7938,61,64500.0,89,21.31,0.674,2,0.3609,0,95,55.95,62.41,96.02086716676872
7939,65,106000.0,606,18.82,0.842,17,0.749,1,35,65.95,109.66,46.33537565003499
7940,68,58500.0,197,7.67,0.609,4,0.3579,0,55,21.15,24.61,53.88780967486443
7941,53,73600.0,54,30.54,0.556,1,0.4034,0,95,67.1,70.38,95.16515996743945
7942,64,88300.0,158,15.16,1.139,6,0.525,0,95,74.73,53.97,94.27419471994776
7943,68,92700.0,186,31.82,1.129,7,0.5605,1,55,142.61,198.27,53.94320346744236
7944,58,93100.0,483,26.33,0.559,9,0.6508,1,55,47.7,102.61,53.576597512721555
7945,53,58900.0,986,19.44,0.761,25,0.6005,0,55,69.87,80.37,54.66229354079566
7946,30,59900.0,45,16.37,0.667,1,0.3231,0,95,51.51,61.11,95.3178430736479
7947,65,30000.0,1100,25.77,0.764,28,0.4597,1,55,67.74,117.63,54.303853458462626
7948,56,61100.0,1100,15.43,0.873,32,0.6464,1,55,55.31,91.31,54.84586827113124
7949,48,86500.0,183,19.38,0.984,6,0.5217,0,55,86.68,70.72,55.05303144915236
7950,77,88200.0,632,26.32,1.044,22,0.6654,0,55,107.48,121.57,54.765881319558
7951,31,58400.0,326,15.12,0.828,9,0.395,0,55,56.25,55.48,53.907165496759355
7952,83,106300.0,89,20.62,0.674,2,0.6123,0,75,64.48,50.01,93.87163647731543
7953,55,56900.0,214,17.98,0.701,5,0.3537,1,55,52.56,94.34,53.97295973437844
7954,60,51000.0,64,20.82,0.938,2,0.282,0,95,95.26,97.57,95.04118207578948
7955,48,53800.0,226,27.2,0.929,7,0.3398,0,55,106.27,107.48,54.42643638931408
7956,27,35800.0,298,25.52,0.403,4,0.2655,0,55,41.95,58.51,53.80389825920361
7957,53,77700.0,17,12.44,1.765,1,0.4167,1,95,86.49,180.69,95.69922065166662
7958,61,72300.0,933,25.79,0.675,21,0.6617,1,55,69.26,128.12,54.13715831376169
7959,66,80000.0,246,16.82,1.098,9,0.5013,0,55,69.36,68.94,54.923939319918794
7960,52,55700.0,359,13.42,0.251,3,0.3889,0,55,4.57,12.76,55.53732836179158
7961,18,56400.0,434,15.5,0.76,11,0.4155,0,55,39.93,57.53,53.81686082423955
7962,29,30000.0,764,11.22,0.589,15,0.3589,0,55,25.29,34.74,55.218354136967534
7963,90,79900.0,172,16.37,1.047,6,0.4777,0,95,74.98,94.69,94.37127726294406
7964,36,63300.0,743,7.61,0.686,17,0.5531,0,55,23.49,28.9,55.011850788849735
7965,79,46700.0,181,23.98,0.166,1,0.2901,0,55,17.28,1.41,55.572029517079045
7966,39,59600.0,538,23.17,0.892,16,0.4668,1,55,99.63,146.39,53.995404809945235
7967,52,59000.0,29,18.51,1.034,1,0.314,1,95,90.02,193.23,95.92460544426584
7968,66,104300.0,727,20.55,0.743,18,0.7689,0,35,53.77,51.36,46.928627172477164
7969,41,39900.0,281,21.9,0.961,9,0.2814,1,55,89.82,144.84,55.60009333033422
7970,82,77400.0,74,21.04,2.432,6,0.4322,0,95,195.18,187.08,90.67636288010738
7971,56,42300.0,1100,13.21,0.627,23,0.5352,0,55,35.27,49.72,54.99357958245792
7972,63,54900.0,383,9.76,0.627,8,0.3913,0,55,13.49,28.81,54.31872241932264
7973,50,69800.0,219,22.91,1.233,9,0.4306,0,55,108.14,105.85,54.61982403743578
7974,66,62800.0,222,17.49,1.216,9,0.3899,1,55,90.06,142.87,54.84507454074912
7975,82,70300.0,118,21.6,1.78,7,0.4031,0,95,150.16,162.91,96.08562595711395
7976,53,71600.0,192,21.33,1.875,12,0.4333,0,55,151.34,161.8,54.45928566752593
7977,84,60400.0,199,21.98,0.452,3,0.3693,0,55,34.24,17.93,53.77085073289588
7978,45,81600.0,26,23.07,2.308,2,0.443,0,95,205.43,212.23,92.96780872823918
7979,68,61200.0,449,17.4,0.668,10,0.4491,1,55,49.79,109.75,54.84663736059605
7980,63,64600.0,9,22.21,3.333,1,0.3388,0,95,305.73,307.59,85.90059262612681
7981,37,69000.0,143,24.85,0.629,3,0.4029,0,95,60.95,52.17,95.55394846940113
7982,59,70600.0,345,28.07,0.261,3,0.4744,0,55,37.54,28.98,55.137030497382824
7983,55,78500.0,751,15.92,0.679,17,0.645,1,55,38.65,62.67,54.99525043947622
7984,40,68700.0,90,25.61,0.333,1,0.3854,0,95,33.3,26.74,95.78360966150775
7985,61,76000.0,550,13.21,0.818,15,0.5709,1,55,57.49,92.79,54.324928836269684
7986,57,58600.0,813,23.61,0.664,18,0.546,1,55,61.29,110.88,54.567862420154334
7987,54,42400.0,965,13.16,0.591,19,0.4938,1,55,39.67,98.69,54.92874997477908
7988,54,34800.0,1100,19.18,0.818,30,0.4891,1,55,57.0,100.32,54.33884733942256
7989,53,30000.0,59,21.71,0.508,1,0.1888,0,95,43.95,57.27,94.69575566983241
7990,49,100800.0,4,26.02,5.0,1,0.5537,1,75,513.53,608.09,94.10139630229907
7991,57,30000.0,1100,14.26,0.682,25,0.4597,1,55,39.43,96.8,55.04286190949421
7992,44,87900.0,147,22.69,1.429,7,0.5191,0,95,131.61,137.7,94.12221267190422
7993,90,54800.0,1100,15.87,0.764,28,0.6103,0,55,54.55,38.37,54.771917083405015
7994,31,85100.0,491,28.39,0.611,10,0.6073,0,55,64.75,66.59,53.92173054785144
7995,45,30000.0,1100,13.96,0.6,22,0.4597,0,55,32.17,18.11,54.82621822177575
7996,46,58300.0,357,7.87,1.345,16,0.4036,0,55,51.85,34.61,54.4705437634945
7997,90,102500.0,851,29.8,0.952,27,0.7879,1,35,103.81,126.15,48.922091469446144
7998,33,75600.0,172,25.5,1.57,9,0.4514,1,95,140.34,233.79,94.36763654917303
7999,62,59300.0,455,19.11,0.593,9,0.4394,1,55,40.1,94.69,54.73380208798389
8000,59,30000.0,540,10.56,0.667,12,0.2976,0,55,33.06,32.33,55.13635423266775
